Date,USEquity,Europe,EmergMarkets,GovBonds,CorpBonds
2018-01-02,224.65,116.23,43.05,180.38,96.37
2018-01-03,226.09,117.0,43.47,180.8,96.63
2018-01-04,227.0,118.96,43.68,180.11,96.32
2018-01-05,228.6,120.25,44.06,180.3,96.54
2018-01-08,228.98,120.55,44.06,181.04,97.01
2018-01-09,229.27,120.76,43.99,181.4,97.13
2018-01-10,229.02,120.33,43.71,180.94,96.48
2018-01-11,230.63,119.84,43.98,179.26,96.19
2018-01-12,232.19,120.42,44.4,178.69,95.7
2018-01-16,231.37,120.73,44.23,178.05,95.11
2018-01-17,233.55,120.43,44.81,178.03,94.9
2018-01-18,233.17,120.7,44.87,177.78,94.4
2018-01-19,234.19,121.64,45.23,177.84,94.21
2018-01-22,236.08,122.18,45.49,177.73,94.09
2018-01-23,236.59,122.41,45.71,177.7,93.99
2018-01-24,236.46,121.44,46.09,177.02,93.06
2018-01-25,236.6,121.0,46.07,176.05,92.51
2018-01-26,239.41,121.58,46.7,176.74,93.13
2018-01-29,237.79,121.43,46.0,176.8,93.43
2018-01-30,235.2,120.22,45.37,176.5,93.14
2018-01-31,235.32,120.31,45.76,175.85,92.65
2018-02-01,235.16,119.25,45.14,175.4,92.52
2018-02-02,230.18,117.44,43.99,174.75,91.92
2018-02-05,220.74,115.96,42.44,175.1,91.85
2018-02-06,224.59,113.16,43.83,176.44,92.47
2018-02-07,223.47,115.15,42.44,176.94,93.14
2018-02-08,215.08,112.58,40.97,177.0,92.71
2018-02-09,218.3,110.87,41.63,177.3,92.4
2018-02-12,221.33,112.28,42.28,176.92,92.17
2018-02-13,221.91,111.36,42.61,176.48,91.2
2018-02-14,224.89,112.33,43.67,176.07,90.69
2018-02-15,227.6,112.99,44.57,175.6,90.44
2018-02-16,227.68,114.23,44.43,176.57,91.14
2018-02-20,226.36,114.5,43.82,176.65,91.45
2018-02-21,225.11,114.34,43.78,176.92,91.6
2018-02-22,225.33,114.4,43.81,177.1,91.47
2018-02-23,228.94,114.72,44.59,177.87,91.64
2018-02-26,231.63,115.44,45.0,177.53,92.0
2018-02-27,228.69,115.27,43.69,177.77,91.94
2018-02-28,226.15,114.63,43.06,178.55,92.27
2018-03-01,223.14,113.31,42.98,178.79,92.13
2018-03-02,224.27,110.82,43.16,178.05,91.13
2018-03-05,226.74,111.84,43.23,177.76,91.07
2018-03-06,227.34,111.93,43.63,176.99,90.83
2018-03-07,227.23,112.58,43.67,177.13,90.68
2018-03-08,228.25,113.78,43.68,177.99,91.33
2018-03-09,232.21,114.02,44.62,177.47,91.08
2018-03-12,231.92,114.32,44.72,177.85,91.07
2018-03-13,230.44,113.25,44.32,177.23,90.55
2018-03-14,229.12,113.03,44.39,177.88,90.94
2018-03-15,228.94,113.8,44.23,178.57,90.64
2018-03-16,229.33,114.58,44.13,178.9,90.89
2018-03-19,226.08,113.16,43.66,178.78,90.6
2018-03-20,226.41,113.74,44.14,179.01,90.7
2018-03-21,225.99,113.37,44.4,178.92,90.4
2018-03-22,220.31,111.61,42.92,179.39,90.27
2018-03-23,215.69,109.94,42.05,179.36,90.0
2018-03-26,221.55,109.29,43.41,178.49,89.43
2018-03-27,217.72,110.56,42.62,178.6,89.86
2018-03-28,217.08,111.04,42.41,179.32,90.74
2018-03-29,220.07,112.05,43.3,179.84,91.39
2018-04-02,215.16,,42.52,,
2018-04-03,217.87,111.56,42.94,179.94,91.35
2018-04-04,220.39,111.35,42.96,179.68,91.06
2018-04-05,221.9,114.33,43.06,179.58,91.64
2018-04-06,217.04,113.6,42.22,179.6,91.63
2018-04-09,217.76,113.83,42.27,179.05,91.19
2018-04-10,221.41,114.63,43.09,178.8,91.3
2018-04-11,220.18,113.99,43.11,178.81,91.06
2018-04-12,222.0,114.8,43.09,178.94,91.3
2018-04-13,221.36,114.93,42.66,178.9,91.29
2018-04-16,223.15,114.7,42.71,178.48,90.8
2018-04-17,225.53,115.93,42.8,178.9,91.07
2018-04-18,225.72,116.36,43.17,178.39,90.7
2018-04-19,224.43,116.22,42.92,177.96,90.14
2018-04-20,222.51,116.47,42.38,178.5,90.63
2018-04-23,222.52,117.1,42.04,178.27,90.71
2018-04-24,219.55,117.03,41.84,178.04,90.66
2018-04-25,219.95,116.19,41.52,178.16,90.52
2018-04-26,222.24,116.87,42.12,179.34,91.3
2018-04-27,222.49,117.29,42.38,179.53,91.59
2018-04-30,220.67,117.88,42.08,179.82,91.87
2018-05-01,221.23,,41.87,,
2018-05-02,219.64,118.46,41.54,180.44,92.23
2018-05-03,219.14,117.64,41.45,181.32,92.47
2018-05-04,221.95,118.35,41.64,181.22,92.47
2018-05-07,222.72,118.81,41.4,181.5,92.68
2018-05-08,222.66,118.6,41.63,181.67,92.8
2018-05-09,224.82,118.99,41.71,181.61,92.95
2018-05-10,226.92,,42.58,181.17,93.07
2018-05-11,227.31,118.85,42.51,180.94,93.03
2018-05-14,227.51,118.86,42.56,180.26,92.66
2018-05-15,225.95,118.81,41.68,180.67,92.9
2018-05-16,226.87,118.76,42.31,181.32,93.18
2018-05-17,226.68,119.74,41.66,180.94,93.07
2018-05-18,226.08,119.13,41.32,181.43,93.44
2018-05-21,227.75,,41.57,181.43,93.44
2018-05-22,227.04,119.58,41.71,180.89,93.32
2018-05-23,227.77,118.06,41.69,182.49,94.33
2018-05-24,227.31,117.39,41.47,182.98,94.51
2018-05-25,226.78,117.18,41.64,183.9,95.15
2018-05-29,224.16,114.27,40.67,185.21,96.6
2018-05-30,227.0,114.71,40.99,183.97,95.31
2018-05-31,225.44,113.55,40.97,184.54,95.53
2018-06-01,227.89,115.12,41.55,183.83,95.31
2018-06-04,228.91,115.65,41.97,183.48,95.02
2018-06-05,229.07,115.23,41.65,183.49,95.12
2018-06-06,231.03,115.36,42.27,181.59,93.83
2018-06-07,230.86,115.33,41.63,180.86,93.45
2018-06-08,231.59,114.91,41.55,181.96,94.15
2018-06-11,231.83,116.01,41.55,181.33,93.67
2018-06-12,232.24,115.85,41.44,181.28,93.76
2018-06-13,231.3,115.99,41.16,181.71,93.99
2018-06-14,231.87,117.57,40.88,183.51,94.42
2018-06-15,231.64,116.83,40.56,183.97,94.7
2018-06-18,231.15,115.55,40.07,184.25,94.39
2018-06-19,230.22,114.51,39.63,184.82,94.76
2018-06-20,230.61,114.65,39.8,184.69,94.62
2018-06-21,229.15,113.45,39.24,184.2,94.07
2018-06-22,229.57,114.72,39.64,183.94,93.77
2018-06-25,226.42,112.31,39.11,183.48,93.41
2018-06-26,226.92,112.29,38.96,183.4,93.58
2018-06-27,224.97,113.24,38.21,184.51,94.63
2018-06-28,226.36,112.18,38.53,184.72,94.62
2018-06-29,226.53,113.19,39.11,183.77,94.17
2018-07-02,227.23,112.41,38.72,184.57,94.56
2018-07-03,226.1,113.54,38.75,184.27,94.55
2018-07-05,228.05,114.7,38.65,183.89,94.31
2018-07-06,229.99,114.95,39.18,183.28,94.17
2018-07-09,232.01,115.35,39.89,183.08,94.18
2018-07-10,232.82,115.78,39.8,182.99,94.37
2018-07-11,231.17,114.08,39.02,182.99,94.44
2018-07-12,233.19,114.85,39.55,182.1,94.97
2018-07-13,233.44,115.15,39.58,182.46,95.31
2018-07-16,233.2,114.97,39.36,181.84,94.81
2018-07-17,234.13,115.25,39.65,182.02,94.91
2018-07-18,234.64,116.17,39.61,182.5,95.34
2018-07-19,233.71,115.72,39.12,182.93,95.67
2018-07-20,233.49,115.33,39.68,181.86,94.5
2018-07-23,233.91,115.14,39.42,181.53,94.16
2018-07-24,235.03,116.11,40.0,181.44,94.49
2018-07-25,237.17,115.61,40.65,182.09,95.1
2018-07-26,236.45,116.98,40.19,181.92,95.07
2018-07-27,234.9,117.57,40.34,181.97,95.36
2018-07-30,233.55,117.08,40.28,180.99,94.62
2018-07-31,234.69,117.52,40.49,181.04,95.06
2018-08-01,234.45,,40.13,180.9,95.08
2018-08-02,235.6,115.64,39.6,181.53,95.44
2018-08-03,236.7,116.08,39.91,182.08,95.9
2018-08-06,237.53,116.11,39.6,182.58,96.43
2018-08-07,238.2,116.81,40.01,182.16,96.01
2018-08-08,238.14,116.45,39.95,181.96,95.59
2018-08-09,237.8,116.47,39.83,182.52,95.92
2018-08-10,236.11,114.21,38.99,184.84,97.37
2018-08-13,235.16,113.66,38.34,184.78,97.4
2018-08-14,236.66,113.65,38.58,185.31,98.01
2018-08-15,234.86,111.97,37.47,185.93,98.41
2018-08-16,236.72,112.59,37.7,184.98,97.88
2018-08-17,237.51,112.43,38.1,184.99,97.91
2018-08-20,238.09,113.12,38.27,184.92,98.0
2018-08-21,238.58,113.72,38.76,183.88,97.09
2018-08-22,238.49,114.01,39.07,183.03,96.43
2018-08-23,238.08,113.98,38.43,182.96,96.54
2018-08-24,239.56,114.25,39.15,182.27,96.2
2018-08-27,241.39,115.2,39.71,181.62,95.79
2018-08-28,241.46,114.92,39.56,181.01,95.36
2018-08-29,242.84,115.2,39.81,180.85,95.25
2018-08-30,241.76,114.37,38.77,181.69,95.64
2018-08-31,241.79,113.1,38.97,182.46,96.17
2018-09-04,241.39,111.98,38.21,182.52,95.94
2018-09-05,240.72,110.52,37.66,182.04,95.56
2018-09-06,239.84,109.86,37.69,182.43,95.85
2018-09-07,239.31,109.78,37.5,182.49,95.72
2018-09-10,239.76,110.31,37.13,182.39,95.75
2018-09-11,240.66,110.39,37.22,182.19,95.73
2018-09-12,240.74,110.89,37.41,181.75,95.5
2018-09-13,242.01,111.12,37.91,181.16,94.62
2018-09-14,242.08,111.49,37.88,180.9,94.5
2018-09-17,240.73,111.54,37.53,180.82,94.41
2018-09-18,242.03,111.95,37.89,180.57,93.96
2018-09-19,242.33,112.29,38.42,180.28,93.73
2018-09-20,244.23,113.44,38.84,179.62,93.64
2018-09-21,244.14,114.36,39.02,179.48,93.61
2018-09-24,243.28,113.68,38.58,178.87,93.13
2018-09-25,242.96,113.99,38.73,178.74,93.04
2018-09-26,242.16,114.44,38.81,179.1,93.37
2018-09-27,242.83,114.99,39.0,180.02,94.28
2018-09-28,242.83,113.31,38.74,180.32,94.73
2018-10-01,243.72,113.81,38.75,180.37,95.21
2018-10-02,243.62,112.97,38.26,180.75,95.32
2018-10-03,243.79,113.52,37.95,,
2018-10-04,241.8,112.5,37.0,180.12,94.51
2018-10-05,240.46,111.52,36.86,180.06,94.49
2018-10-08,240.37,110.32,36.92,180.56,94.65
2018-10-09,240.03,110.73,36.78,180.69,94.64
2018-10-10,232.14,108.9,35.69,180.24,94.08
2018-10-11,227.36,106.97,35.33,180.3,94.01
2018-10-12,230.59,106.48,36.37,180.38,94.11
2018-10-15,229.23,107.01,35.98,180.31,93.88
2018-10-16,234.16,108.58,36.88,180.3,93.88
2018-10-17,234.1,108.1,36.43,180.89,94.32
2018-10-18,230.73,107.05,35.47,181.06,94.41
2018-10-19,230.65,107.03,35.81,181.14,94.25
2018-10-22,229.66,106.34,36.2,181.25,94.4
2018-10-23,228.39,104.7,35.8,181.67,94.42
2018-10-24,221.34,104.34,34.64,182.72,95.28
2018-10-25,225.46,105.48,35.31,182.9,95.23
2018-10-26,221.56,104.5,34.91,183.64,95.35
2018-10-29,220.1,105.16,34.3,183.31,95.23
2018-10-30,223.55,104.9,34.97,183.2,95.14
2018-10-31,225.98,106.58,35.35,183.5,95.43
2018-11-01,228.36,106.81,36.61,182.98,94.76
2018-11-02,226.92,107.15,36.85,182.61,94.67
2018-11-05,228.19,107.25,36.95,182.43,94.58
2018-11-06,229.62,106.91,36.88,182.06,94.61
2018-11-07,234.49,108.21,37.58,181.67,94.7
2018-11-08,233.9,107.92,36.6,181.65,94.87
2018-11-09,231.75,107.65,35.93,182.85,95.46
2018-11-12,227.18,106.47,35.42,184.14,96.19
2018-11-13,226.85,107.49,35.83,183.56,95.68
2018-11-14,225.13,106.85,36.04,183.43,95.2
2018-11-15,227.52,106.34,36.85,183.68,94.85
2018-11-16,228.02,106.02,36.92,182.87,94.25
2018-11-19,224.23,105.34,36.42,182.43,93.82
2018-11-20,220.16,103.87,35.64,183.16,94.19
2018-11-21,220.83,105.13,36.3,182.91,94.33
2018-11-23,219.38,104.57,35.87,184.06,94.93
2018-11-26,222.79,105.76,36.31,183.79,95.01
2018-11-27,223.51,105.55,36.57,184.22,95.24
2018-11-28,228.65,105.61,37.44,184.24,95.13
2018-11-29,228.15,105.81,37.12,183.74,94.53
2018-11-30,230.01,105.77,37.08,184.18,94.78
2018-12-03,232.53,107.17,37.83,184.03,94.92
2018-12-04,225.01,106.31,37.03,184.82,95.19
2018-12-06,224.66,101.53,36.68,185.6,95.11
2018-12-07,219.42,101.95,36.0,184.86,94.94
2018-12-10,219.81,100.57,35.62,185.45,95.36
2018-12-11,219.73,101.84,35.89,185.63,96.12
2018-12-12,220.92,103.6,36.48,185.16,95.85
2018-12-13,220.88,103.74,36.47,184.88,95.15
2018-12-14,216.66,103.09,35.95,186.05,95.7
2018-12-17,212.16,102.12,35.62,185.8,95.26
2018-12-18,212.18,101.34,35.86,185.96,95.34
2018-12-19,208.91,101.71,35.26,185.74,95.38
2018-12-20,205.62,100.0,35.54,186.22,94.85
2018-12-21,201.39,100.02,35.29,186.22,94.63
2018-12-24,195.93,,34.96,,
2018-12-26,205.64,,35.66,,
2018-12-27,207.4,97.91,35.61,186.79,94.65
2018-12-28,207.14,99.55,35.95,186.34,94.08
2018-12-31,208.9,,35.79,,
2019-01-02,209.17,,35.88,188.61,95.68
2019-01-03,203.99,98.49,35.23,189.17,95.36
2019-01-04,210.99,101.4,36.36,188.39,95.09
2019-01-07,212.47,101.12,36.45,187.63,94.83
2019-01-08,214.53,101.83,36.58,187.38,95.18
2019-01-09,215.41,102.34,37.23,186.52,94.79
2019-01-10,216.39,102.52,37.5,186.78,94.82
2019-01-11,216.36,102.33,37.32,187.59,95.1
2019-01-14,215.22,101.84,37.01,187.58,95.14
2019-01-15,217.53,102.27,37.26,188.32,95.6
2019-01-16,218.01,102.57,37.72,188.23,95.82
2019-01-17,219.66,102.31,37.89,187.21,96.05
2019-01-18,222.56,104.5,38.07,186.9,96.55
2019-01-22,219.41,103.76,37.41,187.48,96.77
2019-01-23,219.89,103.74,37.79,187.2,96.78
2019-01-24,220.19,104.21,38.16,188.22,97.3
2019-01-25,222.06,105.44,38.66,187.39,96.84
2019-01-28,220.32,104.58,38.26,187.2,96.53
2019-01-29,220.0,105.11,38.32,187.34,96.85
2019-01-30,223.42,105.39,39.16,187.39,96.96
2019-01-31,225.34,105.31,39.49,187.93,97.7
2019-02-01,225.54,105.7,39.18,186.9,97.31
2019-02-04,227.07,105.51,39.24,187.12,97.52
2019-02-05,228.14,107.17,39.78,187.48,98.42
2019-02-06,227.63,107.09,39.24,187.86,98.44
2019-02-07,225.5,105.03,38.85,188.45,98.33
2019-02-08,225.66,104.52,38.63,189.09,98.92
2019-02-11,225.82,105.52,38.5,189.03,99.19
2019-02-12,228.73,106.36,38.82,188.53,98.88
2019-02-13,229.42,106.75,38.54,188.65,99.08
2019-02-14,228.81,106.09,38.62,188.96,99.14
2019-02-15,231.3,108.04,38.56,189.28,99.31
2019-02-19,231.65,107.98,38.87,188.8,98.93
2019-02-20,232.06,108.65,39.09,188.3,98.47
2019-02-21,231.24,108.79,39.0,188.46,98.53
2019-02-22,232.72,109.02,39.43,188.58,98.83
2019-02-25,233.01,109.33,39.87,188.34,98.76
2019-02-26,232.82,109.64,39.74,188.45,98.78
2019-02-27,232.7,109.43,39.4,187.9,98.46
2019-02-28,232.04,109.94,38.88,187.17,98.28
2019-03-01,233.64,110.4,38.93,187.01,98.22
2019-03-04,232.73,110.57,38.98,187.88,98.89
2019-03-05,232.47,110.91,39.37,187.95,98.99
2019-03-06,230.95,110.82,39.15,188.44,99.03
2019-03-07,229.08,110.3,38.43,190.24,99.99
2019-03-08,228.59,109.45,38.15,190.1,99.84
2019-03-11,231.94,110.15,38.87,190.22,100.12
2019-03-12,232.63,110.13,39.07,189.61,99.86
2019-03-13,234.24,110.78,39.11,189.72,99.77
2019-03-14,234.04,111.4,38.9,189.4,98.68
2019-03-15,235.21,112.87,39.47,189.46,98.78
2019-03-18,236.08,112.93,39.91,189.35,98.82
2019-03-19,236.05,113.63,39.93,189.26,98.54
2019-03-20,235.35,112.41,39.99,189.08,98.52
2019-03-21,237.91,112.25,40.05,189.94,99.42
2019-03-22,233.39,110.19,38.87,191.97,100.48
2019-03-25,233.2,110.02,38.97,191.8,100.5
2019-03-26,234.87,110.65,39.09,191.92,100.82
2019-03-27,233.78,110.73,38.66,192.75,101.21
2019-03-28,234.62,110.68,38.92,193.07,101.46
2019-03-29,236.2,111.72,39.32,192.5,101.6
2019-04-01,238.93,112.85,39.97,192.11,101.27
2019-04-02,238.94,113.19,39.85,192.48,101.62
2019-04-03,239.45,114.52,40.12,191.45,100.9
2019-04-04,239.95,114.73,40.37,191.4,101.28
2019-04-05,241.06,114.92,40.68,191.54,101.44
2019-04-08,241.31,114.6,40.68,191.26,101.1
2019-04-09,239.85,113.91,40.6,191.22,101.23
2019-04-10,240.68,114.15,40.79,191.7,101.45
2019-04-11,240.69,114.51,40.35,191.4,101.56
2019-04-12,242.28,114.93,40.64,189.97,101.07
2019-04-15,242.13,115.02,40.43,189.91,101.06
2019-04-16,242.26,115.45,40.73,189.91,100.99
2019-04-17,241.7,115.92,40.85,189.77,100.89
2019-04-18,242.09,116.64,40.83,190.8,101.37
2019-04-22,242.33,,40.56,,
2019-04-23,244.47,116.8,40.65,190.94,101.67
2019-04-24,243.94,116.75,40.1,191.84,102.44
2019-04-25,243.85,116.4,40.05,192.41,102.78
2019-04-26,244.99,116.68,40.2,192.32,102.96
2019-04-29,245.25,116.73,40.29,192.17,102.61
2019-04-30,245.49,117.15,40.25,191.99,102.25
2019-05-01,243.64,,39.95,,
2019-05-02,243.13,116.3,40.04,192.16,101.93
2019-05-03,245.47,116.75,40.51,192.19,102.21
2019-05-06,244.37,115.43,39.68,192.5,102.49
2019-05-07,240.34,113.37,38.9,193.03,102.6
2019-05-08,239.95,113.91,38.85,192.96,102.33
2019-05-09,239.23,111.69,38.23,192.86,101.79
2019-05-10,240.12,112.04,38.46,192.8,101.71
2019-05-13,234.32,110.69,37.18,193.16,102.03
2019-05-14,236.2,112.15,37.7,192.95,102.13
2019-05-15,237.58,112.86,37.78,193.33,102.44
2019-05-16,239.69,114.62,37.59,193.66,102.72
2019-05-17,238.29,114.19,36.91,193.87,103.0
2019-05-20,236.69,112.33,36.76,193.6,102.75
2019-05-21,238.7,112.88,37.23,193.44,102.7
2019-05-22,238.02,112.89,37.04,193.76,102.82
2019-05-23,235.19,110.91,36.57,194.39,102.98
2019-05-24,235.51,111.69,36.6,194.3,102.89
2019-05-28,233.53,111.63,36.73,194.76,103.24
2019-05-29,231.92,109.93,36.97,195.95,103.79
2019-05-30,232.41,,37.17,195.52,103.93
2019-05-31,229.34,109.35,37.3,196.28,104.08
2019-06-03,228.7,110.01,37.64,196.08,103.73
2019-06-04,233.61,111.12,37.72,195.62,103.65
2019-06-05,235.51,111.33,37.42,196.08,103.67
2019-06-06,236.96,111.28,37.44,195.82,103.53
2019-06-07,239.45,112.61,37.73,195.81,103.65
2019-06-10,240.56,,38.12,,
2019-06-11,240.48,113.37,38.55,195.3,103.53
2019-06-12,239.99,112.89,38.14,195.39,103.44
2019-06-13,240.97,113.02,38.08,195.91,103.26
2019-06-14,240.58,112.64,37.66,196.84,103.88
2019-06-17,240.81,112.77,37.8,196.71,103.76
2019-06-18,243.15,115.1,38.72,197.92,104.93
2019-06-19,243.87,115.16,39.04,197.3,104.34
2019-06-20,246.18,115.6,39.61,197.98,105.14
2019-06-21,245.87,115.56,39.48,196.74,104.42
2019-06-24,245.45,115.19,39.43,196.14,104.18
2019-06-25,243.11,114.81,39.02,196.76,104.12
2019-06-26,242.82,114.76,39.39,195.81,103.84
2019-06-27,243.74,114.75,39.67,196.11,104.27
2019-06-28,245.15,115.79,39.61,196.32,104.54
2019-07-01,247.03,116.59,40.08,197.06,105.44
2019-07-02,247.75,116.93,39.98,197.57,105.79
2019-07-03,249.65,118.02,39.91,198.58,106.35
2019-07-05,249.2,117.6,39.63,198.27,106.0
2019-07-08,248.0,117.46,39.39,198.43,106.02
2019-07-09,248.3,116.99,39.27,198.23,105.68
2019-07-10,249.42,116.72,39.6,197.72,105.44
2019-07-11,249.99,116.56,39.53,196.1,105.25
2019-07-12,251.15,116.59,39.56,196.0,104.68
2019-07-15,251.19,116.74,39.71,196.31,105.1
2019-07-16,250.34,117.38,39.65,196.47,105.11
2019-07-17,248.7,116.72,39.53,196.89,105.43
2019-07-18,249.59,116.09,39.77,197.29,105.42
2019-07-19,248.05,116.01,39.57,197.51,105.96
2019-07-22,248.75,116.33,39.58,197.53,106.11
2019-07-23,250.46,117.76,39.62,198.24,106.8
2019-07-24,251.63,117.76,39.69,198.67,107.0
2019-07-25,250.31,117.0,39.34,198.04,106.81
2019-07-26,252.16,117.48,39.42,198.49,107.32
2019-07-29,251.75,117.45,39.35,198.12,107.11
2019-07-30,251.1,115.43,39.04,197.92,106.75
2019-07-31,248.36,115.56,38.56,198.66,107.4
2019-08-01,246.13,,37.8,199.94,108.54
2019-08-02,244.34,112.54,37.44,201.09,108.25
2019-08-05,237.06,110.36,36.05,201.0,107.55
2019-08-06,240.15,109.72,36.57,200.91,107.93
2019-08-07,240.33,110.33,36.73,201.87,108.29
2019-08-08,244.84,112.51,37.19,201.12,108.13
2019-08-09,243.22,111.12,36.81,201.49,108.29
2019-08-12,240.22,110.89,36.36,201.77,108.54
2019-08-13,243.86,111.91,36.83,202.0,108.88
2019-08-14,236.72,109.62,35.76,203.73,109.53
2019-08-15,237.3,109.43,36.0,204.94,110.38
2019-08-16,240.72,110.97,36.5,204.9,110.61
2019-08-19,243.64,112.31,36.65,204.25,110.49
2019-08-20,241.71,111.67,36.72,204.61,110.94
2019-08-21,243.7,113.16,37.08,204.54,111.25
2019-08-22,243.58,112.46,36.6,204.41,111.29
2019-08-23,237.26,111.14,36.05,204.45,110.76
2019-08-26,239.86,111.63,36.24,204.73,111.42
2019-08-27,239.1,112.35,36.31,205.79,111.97
2019-08-28,240.66,112.18,36.41,206.3,112.17
2019-08-29,243.72,113.71,36.82,206.2,111.88
2019-08-30,243.87,114.23,37.1,207.07,112.64
2019-09-03,242.19,114.02,36.87,208.59,113.14
2019-09-04,244.82,115.03,37.49,207.39,112.35
2019-09-05,248.0,116.16,37.92,205.43,111.42
2019-09-06,248.23,116.51,38.08,205.81,111.68
2019-09-09,248.2,116.5,38.2,204.63,111.08
2019-09-10,248.28,116.63,38.23,204.06,110.65
2019-09-11,250.08,117.23,38.5,204.34,110.86
2019-09-12,250.8,117.96,38.77,203.24,109.17
2019-09-13,250.62,118.34,39.0,201.86,107.93
2019-09-16,249.83,117.28,38.69,202.95,108.72
2019-09-17,250.47,117.38,38.69,202.42,108.69
2019-09-18,250.56,117.6,38.53,203.0,109.22
2019-09-19,250.57,118.42,38.38,203.12,109.47
2019-09-20,249.34,119.05,38.41,203.91,110.07
2019-09-23,249.32,117.9,38.45,205.17,110.85
2019-09-24,247.22,117.74,38.04,205.45,110.81
2019-09-25,248.74,117.1,38.02,205.45,110.93
2019-09-26,248.14,117.74,38.01,206.19,111.12
2019-09-27,246.82,118.2,37.52,205.76,111.05
2019-09-30,248.06,118.98,37.73,206.19,111.67
2019-10-01,245.02,117.28,37.46,206.08,111.86
2019-10-02,240.63,113.78,37.18,206.0,111.39
2019-10-03,242.55,113.91,37.66,,
2019-10-04,246.0,114.89,37.82,206.74,111.94
2019-10-07,244.9,115.71,37.51,206.28,111.62
2019-10-08,241.09,114.43,37.24,206.84,111.88
2019-10-09,243.28,115.4,37.53,205.8,111.35
2019-10-10,244.84,116.47,37.92,204.4,110.54
2019-10-11,247.52,119.0,38.52,203.0,109.68
2019-10-14,247.18,118.54,38.36,203.65,110.36
2019-10-15,249.64,119.95,38.7,203.16,110.08
2019-10-16,249.14,119.98,38.81,202.68,109.8
2019-10-17,249.83,119.62,38.96,202.14,109.47
2019-10-18,248.85,119.31,38.76,201.77,109.46
2019-10-21,250.56,120.0,39.11,201.26,109.19
2019-10-22,249.67,120.16,39.13,201.35,109.39
2019-10-23,250.38,120.23,39.14,201.94,109.75
2019-10-24,250.86,120.71,39.14,202.48,110.18
2019-10-25,251.88,120.82,39.42,202.12,110.17
2019-10-28,253.28,120.86,39.65,201.08,109.57
2019-10-29,253.07,120.74,39.45,201.11,109.34
2019-10-30,253.9,120.68,39.62,201.18,109.2
2019-10-31,253.13,120.15,39.31,202.31,109.64
2019-11-01,255.58,120.79,39.9,201.83,109.65
2019-11-04,256.52,122.17,40.3,201.53,109.64
2019-11-05,256.22,122.55,40.53,201.58,109.57
2019-11-06,256.4,122.96,40.4,201.76,109.92
2019-11-07,257.1,123.56,40.69,200.76,109.74
2019-11-08,257.76,123.32,40.33,201.16,109.93
2019-11-11,257.25,123.23,40.04,200.7,109.6
2019-11-12,257.65,123.74,39.78,200.99,109.71
2019-11-13,257.84,123.32,39.48,201.87,110.29
2019-11-14,258.05,122.96,39.5,202.34,110.68
2019-11-15,260.04,123.72,39.82,201.91,110.39
2019-11-18,260.17,123.5,39.75,201.5,110.21
2019-11-19,260.01,123.22,39.84,201.69,110.33
2019-11-20,259.04,122.8,39.66,202.2,110.62
2019-11-21,258.63,122.66,39.58,201.95,110.56
2019-11-22,259.19,122.91,39.58,202.52,111.06
2019-11-25,261.14,123.59,39.97,202.87,111.7
2019-11-26,261.71,123.52,39.85,203.04,111.96
2019-11-27,262.8,123.76,39.9,203.05,112.0
2019-11-29,261.75,123.45,39.27,202.43,111.72
2019-12-02,259.49,120.89,39.26,201.34,110.46
2019-12-03,257.77,120.37,39.06,202.25,111.36
2019-12-04,259.4,122.0,39.36,201.7,110.9
2019-12-05,259.79,121.6,39.53,201.26,110.82
2019-12-06,262.16,123.08,39.76,201.7,111.39
2019-12-09,261.33,122.41,39.6,201.64,111.4
2019-12-10,261.04,122.39,39.74,201.21,110.9
2019-12-11,261.8,122.91,40.33,201.5,111.21
2019-12-12,264.05,123.55,41.03,200.28,109.61
2019-12-13,264.07,124.37,41.01,200.97,110.35
2019-12-16,265.95,125.76,41.36,200.31,109.95
2019-12-17,266.04,124.84,41.73,200.07,109.76
2019-12-18,265.93,124.63,41.96,199.97,109.92
2019-12-19,267.11,124.64,41.98,199.98,110.06
2019-12-20,268.43,125.89,42.06,200.41,110.46
2019-12-23,268.67,125.89,42.12,200.15,110.31
2019-12-24,268.61,,42.03,,
2019-12-26,269.99,,42.33,,
2019-12-27,270.0,126.08,42.5,199.69,110.08
2019-12-30,268.44,124.95,42.21,199.17,109.59
2019-12-31,269.23,,42.31,,
2020-01-02,271.49,,43.17,200.02,109.89
2020-01-03,269.57,125.78,42.37,201.41,110.21
2020-01-06,270.52,125.08,42.26,200.51,109.79
2020-01-07,269.76,125.31,42.23,200.85,110.22
2020-01-08,271.09,125.75,42.48,200.99,110.49
2020-01-09,272.89,126.53,42.76,200.33,110.24
2020-01-10,272.11,126.32,42.99,200.58,111.04
2020-01-13,274.01,125.99,43.66,199.81,110.49
2020-01-14,273.6,125.83,43.41,199.99,110.66
2020-01-15,274.11,125.63,43.07,200.16,110.61
2020-01-16,276.4,125.8,43.35,199.09,110.89
2020-01-17,277.47,126.94,43.59,199.65,111.45
2020-01-21,276.73,126.3,42.49,200.07,111.93
2020-01-22,276.81,125.66,42.84,200.47,112.17
2020-01-23,277.13,124.56,42.39,202.2,112.88
2020-01-24,274.62,125.97,42.05,202.55,113.15
2020-01-27,270.3,122.59,40.6,203.7,113.32
2020-01-28,273.02,123.97,40.94,203.54,113.48
2020-01-29,272.78,124.55,41.14,204.02,113.86
2020-01-30,273.64,123.03,40.53,204.43,113.58
2020-01-31,268.79,121.36,39.71,204.11,113.29
2020-02-03,270.74,122.04,40.15,204.16,113.54
2020-02-04,274.8,124.41,41.19,203.44,113.57
2020-02-05,277.89,125.93,41.42,203.33,113.73
2020-02-06,278.82,126.85,41.46,203.25,114.07
2020-02-07,277.31,126.62,40.88,204.23,114.79
2020-02-10,279.34,126.44,41.11,205.23,115.28
2020-02-11,279.81,127.53,41.65,205.01,115.28
2020-02-12,281.62,128.48,42.21,204.93,115.31
2020-02-13,281.16,128.22,41.66,205.8,115.76
2020-02-14,281.68,128.03,41.68,206.12,116.21
2020-02-18,280.86,127.88,41.4,206.96,116.64
2020-02-19,282.18,128.84,41.7,206.47,116.74
2020-02-20,281.1,127.43,41.05,206.77,116.9
2020-02-21,278.15,126.68,40.82,206.35,116.73
2020-02-24,268.82,121.6,39.29,207.69,116.83
2020-02-25,260.68,119.08,38.98,208.03,116.63
2020-02-26,259.7,119.26,39.29,207.14,116.35
2020-02-27,248.23,115.2,38.35,206.74,114.8
2020-02-28,246.18,110.98,38.21,207.96,114.82
2020-03-02,257.52,111.29,39.04,206.2,113.98
2020-03-03,250.28,112.4,38.77,207.5,115.1
2020-03-04,260.84,114.02,39.46,207.68,115.75
2020-03-05,251.99,112.12,38.63,207.34,115.1
2020-03-06,247.7,107.74,37.84,208.49,114.11
2020-03-09,228.88,98.64,35.26,209.74,109.93
2020-03-10,240.19,97.0,37.05,209.05,109.46
2020-03-11,228.45,96.85,35.32,209.36,108.2
2020-03-12,206.72,84.84,31.79,207.79,103.43
2020-03-13,225.92,86.2,34.08,205.38,106.24
2020-03-16,198.84,81.68,29.82,204.14,103.14
2020-03-17,210.77,84.35,31.88,205.46,102.54
2020-03-18,199.84,79.53,29.13,203.88,98.15
2020-03-19,200.78,81.8,29.35,205.95,95.72
2020-03-20,192.08,84.95,29.57,207.0,96.3
2020-03-23,186.45,82.85,28.86,207.26,99.3
2020-03-24,203.94,90.5,31.03,208.26,102.93
2020-03-25,206.3,93.34,32.13,206.84,106.3
2020-03-26,219.17,94.93,33.34,206.64,106.56
2020-03-27,211.79,90.95,31.45,207.94,105.07
2020-03-30,218.89,92.19,31.96,209.61,107.6
2020-03-31,215.38,92.9,32.18,209.38,108.33
2020-04-01,205.88,89.34,30.8,210.62,107.39
2020-04-02,210.57,89.62,31.84,211.0,108.32
2020-04-03,207.39,88.77,31.24,212.31,107.76
2020-04-06,221.97,93.2,32.95,211.51,108.89
2020-04-07,221.62,95.26,33.12,209.41,109.51
2020-04-08,229.16,95.04,33.45,209.83,110.89
2020-04-09,232.49,96.43,33.33,209.66,114.68
2020-04-13,230.14,,33.38,,
2020-04-14,237.17,97.26,34.14,209.66,114.43
2020-04-15,231.95,93.61,33.27,210.8,114.65
2020-04-16,233.3,93.75,33.45,212.03,115.81
2020-04-17,239.55,96.28,34.19,211.63,115.28
2020-04-20,235.26,96.98,33.76,210.88,114.25
2020-04-21,228.05,93.04,32.82,211.43,113.82
2020-04-22,233.28,94.5,33.72,211.68,114.14
2020-04-23,233.15,95.08,33.6,212.37,115.06
2020-04-24,236.39,93.64,33.55,212.79,115.2
2020-04-27,239.87,96.07,34.23,212.41,114.64
2020-04-28,238.62,97.74,34.29,213.05,114.21
2020-04-29,244.96,99.87,35.29,213.26,114.57
2020-04-30,242.7,97.6,34.55,211.86,113.99
2020-05-01,235.89,,33.3,,
2020-05-04,236.89,93.88,33.66,211.61,113.25
2020-05-05,239.04,95.86,33.85,212.59,113.84
2020-05-06,237.37,94.79,33.75,212.56,113.17
2020-05-07,240.1,96.02,34.02,212.9,112.99
2020-05-08,244.15,96.94,34.74,212.62,112.31
2020-05-11,244.18,96.12,34.51,211.85,111.87
2020-05-12,239.18,96.14,34.38,211.07,112.06
2020-05-13,235.0,93.69,34.31,212.4,113.05
2020-05-14,237.71,92.01,34.44,213.0,113.25
2020-05-15,238.64,92.36,33.97,212.22,113.97
2020-05-18,246.16,97.06,35.3,210.72,113.86
2020-05-19,243.58,96.75,35.02,209.89,113.46
2020-05-20,247.63,98.08,35.48,209.58,113.47
2020-05-21,245.71,,35.08,210.28,114.58
2020-05-22,246.29,96.85,34.35,211.29,115.07
2020-05-26,249.31,99.97,35.1,209.8,114.57
2020-05-27,253.01,101.7,35.22,209.64,114.48
2020-05-28,252.48,103.15,34.97,208.82,113.91
2020-05-29,253.69,101.67,35.58,207.8,113.36
2020-06-01,254.64,,36.4,,
2020-06-02,256.74,105.3,37.26,207.0,113.6
2020-06-03,260.24,108.99,38.13,204.79,113.11
2020-06-04,259.36,108.72,37.59,203.51,112.09
2020-06-05,266.16,112.81,38.58,202.51,112.49
2020-06-08,269.37,112.21,38.82,204.1,113.22
2020-06-09,267.26,110.69,38.56,203.93,112.53
2020-06-10,265.84,109.79,38.84,204.57,112.49
2020-06-11,250.18,104.82,36.81,205.15,111.0
2020-06-12,253.44,105.12,37.59,206.77,112.22
2020-06-15,255.55,104.55,37.25,206.27,112.4
2020-06-16,260.39,108.09,37.49,206.03,113.93
2020-06-17,259.46,108.91,37.85,206.69,113.55
2020-06-18,259.61,108.33,37.87,207.01,113.75
2020-06-19,258.14,108.97,37.86,207.16,114.54
2020-06-22,259.82,108.06,38.32,206.62,113.85
2020-06-23,260.94,109.96,38.69,205.72,112.89
2020-06-24,254.19,106.54,38.18,206.46,112.68
2020-06-25,256.98,107.3,38.34,207.49,113.67
2020-06-26,250.75,106.81,37.88,207.55,113.82
2020-06-29,254.44,107.73,38.05,206.84,113.51
2020-06-30,258.36,107.8,37.93,206.87,114.14
2020-07-01,259.66,107.61,38.35,206.25,114.15
2020-07-02,260.83,110.67,39.23,206.6,115.07
2020-07-06,264.98,111.67,40.91,205.69,114.6
2020-07-07,262.11,110.72,40.23,206.23,114.89
2020-07-08,264.16,109.54,41.27,206.38,114.58
2020-07-09,262.67,108.71,41.27,207.14,115.12
2020-07-10,265.42,109.87,41.01,207.29,115.33
2020-07-13,262.93,111.67,40.73,205.68,114.75
2020-07-14,266.46,110.71,40.79,205.6,114.32
2020-07-15,268.88,112.61,40.91,205.35,114.37
2020-07-16,267.96,112.18,40.33,204.47,114.78
2020-07-17,268.73,112.19,40.56,204.32,114.96
2020-07-20,270.99,112.94,41.08,204.4,115.14
2020-07-21,271.44,113.51,41.46,204.2,114.99
2020-07-22,273.0,112.36,41.28,203.03,114.25
2020-07-23,269.64,112.39,40.95,203.39,114.22
2020-07-24,267.97,110.36,40.91,203.08,113.89
2020-07-27,269.95,110.09,41.55,202.1,112.5
2020-07-28,268.2,110.12,41.21,202.85,112.41
2020-07-29,271.54,110.01,41.87,202.15,112.08
2020-07-30,270.52,106.94,41.34,202.24,112.37
2020-07-31,272.59,105.81,41.06,201.79,112.01
2020-08-03,274.55,108.28,41.34,202.53,112.9
2020-08-04,275.54,108.48,41.89,202.54,112.89
2020-08-05,277.31,108.95,42.35,200.79,111.65
2020-08-06,279.1,108.01,42.48,201.97,112.78
2020-08-07,279.27,108.42,41.61,201.98,113.18
2020-08-10,280.04,108.66,41.71,202.3,113.07
2020-08-11,277.81,111.07,41.6,201.08,112.14
2020-08-12,281.7,112.11,42.16,200.19,111.71
2020-08-13,281.12,111.43,42.03,199.69,111.14
2020-08-14,281.07,110.17,41.96,199.53,110.26
2020-08-17,281.83,110.2,42.49,199.66,109.87
2020-08-18,282.48,109.65,42.44,199.27,109.36
2020-08-19,281.24,110.59,41.92,199.8,109.94
2020-08-20,282.13,109.13,41.79,200.23,110.19
2020-08-21,283.1,108.66,41.99,201.1,111.11
2020-08-24,285.94,111.06,42.46,200.89,110.85
2020-08-25,286.97,110.99,42.89,199.7,109.88
2020-08-26,289.89,111.89,43.0,199.8,109.76
2020-08-27,290.38,111.03,42.64,199.57,109.46
2020-08-28,292.33,110.52,43.2,198.92,108.76
2020-08-31,291.69,109.08,42.24,198.24,108.82
2020-09-01,293.89,109.25,42.96,198.58,109.1
2020-09-02,298.4,111.26,42.85,200.45,110.97
2020-09-03,287.92,110.14,42.03,200.67,110.99
2020-09-04,285.58,108.69,42.05,200.37,110.4
2020-09-08,277.65,108.91,41.32,200.64,110.21
2020-09-09,283.25,110.83,41.94,199.97,109.96
2020-09-10,278.27,110.43,41.26,198.73,109.15
2020-09-11,278.41,110.53,41.66,199.99,109.93
2020-09-14,281.96,110.56,42.34,199.77,109.83
2020-09-15,283.43,111.08,42.78,200.28,110.1
2020-09-16,282.12,111.29,42.72,200.79,110.46
2020-09-17,279.75,110.55,42.55,201.17,109.93
2020-09-18,276.62,109.46,42.22,200.59,109.5
2020-09-21,273.42,105.36,41.83,202.3,110.43
2020-09-22,276.3,105.47,41.52,202.35,110.69
2020-09-23,269.74,106.0,40.88,202.53,110.72
2020-09-24,270.55,105.32,40.69,202.79,110.27
2020-09-25,274.87,104.57,40.72,203.31,110.24
2020-09-28,279.3,107.44,41.18,202.99,110.38
2020-09-29,277.96,107.14,41.15,202.04,109.9
2020-09-30,280.25,106.45,41.81,201.68,109.46
2020-10-01,281.73,106.47,42.2,201.52,109.5
2020-10-02,279.03,106.36,41.72,202.14,109.99
2020-10-05,284.05,107.34,42.28,200.81,109.24
2020-10-06,280.08,107.78,42.35,200.43,109.19
2020-10-07,284.95,107.78,42.82,200.42,109.32
2020-10-08,287.24,108.53,43.17,200.87,109.75
2020-10-09,289.76,109.1,43.46,200.4,109.21
2020-10-12,294.52,109.94,43.84,200.86,109.78
2020-10-13,292.66,109.31,43.66,201.65,110.44
2020-10-14,290.72,109.11,43.37,202.08,110.39
2020-10-15,290.28,106.42,43.06,202.75,110.99
2020-10-16,290.32,108.18,43.21,202.48,110.72
2020-10-19,285.58,108.08,43.09,201.52,109.83
2020-10-20,286.93,107.6,43.56,200.75,109.17
2020-10-21,286.3,106.02,43.68,200.19,108.65
2020-10-22,287.79,105.71,43.67,200.24,108.62
2020-10-23,288.78,106.63,43.93,200.07,108.67
2020-10-26,283.41,103.51,43.36,200.73,109.21
2020-10-27,282.56,102.35,43.55,201.23,109.4
2020-10-28,272.59,98.78,42.46,202.15,109.83
2020-10-29,275.84,98.67,42.89,203.09,110.31
2020-10-30,272.5,98.61,42.4,202.79,110.2
2020-11-02,275.85,100.65,42.94,203.26,110.53
2020-11-03,280.76,103.29,43.13,201.86,109.52
2020-11-04,286.95,105.37,44.49,202.84,111.37
2020-11-05,292.54,107.19,45.25,202.01,110.82
2020-11-06,292.45,106.8,45.46,201.01,109.9
2020-11-09,295.88,113.6,45.77,199.57,109.96
2020-11-10,295.46,114.75,45.25,199.66,109.79
2020-11-11,297.72,115.58,45.54,200.04,109.9
2020-11-12,294.75,114.27,45.2,200.22,109.85
2020-11-13,298.76,114.4,45.84,200.61,110.23
2020-11-16,302.24,115.54,46.4,200.46,110.22
2020-11-17,300.79,115.62,46.36,200.8,110.46
2020-11-18,297.32,116.07,46.2,200.91,110.75
2020-11-19,298.49,115.07,46.27,201.26,111.35
2020-11-20,296.46,115.59,46.53,201.32,111.24
2020-11-23,298.13,115.43,46.65,201.4,111.67
2020-11-24,302.95,116.93,47.28,200.5,111.17
2020-11-25,302.47,117.06,47.01,200.41,110.78
2020-11-27,303.2,117.59,47.46,199.97,110.56
2020-11-30,301.8,116.42,46.21,199.99,110.94
2020-12-01,305.2,117.51,47.13,198.22,110.0
2020-12-02,305.75,117.38,47.19,197.35,108.99
2020-12-03,305.56,117.24,47.73,197.33,108.93
2020-12-04,308.26,117.98,48.23,197.11,108.34
2020-12-07,307.66,117.67,48.23,197.59,108.68
2020-12-08,308.52,117.53,48.24,198.06,108.88
2020-12-09,306.07,117.63,47.83,198.42,108.69
2020-12-10,305.68,117.41,48.44,198.07,107.78
2020-12-11,305.29,116.19,48.1,198.86,108.11
2020-12-14,303.96,116.8,47.85,198.15,107.83
2020-12-15,307.89,117.38,48.37,198.13,107.89
2020-12-16,308.43,118.1,48.6,197.78,107.83
2020-12-17,310.21,118.7,48.92,197.29,107.11
2020-12-18,309.12,118.19,48.86,197.1,107.29
2020-12-21,307.91,114.96,48.14,197.2,107.14
2020-12-22,307.27,116.58,47.76,197.81,107.72
2020-12-23,307.5,117.98,48.24,197.06,107.33
2020-12-24,308.59,,48.03,,
2020-12-28,311.28,119.18,48.17,197.22,107.66
2020-12-29,310.59,119.38,48.89,196.88,107.65
2020-12-30,311.0,119.05,49.54,196.64,107.25
2020-12-31,313.01,,49.51,,
2021-01-04,308.39,118.81,49.83,197.17,107.34
2021-01-05,310.57,118.26,51.02,197.1,106.46
2021-01-06,312.34,120.37,50.59,195.86,105.67
2021-01-07,316.98,120.75,51.07,195.44,105.75
2021-01-08,318.72,121.5,52.42,195.63,105.84
2021-01-11,316.63,120.69,51.71,196.22,106.5
2021-01-12,316.77,120.4,52.22,195.94,106.09
2021-01-13,317.49,120.55,52.34,196.59,107.11
2021-01-14,316.3,121.38,52.82,196.58,107.49
2021-01-15,314.02,119.99,52.08,196.89,107.65
2021-01-19,316.58,119.85,52.94,196.4,107.56
2021-01-20,320.99,120.8,53.87,196.81,107.72
2021-01-21,321.09,120.61,53.97,196.26,107.08
2021-01-22,320.12,120.08,53.5,195.65,106.67
2021-01-25,321.28,118.44,53.9,196.68,107.36
2021-01-26,320.8,119.76,53.51,196.5,107.21
2021-01-27,312.56,117.88,52.02,197.09,107.76
2021-01-28,315.61,118.57,52.38,196.48,107.21
2021-01-29,309.52,116.05,51.08,196.09,107.13
2021-02-01,314.49,117.7,52.46,196.58,107.58
2021-02-02,318.86,119.68,53.14,196.63,107.78
2021-02-03,319.18,120.32,53.41,196.64,107.62
2021-02-04,322.64,121.4,53.43,196.77,108.1
2021-02-05,323.9,121.86,53.89,196.1,107.71
2021-02-08,326.3,122.18,53.98,196.02,107.77
2021-02-09,325.94,122.04,54.56,195.76,107.26
2021-02-10,325.82,121.61,54.75,195.34,106.92
2021-02-11,326.36,122.39,55.34,195.41,106.98
2021-02-12,327.9,123.19,55.38,194.98,106.68
2021-02-16,327.72,124.21,55.52,193.78,105.86
2021-02-17,327.61,123.33,55.54,194.67,106.82
2021-02-18,326.16,122.7,54.77,194.08,106.5
2021-02-19,325.56,123.78,55.12,193.15,105.54
2021-02-22,323.04,123.33,53.51,193.15,104.93
2021-02-23,323.45,122.97,53.74,192.78,104.22
2021-02-24,327.12,123.53,53.4,192.22,104.43
2021-02-25,319.11,122.84,52.18,190.01,102.98
2021-02-26,317.6,121.21,51.48,191.31,104.05
2021-03-01,325.15,123.55,52.86,192.88,105.0
2021-03-02,322.52,123.59,52.35,192.82,104.92
2021-03-03,318.31,123.76,52.24,192.22,104.4
2021-03-04,314.04,123.5,51.02,192.22,104.42
2021-03-05,320.16,122.32,51.58,193.25,104.32
2021-03-08,318.45,125.44,50.19,193.36,104.62
2021-03-09,322.95,126.2,51.29,193.49,104.43
2021-03-10,324.9,127.33,51.06,193.54,104.89
2021-03-11,328.28,128.19,52.67,193.27,103.89
2021-03-12,328.61,127.78,51.73,192.35,102.93
2021-03-15,330.74,127.66,51.86,192.66,103.28
2021-03-16,330.23,128.37,52.08,193.14,103.5
2021-03-17,331.18,128.32,52.14,192.44,102.95
2021-03-18,326.29,128.92,51.19,191.93,102.6
2021-03-19,326.09,127.9,51.82,192.49,103.12
2021-03-22,328.38,127.79,51.67,192.54,103.43
2021-03-23,325.88,127.57,50.68,193.77,103.92
2021-03-24,324.09,127.75,49.52,194.18,104.4
2021-03-25,325.79,127.75,49.75,194.98,105.1
2021-03-26,331.21,128.89,51.04,194.23,104.88
2021-03-29,330.92,129.43,50.69,194.24,104.86
2021-03-30,329.88,130.87,50.85,194.06,105.13
2021-03-31,331.07,130.64,51.11,193.9,105.8
2021-04-01,334.99,131.53,51.61,193.86,105.98
2021-04-05,339.83,,51.81,,
2021-04-06,339.49,132.35,52.1,193.34,105.4
2021-04-07,340.0,131.89,51.33,192.98,105.12
2021-04-08,341.43,132.59,51.75,193.02,105.04
2021-04-09,344.07,132.63,51.31,192.74,105.15
2021-04-12,344.0,132.06,51.0,192.47,104.68
2021-04-13,345.13,132.23,51.22,192.3,104.67
2021-04-14,343.72,132.54,51.47,191.92,104.6
2021-04-15,347.53,133.11,51.94,192.84,105.44
2021-04-16,348.79,134.43,52.08,192.3,104.62
2021-04-19,346.94,134.0,51.89,192.06,103.87
2021-04-20,344.58,131.35,51.46,192.1,104.01
2021-04-21,347.78,132.55,51.78,192.27,104.0
2021-04-22,344.58,133.83,51.6,192.43,104.49
2021-04-23,348.35,133.78,52.35,191.91,104.38
2021-04-26,348.97,134.03,52.41,191.66,104.19
2021-04-27,348.89,133.73,52.38,191.36,104.02
2021-04-28,348.6,133.83,52.78,190.74,103.36
2021-04-29,350.96,133.23,52.65,190.2,103.11
2021-04-30,348.43,132.49,51.72,191.05,104.14
2021-05-03,349.39,133.34,51.72,190.98,104.04
2021-05-04,347.06,130.83,51.14,191.7,104.61
2021-05-05,347.3,133.43,51.38,191.94,104.76
2021-05-06,350.14,133.31,51.87,191.42,104.56
2021-05-07,352.72,134.48,52.4,190.54,103.83
2021-05-10,349.04,134.11,51.46,190.39,103.55
2021-05-11,346.01,131.54,51.32,189.82,102.82
2021-05-12,338.59,131.58,49.9,190.04,103.06
2021-05-13,342.71,,49.84,189.95,103.39
2021-05-14,347.82,133.91,50.74,189.53,103.24
2021-05-17,346.94,133.56,50.69,189.34,103.18
2021-05-18,343.99,133.51,51.37,188.88,102.5
2021-05-19,342.97,131.22,51.22,188.94,102.35
2021-05-20,346.59,133.33,51.51,188.94,102.71
2021-05-21,346.32,134.19,50.92,189.44,103.11
2021-05-24,349.75,,51.34,,
2021-05-25,349.01,134.53,51.85,189.37,103.17
2021-05-26,349.67,134.39,52.23,189.92,103.56
2021-05-27,350.07,134.64,52.24,189.71,103.42
2021-05-28,350.34,135.69,52.58,189.76,103.57
2021-06-01,350.17,135.72,53.66,189.12,102.84
2021-06-02,350.68,136.28,53.74,189.59,103.4
2021-06-03,349.4,135.97,53.17,190.04,103.86
2021-06-04,352.49,136.31,53.65,190.21,104.02
2021-06-07,352.21,136.59,53.38,189.97,103.83
2021-06-08,352.27,136.53,53.12,190.42,104.32
2021-06-09,351.63,136.56,52.97,190.62,104.61
2021-06-10,353.27,136.54,53.39,190.98,105.05
2021-06-11,353.95,137.56,53.21,191.9,105.86
2021-06-14,354.6,137.76,53.35,191.27,105.29
2021-06-15,353.88,138.12,52.99,190.96,105.25
2021-06-16,351.98,138.39,52.27,191.29,105.71
2021-06-17,351.82,138.6,52.56,192.99,106.83
2021-06-18,347.2,136.11,52.19,194.02,107.82
2021-06-21,352.07,137.08,52.41,193.32,107.06
2021-06-22,353.87,137.44,52.17,192.99,106.87
2021-06-23,353.49,135.86,52.49,192.58,106.54
2021-06-24,355.54,137.41,52.97,192.78,106.79
2021-06-25,356.73,137.36,53.41,192.21,106.43
2021-06-28,357.55,136.33,53.46,192.82,107.03
2021-06-29,357.65,136.92,53.42,192.99,107.3
2021-06-30,358.12,135.48,53.08,193.81,108.22
2021-07-01,359.99,135.96,52.78,193.51,107.76
2021-07-02,362.69,136.14,52.72,194.08,108.12
2021-07-06,361.96,135.09,51.8,195.24,109.04
2021-07-07,363.18,135.95,51.74,195.88,109.38
2021-07-08,360.07,133.06,50.66,196.02,109.07
2021-07-09,364.13,135.6,51.54,195.14,108.55
2021-07-12,365.39,136.45,51.58,195.07,108.47
2021-07-13,364.1,136.49,51.63,195.75,109.0
2021-07-14,364.52,136.65,51.85,195.86,108.82
2021-07-15,363.34,135.21,51.98,195.62,109.02
2021-07-16,360.6,134.53,51.57,195.7,109.1
2021-07-19,354.87,130.95,50.71,196.74,109.84
2021-07-20,360.26,131.88,50.87,197.07,110.09
2021-07-21,363.22,134.22,51.2,196.16,109.39
2021-07-22,363.96,135.3,51.3,196.82,110.11
2021-07-23,367.65,136.97,50.53,196.61,110.0
2021-07-26,368.52,136.75,49.57,196.4,109.67
2021-07-27,366.79,135.49,48.57,196.76,109.6
2021-07-28,366.72,136.77,49.89,196.65,109.86
2021-07-29,368.26,137.23,50.14,196.09,109.17
2021-07-30,366.27,136.31,49.66,196.44,109.57
2021-08-02,365.6,137.22,50.02,196.85,109.75
2021-08-03,368.6,137.27,50.23,197.24,109.93
2021-08-04,366.89,138.16,50.49,197.36,109.85
2021-08-05,369.09,138.7,50.41,197.06,109.66
2021-08-06,369.71,139.15,49.99,197.16,109.62
2021-08-09,369.36,139.24,50.15,197.22,109.31
2021-08-10,369.73,139.59,50.22,197.33,109.25
2021-08-11,370.2,140.21,50.35,197.03,108.97
2021-08-12,371.74,140.88,49.91,197.15,109.36
2021-08-13,372.33,140.99,49.78,196.93,109.32
2021-08-16,373.31,140.08,49.33,197.55,109.96
2021-08-17,370.67,139.88,48.43,198.03,110.15
2021-08-18,366.69,139.65,48.5,198.18,110.24
2021-08-19,367.15,137.49,47.68,198.56,110.57
2021-08-20,370.14,138.25,47.64,198.59,110.79
2021-08-23,373.29,139.21,48.36,197.9,110.33
2021-08-24,373.85,139.27,49.46,197.72,110.07
2021-08-25,374.68,139.37,49.51,196.76,109.62
2021-08-26,372.5,139.0,49.04,196.56,109.5
2021-08-27,375.78,139.7,49.65,196.58,109.68
2021-08-30,377.4,139.96,49.76,196.76,109.91
2021-08-31,376.89,139.88,50.44,196.32,109.74
2021-09-01,377.01,140.91,51.08,195.68,109.16
2021-09-02,378.08,141.07,50.85,195.74,109.26
2021-09-03,377.95,140.07,51.12,195.35,108.75
2021-09-07,376.67,140.83,51.42,194.99,108.54
2021-09-08,376.17,139.24,50.67,195.3,109.01
2021-09-09,374.44,139.24,50.57,195.97,109.58
2021-09-10,371.55,139.01,50.52,195.68,109.52
2021-09-13,372.39,139.65,50.65,196.0,109.97
2021-09-14,370.25,139.72,50.23,196.3,110.24
2021-09-15,373.39,138.2,50.22,196.28,110.09
2021-09-16,372.81,139.0,49.65,196.55,109.79
2021-09-17,369.42,137.69,49.44,196.29,109.78
2021-09-20,363.14,134.79,48.11,196.8,110.08
2021-09-21,362.85,136.58,48.47,197.24,110.35
2021-09-22,366.3,138.34,49.07,196.95,110.26
2021-09-23,370.75,139.83,49.46,195.96,109.61
2021-09-24,371.29,138.62,48.87,195.5,109.67
2021-09-27,370.26,138.85,49.19,195.27,109.68
2021-09-28,362.72,135.29,48.55,194.79,109.04
2021-09-29,363.29,136.01,48.1,195.36,109.68
2021-09-30,358.96,134.94,48.48,195.58,109.29
2021-10-01,363.09,134.51,48.44,196.16,109.71
2021-10-04,358.37,133.21,47.72,196.01,109.64
2021-10-05,362.14,135.51,48.06,195.56,109.39
2021-10-06,363.63,133.75,47.79,196.36,109.96
2021-10-07,366.65,136.61,48.73,195.84,109.42
2021-10-08,365.94,135.78,48.91,194.96,108.65
2021-10-11,363.43,135.75,48.81,194.3,108.65
2021-10-12,362.55,135.17,48.56,194.72,109.03
2021-10-13,363.65,136.11,49.24,195.28,109.44
2021-10-14,369.85,138.3,49.39,195.44,109.89
2021-10-15,372.61,139.43,49.99,194.79,109.59
2021-10-18,373.87,138.38,49.86,194.46,109.31
2021-10-19,376.64,138.89,50.53,193.87,108.75
2021-10-20,378.02,139.07,50.52,193.72,108.46
2021-10-21,379.15,138.52,50.19,193.5,108.04
2021-10-22,378.74,139.63,50.08,193.62,108.37
2021-10-25,380.54,139.61,50.34,194.3,108.89
2021-10-26,381.23,140.8,50.08,194.33,109.16
2021-10-27,379.31,140.7,49.68,195.27,109.93
2021-10-28,383.03,141.13,49.73,194.66,109.06
2021-10-29,383.78,141.69,49.0,195.27,110.22
2021-11-01,384.47,142.68,49.39,194.61,109.57
2021-11-02,385.89,143.21,48.95,195.38,110.1
2021-11-03,388.38,143.65,49.18,195.26,110.05
2021-11-04,390.01,144.44,49.06,196.24,110.76
2021-11-05,391.46,145.43,49.0,197.06,111.49
2021-11-08,391.81,145.08,49.46,196.57,110.93
2021-11-09,390.44,144.82,49.26,197.45,111.57
2021-11-10,387.23,144.96,49.06,196.82,111.14
2021-11-11,387.44,145.27,49.91,197.01,111.14
2021-11-12,390.24,145.68,50.04,197.22,111.17
2021-11-15,390.23,146.21,49.88,197.2,110.75
2021-11-16,391.74,146.72,49.95,197.84,111.36
2021-11-17,390.72,146.69,49.69,198.23,111.5
2021-11-18,392.05,146.12,49.08,198.32,111.63
2021-11-19,391.5,145.22,49.0,199.64,112.46
2021-11-22,390.24,144.62,48.61,199.1,112.35
2021-11-23,390.89,142.79,48.56,198.23,111.5
2021-11-24,391.79,142.54,48.49,198.98,112.14
2021-11-26,382.89,136.32,46.87,199.93,111.96
2021-11-29,387.94,136.98,47.05,200.09,112.46
2021-11-30,380.58,135.44,47.0,200.51,112.77
2021-12-01,376.09,139.3,47.18,199.95,112.07
2021-12-02,381.43,136.93,47.75,200.43,112.39
2021-12-03,378.2,136.0,47.08,200.83,113.48
2021-12-06,382.64,137.9,47.45,201.16,113.71
2021-12-07,390.56,142.54,48.2,201.22,114.03
2021-12-08,391.77,141.1,48.39,199.12,112.13
2021-12-09,388.95,140.28,48.16,200.14,112.86
2021-12-10,392.67,139.97,48.2,200.06,112.76
2021-12-13,389.08,139.43,47.43,200.51,113.25
2021-12-14,386.17,138.15,47.32,200.63,113.01
2021-12-15,392.49,138.66,47.19,200.61,112.97
2021-12-16,389.06,140.06,47.25,199.93,111.86
2021-12-17,385.05,138.71,47.01,200.68,112.39
2021-12-20,380.67,136.9,46.31,200.35,111.75
2021-12-21,387.44,139.17,47.09,199.39,111.54
2021-12-22,391.38,140.57,47.31,198.84,111.65
2021-12-23,393.82,142.2,47.56,198.55,111.74
2021-12-27,399.27,142.93,47.77,198.28,111.84
2021-12-28,398.86,143.73,47.62,198.7,112.1
2021-12-29,399.42,142.83,47.4,197.31,110.9
2021-12-30,398.23,143.54,47.95,197.6,111.28
2021-12-31,397.18,,47.71,,
2022-01-03,399.71,144.39,48.05,197.4,110.91
2022-01-04,399.46,145.59,47.89,196.7,110.43
2022-01-05,391.72,146.4,47.11,196.34,110.28
2022-01-06,391.34,144.16,47.32,195.95,109.74
2022-01-07,389.75,143.53,47.75,195.01,108.89
2022-01-10,389.19,141.32,47.75,195.37,108.76
2022-01-11,392.76,142.72,48.85,195.16,108.92
2022-01-12,393.86,143.88,49.66,195.09,108.46
2022-01-13,388.25,143.86,48.96,194.38,107.95
2022-01-14,388.57,142.41,48.94,194.49,107.94
2022-01-18,381.43,141.93,48.07,194.67,107.85
2022-01-19,377.73,142.28,48.28,194.24,107.79
2022-01-20,373.56,143.32,48.56,194.85,107.89
2022-01-21,366.49,140.99,47.86,195.32,108.14
2022-01-24,367.51,135.15,47.18,195.89,108.46
2022-01-25,363.04,135.94,47.1,196.02,108.47
2022-01-26,362.49,138.82,46.5,195.58,108.36
2022-01-27,360.54,139.5,45.96,196.54,109.15
2022-01-28,369.32,137.9,46.19,196.52,108.79
2022-01-31,376.3,139.15,47.7,195.41,108.39
2022-02-01,378.88,140.82,47.99,194.98,108.12
2022-02-02,382.45,140.73,47.92,194.88,108.22
2022-02-03,373.12,138.03,47.41,191.73,105.66
2022-02-04,375.04,136.22,47.53,190.58,104.6
2022-02-07,373.66,137.35,47.43,190.66,104.43
2022-02-08,376.8,137.64,47.89,190.15,104.97
2022-02-09,382.27,140.14,48.64,190.32,105.06
2022-02-10,375.34,139.9,48.32,188.59,103.44
2022-02-11,368.22,138.51,47.58,189.19,103.71
2022-02-14,366.81,135.48,47.25,190.3,104.49
2022-02-15,372.59,138.12,48.28,189.57,103.96
2022-02-16,372.92,137.91,48.63,189.67,103.33
2022-02-17,365.02,137.11,48.06,190.43,103.8
2022-02-18,362.41,135.81,47.58,191.22,103.87
2022-02-22,358.73,132.85,46.91,191.02,103.79
2022-02-23,352.12,132.45,46.36,191.14,103.82
2022-02-24,357.39,127.64,45.41,193.48,104.81
2022-02-25,365.39,132.36,46.25,191.59,104.64
2022-02-28,364.49,130.81,45.64,193.02,105.85
2022-03-01,358.85,125.53,45.04,197.5,108.07
2022-03-02,365.55,127.35,45.11,195.37,106.49
2022-03-03,363.62,124.73,44.48,195.96,107.12
2022-03-04,360.74,118.53,43.58,199.35,109.15
2022-03-07,350.09,117.07,41.95,199.06,108.38
2022-03-08,347.56,116.84,42.09,197.3,106.42
2022-03-09,356.49,125.53,43.28,194.15,104.86
2022-03-10,354.96,121.71,42.47,193.7,104.39
2022-03-11,350.36,122.89,41.58,194.35,105.11
2022-03-14,347.76,124.7,40.57,192.28,103.5
2022-03-15,355.2,124.6,40.63,192.68,104.11
2022-03-16,363.15,129.66,43.9,191.53,104.36
2022-03-17,367.64,129.51,43.68,190.42,103.95
2022-03-18,371.93,130.08,44.3,190.91,104.22
2022-03-21,371.77,129.39,43.62,190.36,104.12
2022-03-22,375.97,130.87,44.41,189.39,103.41
2022-03-23,371.35,128.97,44.12,189.46,103.44
2022-03-24,376.68,128.78,44.35,189.1,103.52
2022-03-25,378.59,128.92,44.0,188.4,102.99
2022-03-28,381.29,129.57,44.15,188.17,103.46
2022-03-29,385.97,133.41,44.9,186.49,103.01
2022-03-30,383.54,131.97,44.77,186.56,103.17
2022-03-31,377.53,130.08,44.1,188.49,103.88
2022-04-01,378.82,130.62,44.83,188.04,104.17
2022-04-04,381.89,131.7,45.62,188.88,104.69
2022-04-05,377.09,130.6,44.78,188.38,104.39
2022-04-06,373.43,127.49,44.2,187.68,103.41
2022-04-07,375.02,126.73,43.84,187.51,103.36
2022-04-08,374.02,128.61,43.88,187.24,102.77
2022-04-11,367.71,127.99,43.34,185.9,101.54
2022-04-12,366.45,127.72,43.2,186.98,102.44
2022-04-13,370.55,127.6,43.77,187.08,102.11
2022-04-14,366.05,128.29,43.2,186.8,102.24
2022-04-18,365.97,,43.05,,
2022-04-19,371.85,127.69,42.84,185.11,100.64
2022-04-20,371.62,129.89,42.58,185.06,100.56
2022-04-21,366.14,130.93,41.76,184.04,99.62
2022-04-22,355.98,128.0,41.39,184.49,99.95
2022-04-25,358.01,125.25,41.09,187.11,102.01
2022-04-26,347.93,124.05,40.19,187.99,102.54
2022-04-27,348.66,124.49,40.66,188.69,102.71
2022-04-28,357.29,125.9,41.25,187.66,102.32
2022-04-29,344.33,126.76,41.39,187.5,102.11
2022-05-02,346.28,124.41,41.33,186.96,101.27
2022-05-03,347.96,125.37,41.64,186.92,102.12
2022-05-04,358.35,124.17,42.09,186.31,101.4
2022-05-05,345.57,123.22,40.53,186.46,100.81
2022-05-06,343.61,120.97,39.98,184.54,100.33
2022-05-09,332.6,117.56,38.82,185.27,100.19
2022-05-10,333.42,118.49,39.01,186.28,101.44
2022-05-11,327.93,121.6,38.74,186.12,101.36
2022-05-12,327.51,120.45,38.48,189.92,103.43
2022-05-13,335.32,123.45,39.55,188.86,102.75
2022-05-16,334.0,122.84,39.39,189.2,103.01
2022-05-17,340.74,124.72,40.36,186.43,100.69
2022-05-18,326.97,123.02,39.39,187.5,101.11
2022-05-19,325.07,121.11,40.01,187.49,101.11
2022-05-20,325.11,121.9,40.18,187.5,101.5
2022-05-23,331.15,123.61,40.48,185.45,100.07
2022-05-24,328.46,121.59,39.78,186.15,100.74
2022-05-25,331.56,122.57,39.98,186.79,102.17
2022-05-26,338.15,,40.6,185.64,102.1
2022-05-27,346.52,126.96,41.07,186.48,102.5
2022-05-31,344.35,126.31,41.65,184.2,101.44
2022-06-01,341.77,125.32,41.35,184.24,101.94
2022-06-02,348.07,126.5,42.07,182.97,101.25
2022-06-03,342.38,126.12,41.38,182.55,101.08
2022-06-06,343.45,,41.61,181.92,100.6
2022-06-07,346.72,126.89,41.73,182.36,101.06
2022-06-08,342.98,126.3,41.96,180.91,100.6
2022-06-09,334.82,124.15,40.97,181.02,100.46
2022-06-10,325.07,119.97,40.51,181.82,100.3
2022-06-13,312.47,116.75,39.09,180.71,99.44
2022-06-14,311.29,115.84,39.64,179.3,98.94
2022-06-15,315.83,117.74,40.16,180.75,99.79
2022-06-16,305.56,114.26,38.93,180.78,97.65
2022-06-17,306.24,114.62,39.07,181.21,99.36
2022-06-21,313.73,116.47,39.7,178.71,98.11
2022-06-22,313.32,115.49,39.0,179.69,97.92
2022-06-23,316.31,114.54,39.11,182.28,99.17
2022-06-24,325.98,117.77,40.04,181.2,98.8
2022-06-27,325.01,117.96,40.09,179.62,97.75
2022-06-28,318.46,118.31,39.84,179.69,97.9
2022-06-29,318.24,117.14,39.69,181.65,99.22
2022-06-30,315.45,115.16,39.5,183.17,99.29
2022-07-01,318.78,114.94,39.25,185.41,101.29
2022-07-05,319.28,111.99,38.95,187.59,103.04
2022-07-06,320.42,114.06,38.71,187.92,103.53
2022-07-07,325.22,116.28,39.49,187.25,103.38
2022-07-08,324.95,116.89,39.49,186.0,102.79
2022-07-11,321.2,115.72,38.43,187.91,104.64
2022-07-12,318.23,116.24,38.29,189.11,105.11
2022-07-13,316.82,115.13,38.2,188.68,104.57
2022-07-14,315.86,113.22,37.85,188.07,105.26
2022-07-15,321.93,115.91,38.05,187.61,105.38
2022-07-18,319.24,117.06,38.32,186.09,104.0
2022-07-19,328.06,119.58,38.95,184.72,103.44
2022-07-20,329.99,119.51,38.78,185.14,103.79
2022-07-21,333.25,119.88,39.22,185.82,104.69
2022-07-22,330.14,119.88,38.83,187.85,105.58
2022-07-25,330.57,120.14,38.97,187.48,104.99
2022-07-26,326.75,119.18,38.66,189.48,105.71
2022-07-27,335.3,120.26,39.38,188.92,106.28
2022-07-28,339.37,121.74,39.55,190.41,106.89
2022-07-29,344.19,123.6,39.36,190.54,106.9
2022-08-01,343.22,,39.03,190.73,106.5
2022-08-02,340.93,122.82,38.84,191.35,106.65
2022-08-03,346.26,124.42,39.14,190.35,106.53
2022-08-04,345.99,125.15,39.42,190.36,106.28
2022-08-05,345.43,124.18,39.46,189.3,105.46
2022-08-08,345.01,125.24,39.51,189.12,105.99
2022-08-09,343.54,123.85,39.36,188.88,105.42
2022-08-10,350.85,124.98,39.85,188.35,104.94
2022-08-11,350.61,125.24,40.01,187.55,104.93
2022-08-12,356.68,125.89,40.43,187.96,105.6
2022-08-15,358.1,126.32,40.25,189.8,107.06
2022-08-16,358.77,126.84,40.24,188.88,106.33
2022-08-17,356.17,125.2,40.07,187.79,105.39
2022-08-18,356.98,125.91,39.84,188.6,106.5
2022-08-19,352.37,124.34,39.3,187.83,105.65
2022-08-22,344.83,121.94,38.96,188.57,106.35
2022-08-23,344.06,121.75,39.16,188.36,106.17
2022-08-24,345.06,122.25,39.15,187.64,105.7
2022-08-25,349.93,122.48,40.0,188.06,106.43
2022-08-26,338.14,120.12,39.41,187.57,106.41
2022-08-29,335.88,119.02,39.16,186.34,105.14
2022-08-30,332.18,118.73,38.7,185.8,104.86
2022-08-31,329.58,117.24,38.84,184.96,104.07
2022-09-01,330.57,115.22,38.53,185.22,103.45
2022-09-02,327.02,118.15,38.18,184.22,103.49
2022-09-06,325.68,116.67,37.73,184.9,103.54
2022-09-07,331.66,116.74,38.06,183.76,103.67
2022-09-08,333.85,117.08,37.85,183.27,104.03
2022-09-09,338.95,119.0,38.41,182.56,103.53
2022-09-12,342.53,121.55,38.99,181.62,102.7
2022-09-13,327.72,119.54,37.78,181.81,102.35
2022-09-14,328.83,118.92,37.97,182.63,103.16
2022-09-15,325.11,118.06,37.57,181.85,101.75
2022-09-16,322.78,116.68,37.22,181.59,101.11
2022-09-19,324.99,116.65,37.34,181.26,101.5
2022-09-20,321.33,115.57,37.13,180.43,100.8
2022-09-21,315.83,116.4,36.51,182.01,101.97
2022-09-22,313.17,114.24,36.34,182.1,101.16
2022-09-23,307.77,111.62,35.44,182.36,101.72
2022-09-26,304.59,111.42,35.01,182.65,102.34
2022-09-27,303.94,110.95,34.97,180.89,100.5
2022-09-28,309.92,111.18,35.27,182.47,101.23
2022-09-29,303.37,109.3,34.48,180.68,98.95
2022-09-30,298.8,110.61,34.36,180.85,99.65
2022-10-03,306.54,111.41,34.92,181.98,100.96
2022-10-04,315.91,116.15,36.06,179.94,99.79
2022-10-05,315.27,114.92,36.08,180.12,99.5
2022-10-06,312.04,114.45,35.86,179.92,100.13
2022-10-07,303.3,112.52,35.11,179.51,99.81
2022-10-10,301.03,111.9,34.62,179.59,99.42
2022-10-11,299.07,111.35,34.07,179.47,99.19
2022-10-12,298.09,111.05,34.11,179.02,98.87
2022-10-13,305.83,112.08,34.21,178.24,98.65
2022-10-14,298.59,112.72,33.7,177.53,98.0
2022-10-17,306.5,114.72,34.62,177.6,97.93
2022-10-18,310.0,115.46,34.63,176.61,97.43
2022-10-19,307.93,115.71,34.0,176.91,97.87
2022-10-20,305.48,116.43,34.22,176.0,96.75
2022-10-21,312.73,115.89,34.74,175.7,96.02
2022-10-24,316.45,117.59,33.42,175.23,95.63
2022-10-25,321.59,119.52,33.7,175.74,96.54
2022-10-26,319.22,120.18,34.25,175.41,95.8
2022-10-27,317.28,120.15,33.98,177.96,96.9
2022-10-28,325.09,120.43,33.78,177.59,97.13
2022-10-31,322.66,120.58,33.68,177.48,97.58
2022-11-01,321.34,121.7,34.3,177.87,98.29
2022-11-02,313.31,120.73,34.01,178.17,98.54
2022-11-03,309.99,119.77,34.21,178.1,98.74
2022-11-04,314.21,122.94,35.66,175.98,96.95
2022-11-07,317.23,123.63,35.68,174.95,96.0
2022-11-08,319.01,124.64,35.93,174.4,95.82
2022-11-09,312.38,124.27,35.31,175.41,96.06
2022-11-10,329.7,128.22,36.59,177.12,97.24
2022-11-11,332.74,128.95,37.59,175.18,96.39
2022-11-14,329.77,129.58,37.36,174.31,96.01
2022-11-15,332.64,130.5,38.22,175.19,96.8
2022-11-16,329.9,129.43,37.61,175.58,96.96
2022-11-17,328.88,129.28,37.68,176.06,97.33
2022-11-18,330.45,130.83,37.46,175.92,97.4
2022-11-21,329.16,130.31,36.99,176.99,98.68
2022-11-22,333.63,131.0,37.07,176.84,98.57
2022-11-23,335.61,131.55,37.38,176.85,98.58
2022-11-25,335.51,132.08,37.2,176.32,98.64
2022-11-28,330.33,131.18,37.04,176.65,98.4
2022-11-29,329.8,131.15,37.83,177.18,98.22
2022-11-30,340.01,132.16,38.93,176.77,98.04
2022-12-01,339.71,132.82,38.8,176.95,98.43
2022-12-02,339.31,132.6,38.95,177.05,98.61
2022-12-05,333.24,131.88,38.5,176.98,98.57
2022-12-06,328.44,131.31,38.45,177.02,98.8
2022-12-07,327.83,130.7,38.23,177.93,99.61
2022-12-08,330.29,130.71,38.69,177.12,99.52
2022-12-09,327.86,131.42,38.43,176.6,99.01
2022-12-12,332.55,130.73,38.32,176.2,98.95
2022-12-13,334.97,132.89,38.59,176.14,98.78
2022-12-14,332.94,132.51,38.61,175.7,98.28
2022-12-15,324.65,127.86,37.72,174.55,97.48
2022-12-16,321.03,126.8,37.83,175.0,97.57
2022-12-19,318.14,127.04,37.86,174.03,96.42
2022-12-20,318.47,126.75,37.85,173.87,95.27
2022-12-21,323.2,129.07,38.19,174.03,95.87
2022-12-22,318.53,127.44,37.85,173.99,96.14
2022-12-23,320.4,127.23,37.8,173.26,95.83
2022-12-27,319.1,127.76,38.36,171.7,94.77
2022-12-28,315.27,126.96,37.8,171.52,94.26
2022-12-29,320.77,128.34,38.43,171.47,94.16
2022-12-30,319.96,126.45,37.9,171.38,93.98
