timestamp,Open,High,Low,Close,Volume
2025-07-04 21:00:00,-1.808419859853212,-1.7949637315881177,-1.7762909149399142,-1.7676559884453493,-0.658309825465679
2025-07-04 22:00:00,-1.758143850712238,-1.7184639147688285,-1.7302632224630818,-1.688546346667812,-0.48202388126343754
2025-07-04 23:00:00,-1.6792913965544667,-1.7239903881662488,-1.7136312689940743,-1.7508467717604563,-0.7576693170129071
2025-07-05 00:00:00,-1.7413851809985812,-1.7308843065610644,-1.714316086639719,-1.7021106296827013,-0.7669562867716879
2025-07-05 01:00:00,-1.6928134822322665,-1.7373586937377732,-1.7284471702082442,-1.7515624982649747,-0.8179974528225066
2025-07-05 02:00:00,-1.7420985599037204,-1.7601313018037985,-1.7607714979873852,-1.73160040276597,-0.6725742980935192
2025-07-05 03:00:00,-1.7222019405365876,-1.7228497168002652,-1.6879517759131342,-1.711612992181593,-0.7573894299486125
2025-07-05 04:00:00,-1.7022823829409957,-1.6864366748050295,-1.6963355332337244,-1.7155391317851554,-0.7836490539793382
2025-07-05 05:00:00,-1.7061979385393018,-1.7440938705906004,-1.703814770319281,-1.7183076815759444,-0.8190344592236901
2025-07-05 06:00:00,-1.70895511360032,-1.716615709672852,-1.6898589813699485,-1.684894070260509,-0.7662940935426032
2025-07-05 07:00:00,-1.6756510996976925,-1.7203937583721125,-1.7035833814219454,-1.7349166789492818,-0.8042849788566336
2025-07-05 08:00:00,-1.7255096330806734,-1.7533779830604583,-1.721858429788186,-1.7403226003612229,-0.8298831678777733
2025-07-05 09:00:00,-1.7309001167690248,-1.753774836915423,-1.7341010059926076,-1.7292553053122586,-0.7644938128462488
2025-07-05 10:00:00,-1.7198645350564041,-1.7327755986470093,-1.69135716604865,-1.7276052220204918,-0.7566032157968492
2025-07-05 11:00:00,-1.7182198640757458,-1.7321020809617262,-1.6838942897942195,-1.721396121990939,-0.7996111503302535
2025-07-05 12:00:00,-1.7120357176826433,-1.747123566306216,-1.7105928289280667,-1.713028335590848,-0.8985873842215564
2025-07-05 13:00:00,-1.7036953778141983,-1.7291313463902789,-1.6803393149169894,-1.7182248322056464,-0.7852849794491028
2025-07-05 14:00:00,-1.708870242155015,-1.7311881832271507,-1.6795446459766503,-1.7027504109311127,-0.8299228628985778
2025-07-05 15:00:00,-1.693448871160639,-1.737986856696772,-1.6927314758631222,-1.7338718563349704,-0.8016849847280327
2025-07-05 16:00:00,-1.7244682375085423,-1.7562285276072596,-1.7354262333137045,-1.7237481235588417,-0.7163481978579618
2025-07-05 17:00:00,-1.7143777108085168,-1.7457515858361947,-1.7176046136957763,-1.7264890568928657,-0.8480875125574319
2025-07-05 18:00:00,-1.7171096538182309,-1.7595847773521036,-1.711875985540559,-1.7449184390413612,-0.8588606074003493
2025-07-05 19:00:00,-1.7354762933470107,-1.743885238849705,-1.7147928880039252,-1.7145909667695247,-0.859884783538254
2025-07-05 20:00:00,-1.7052505897038586,-1.7456631441199457,-1.7053597002297665,-1.724954042170957,-0.8902113928896668
2025-07-05 21:00:00,-1.7155819678027229,-1.7500602848329532,-1.6894335997607093,-1.7265074678640433,-0.914123123341523
2025-07-05 22:00:00,-1.717130298223845,-1.7364538669484528,-1.692537483151215,-1.703845863716162,-0.9019091735786448
2025-07-05 23:00:00,-1.6945430246582296,-1.7251151853780358,-1.6613677625971572,-1.7016250403178994,-0.7286338067969741
2025-07-06 00:00:00,-1.6923271917888927,-1.7251151853780358,-1.6774130634072644,-1.699583723888612,-0.905134312250246
2025-07-06 01:00:00,-1.6902925709243937,-1.7323152481752506,-1.6839667449034854,-1.6969923796954056,-0.8962108715733802
2025-07-06 02:00:00,-1.6877097263996785,-1.7209538892416913,-1.6897865262606828,-1.7334069793127422,-0.8397457600393671
2025-07-06 03:00:00,-1.724009472939321,-1.759131230089287,-1.6977449019720336,-1.73560018625424,-0.9229903517061558
2025-07-06 04:00:00,-1.7261908984659675,-1.759131230089287,-1.7200704246724214,-1.7497260038900382,-0.8648700172727886
2025-07-06 05:00:00,-1.740272676918218,-1.7795113763439534,-1.7126519563881837,-1.7464488510204743,-0.9140670894338779
2025-07-06 06:00:00,-1.7370016855396706,-1.7323719415831027,-1.709026863663279,-1.7191476821359115,-0.805366036323976
2025-07-06 07:00:00,-1.7097900651163027,-1.7376807122943727,-1.6944259905153185,-1.7379429823365555,-0.8301529007476074
2025-07-06 08:00:00,-1.728526010123306,-1.7669118333829066,-1.7109878261366485,-1.746006987712219,-0.6840089766165128
2025-07-06 09:00:00,-1.7365635653760634,-1.769107002134941,-1.746399676475169,-1.781738080024601,-0.7438545577499797
2025-07-06 10:00:00,-1.772179752707567,-1.7566367201437951,-1.7505576648424226,-1.749307154295756,-0.7139573831086568
2025-07-06 11:00:00,-1.7398529073373832,-1.763854924831523,-1.7155034155270514,-1.729727086448678,-0.9112183695756663
2025-07-06 12:00:00,-1.7203393563855498,-1.7289703371119776,-1.6931194612869362,-1.6936001582559836,-0.7339832237635792
2025-07-06 13:00:00,-1.6843263377016706,-1.5262279074239784,-1.658974406729778,-1.5695148152636573,0.35017671422905683
2025-07-06 14:00:00,-1.5606479974852776,-1.5438618250022897,-1.5607743610580087,-1.5324443247981274,-0.20505648238478405
2025-07-06 15:00:00,-1.5237013929030314,-1.5550077489860117,-1.548185870138381,-1.5387178632267973,-0.3049455233500038
2025-07-06 16:00:00,-1.529952060158673,-1.5650969078473667,-1.5383366498013387,-1.5500106926726862,-0.6825790192434622
2025-07-06 17:00:00,-1.5412101426873661,-1.5626046656381911,-1.5338584565963607,-1.5356731488683493,-0.8257829695696416
2025-07-06 18:00:00,-1.5269173325332743,-1.5713626632831803,-1.6414870155191124,-1.6404384789814783,-0.5085622327286367
2025-07-06 19:00:00,-1.6313390299566002,-1.6387257704930287,-1.6318995684800635,-1.6233001661867923,-0.7670031774442039
2025-07-06 20:00:00,-1.6142615188673346,-1.5913187428471143,-1.5783365446395314,-1.5940704480714043,-0.8479306651905822
2025-07-06 21:00:00,-1.5851230872532382,-1.3962934198359407,-1.548277023340361,-1.4691566113760974,0.16646736999194134
2025-07-06 22:00:00,-1.460623558457935,-1.43559555789532,-1.4224411966374586,-1.4644434027547049,-0.3487417831561281
2025-07-06 23:00:00,-1.4559235154462642,-1.4919510730366088,-1.4753381009250601,-1.4701715161622477,-0.6028837571185611
2025-07-07 00:00:00,-1.461630546687376,-1.4897196205035483,-1.5168315059187751,-1.5578008348520869,-0.661589853282153
2025-07-07 01:00:00,-1.5489747330214363,-1.5348521086264373,-1.5449394137909316,-1.5126801472392757,-0.5932090993232557
2025-07-07 02:00:00,-1.504002042300664,-1.441650413853922,-1.4656197672370146,-1.4331930805526032,-0.3936925139175095
2025-07-07 03:00:00,-1.424773401196131,-1.3962934198359407,-1.3848907519447846,-1.4274511589166778,-0.5531628296192435
2025-07-07 04:00:00,-1.4190549008407847,-1.4535446908212921,-1.4400033802189813,-1.4874571167263522,-0.7650005116099422
2025-07-07 05:00:00,-1.4788617439073337,-1.509306059048289,-1.4618591133399303,-1.498674000916131,-0.763850723775117
2025-07-07 06:00:00,-1.4900418364592567,-1.5153790568974042,-1.5240255970904446,-1.5689785957281175,-0.5208093806119106
2025-07-07 07:00:00,-1.5601158305849792,-1.5411836284153577,-1.5507381597938268,-1.5030258942281702,-0.515893055649447
2025-07-07 08:00:00,-1.4943817492840907,-1.5351106305662428,-1.5026934105654823,-1.5143900661873708,-0.7242376501445891
2025-07-07 09:00:00,-1.505706352675323,-1.5523794425979864,-1.5259187789777242,-1.551819570590858,-0.652883679659234
2025-07-07 10:00:00,-1.5430153812672514,-1.57786653103197,-1.5495227837674246,-1.5943765304672277,0.3991594035437035
2025-07-07 11:00:00,-1.5854281656917708,-1.6001629144720395,-1.5700018698123135,-1.5994694653691544,-0.5104047358441239
2025-07-07 12:00:00,-1.5905066894730515,-1.6362153863933369,-1.632801751453509,-1.6673967435278658,0.2843997752303509
2025-07-07 13:00:00,-1.6582088707758968,-1.6520940760645497,-1.6993202162831802,-1.6236729883531353,0.04157497063569081
2025-07-07 14:00:00,-1.6146308243455578,-1.6321379965006158,-1.7108265550869906,-1.6958670090821923,-0.24225058307521888
2025-07-07 15:00:00,-1.6865880470279322,-1.640880119991408,-1.6516611152170586,-1.6798839847288838,-0.49726727473205545
2025-07-07 16:00:00,-1.6706574473617202,-1.6698821997122206,-1.7257265977183731,-1.7525336769945785,-0.08683720256905433
2025-07-07 17:00:00,-1.7430688469676228,-1.701530727711568,-1.7479890143558505,-1.7603031068314088,-0.47087787623069194
2025-07-07 18:00:00,-1.7508104990732338,-1.759131230089287,-1.8175926644833134,-1.741574546401281,-0.30698715571966956
2025-07-07 19:00:00,-1.7321456625744627,-1.7104383959532876,-1.7014798459916327,-1.7341756373593977,-0.5750863598755057
2025-07-07 20:00:00,-1.724773315947075,-1.749946898017249,-1.7349798163501595,-1.7732598277974434,-0.710840699559441
2025-07-07 21:00:00,-1.7637270155196614,-1.7335058097401443,-1.7505576648424226,-1.7087984149628614,-0.616469905769162
2025-07-07 22:00:00,-1.6994793314230527,-1.7409893395766196,-1.7101113530406846,-1.7427942732417792,-0.7073178482318054
2025-07-07 23:00:00,-1.7333613886829,-1.7137765038076187,-1.6993202162831802,-1.686707550921476,-0.8015369089200876
2025-07-08 00:00:00,-1.677458632100426,-1.6627524367407418,-1.6585934330907346,-1.67818096989498,-0.42965434438532
2025-07-08 01:00:00,-1.668960018455599,-1.7137765038076187,-1.7763540210028244,-1.8151033625406943,-0.5510836282167788
2025-07-08 02:00:00,-1.8054333025075797,-1.7942811429575798,-1.8371391831540957,-1.801025873704238,0.5828527508361054
2025-07-08 03:00:00,-1.791401988157944,-1.781808593230121,-1.7769897561550971,-1.7698837159578031,-0.7662004013998653
2025-07-08 04:00:00,-1.760361977404423,-1.7774454685618233,-1.762246310050193,-1.7427919718703797,-0.8116303417513566
2025-07-08 05:00:00,-1.7333613886829,-1.7318299526040368,-1.7061520319085175,-1.6986746821867325,-0.7505936126527731
2025-07-08 06:00:00,-1.689386510900182,-1.6929019910364802,-1.6722033073248577,-1.6782431069227044,-0.6515913762927861
2025-07-08 07:00:00,-1.6690242454952897,-1.6686485511573588,-1.6533205709454177,-1.6356930511605259,-0.43919677464690426
2025-07-08 08:00:00,-1.6266114610707736,-1.6627524367407418,-1.6424967125256609,-1.6868410304625119,-0.678306303698845
2025-07-08 09:00:00,-1.6775939676483453,-1.6709208229440713,-1.6502564210019286,-1.6390576561431796,-0.8264322730672515
2025-07-08 10:00:00,-1.6299650300717807,-1.5777123249626137,-1.6058648116375585,-1.5555685045968377,-0.3390475157232042
2025-07-08 11:00:00,-1.5467474310378682,-1.553901093664738,-1.5270336527557908,-1.5731509820711782,-0.35701163862527474
2025-07-08 12:00:00,-1.5642745314049722,-1.5665573300336368,-1.5428195175294925,-1.5287759387910465,-0.6989897733988121
2025-07-08 13:00:00,-1.5200450392863363,-1.5059248642039897,-1.556270457975549,-1.5091176243164657,-0.15922349633516095
2025-07-08 14:00:00,-1.500453498357736,-1.5385235737189389,-1.645383230588369,-1.660688245905132,-0.1500878731351032
2025-07-08 15:00:00,-1.6515246710023412,-1.6620585094286329,-1.6530798330017233,-1.685462508995609,-0.39828009869269576
2025-07-08 16:00:00,-1.6762176739406813,-1.6541463774287959,-1.6812485096752021,-1.6461044553613002,-0.5326123159383983
2025-07-08 17:00:00,-1.6369887156265626,-1.5323575986809455,-1.6011225078729991,-1.519153904979501,0.6063482485173751
2025-07-08 18:00:00,-1.5104522721439189,-1.5215722447711653,-1.4911379892682968,-1.4831236343854906,0.0022586879041598196
2025-07-08 19:00:00,-1.4745447693109588,-1.5215722447711653,-1.5317923173514765,-1.5695815550341736,-0.622581140060137
2025-07-08 20:00:00,-1.5607191059935064,-1.5688681533376885,-1.556443415333154,-1.6021091383617025,-0.8008567116946754
2025-07-08 21:00:00,-1.5931399981003813,-1.561747461311468,-1.557969647150925,-1.542420769804838,-0.7859894396984675
2025-07-08 22:00:00,-1.5336474087637513,-1.5610263211635875,-1.5126080742270231,-1.5361817519471241,-0.8105960114189915
2025-07-08 23:00:00,-1.5274265612051103,-1.5609310762383966,-1.5114417806939928,-1.5348078332230166,-0.8580816335014445
2025-07-09 00:00:00,-1.5260548551431359,-1.564654699266121,-1.5219828304614507,-1.530801145620552,-0.8298392208809573
2025-07-09 01:00:00,-1.522065897213756,-1.5241937479502452,-1.5350434482221051,-1.5675379372334937,-0.7116367556976358
2025-07-09 02:00:00,-1.5586776036604693,-1.5918403221993542,-1.5635790749650926,-1.6064840453877114,-0.6255533010261164
2025-07-09 03:00:00,-1.5974982615079845,-1.630913418891012,-1.6224780670138517,-1.6605938896778476,-0.5086750438963763
2025-07-09 04:00:00,-1.65143062426565,-1.6539082651158166,-1.62796361996379,-1.619813588520089,-0.7190756174634599
2025-07-09 05:00:00,-1.6107863772554805,-1.5681424777171824,-1.5894759333738333,-1.568150102025137,-0.453420006080845
2025-07-09 06:00:00,-1.5592900543603794,-1.5867832702189475,-1.54791708505562,-1.5539023117052926,-0.7122611568881868
2025-07-09 07:00:00,-1.5450889971201338,-1.5830868600269907,-1.5460145541219819,-1.582812139196475,-0.7808425714073085
2025-07-09 08:00:00,-1.5739039997129283,-1.5918403221993542,-1.5509228034593785,-1.596673299121597,-0.652917918473059
2025-07-09 09:00:00,-1.5877219885378777,-1.6018705199165442,-1.5745221337258994,-1.571540022093163,-0.5419781702591226
2025-07-09 10:00:00,-1.5626688554126973,-1.5777123249626137,-1.5383366498013387,-1.5400963846937001,-0.8016929534662915
2025-07-09 11:00:00,-1.531328353866337,-1.5285024469470037,-1.4934635645495864,-1.503672579590773,-0.2610629305903919
2025-07-09 12:00:00,-1.4950240196810014,-1.441648146117609,-1.4717550789087603,-1.4409602090180342,0.32557979122332764
2025-07-09 13:00:00,-1.4325196409474352,-1.380557597552516,-1.4400033802189813,-1.4747374370142219,1.0437552203566967
2025-07-09 14:00:00,-1.4661860788597445,-1.4505059241604183,-1.5862505123806863,-1.5400296449231838,0.6311646835014488
2025-07-09 15:00:00,-1.5312618330038015,-1.5061221572633139,-1.5129726870349434,-1.5006692899174725,-0.047215922327483784
2025-07-09 16:00:00,-1.492030580866831,-1.4472517225497106,-1.4589889561083482,-1.4230233203485316,-0.5357575739557738
2025-07-09 17:00:00,-1.414636998039184,-1.4534811942044947,-1.4589889561083482,-1.4784196312496853,-0.5907720629186393
2025-07-09 18:00:00,-1.4698516077678259,-1.4235107910775708,-1.4379699626363462,-1.393616396635561,-0.20686706594608884
2025-07-09 19:00:00,-1.3853265297116295,-0.8747616900593528,-1.3532255319338098,-0.884205536501752,6.602304824255704
2025-07-09 20:00:00,-0.8775911365487007,-0.8855243666059908,-1.1056160391700989,-1.1224043802224928,1.4555639437066823
2025-07-09 21:00:00,-1.1150063887664634,-1.0379910822107614,-1.0768700588840783,-1.098610501347207,-0.013851603191092788
2025-07-09 22:00:00,-1.0912905543605638,-1.0099051679608368,-1.0450903130552298,-0.9688568806036627,-0.1727959078324947
2025-07-09 23:00:00,-0.9619625284742082,-0.983338637041351,-0.9488979750886138,-1.0029586019668482,-0.12658296461182203
2025-07-10 00:00:00,-0.9959501015849744,-1.0290924849142968,-1.0221150316330345,-1.075988020513077,-0.4404773925128456
2025-07-10 01:00:00,-1.0687422757833316,-1.0207562862237274,-1.0306834326191763,-1.0131490745134932,-0.33355313016189303
2025-07-10 02:00:00,-1.0061117367932289,-0.9697322191568506,-0.9675773697097914,-1.0075797557323554,-0.30519117160047343
2025-07-10 03:00:00,-1.0005583916828025,-1.0513389781554565,-1.0058313301408244,-1.0396608730088337,-0.5662966334372602
2025-07-10 04:00:00,-1.0325319883346873,-1.0593599614983684,-1.0139509769018331,-1.022287820331636,-0.6043536325181512
2025-07-10 05:00:00,-1.015218213492273,-1.0642174526831347,-1.0264763617585506,-1.03698437807393,-0.3292129479489572
2025-07-10 06:00:00,-1.029866566187512,-1.0319838487147532,-0.9825031222186557,-1.0031081911076658,-0.450406455250476
2025-07-10 07:00:00,-0.9961037877156632,-1.0034171743662441,-0.9689610285706189,-1.003876849154318,-0.29220193496684
2025-07-10 08:00:00,-0.9968699245462622,-1.0110140910184235,-0.9786139189341663,-1.0031104924790617,-0.4424058866396939
2025-07-10 09:00:00,-0.9961014938928183,-1.0429801021017449,-0.9975948203003538,-1.0472899191904335,-0.6120306644088027
2025-07-10 10:00:00,-1.0401360110695337,-1.0791958510376563,-1.0329435645759675,-1.036438953052803,-0.5092916250191583
2025-07-10 11:00:00,-1.0293229301729858,-1.0620404258216165,-1.010349256792819,-1.0522079498661734,-0.49798083361540224
2025-07-10 12:00:00,-1.0450402043145082,-1.09695222637693,-1.0605185768057785,-1.0869563565919649,-0.5069376508172516
2025-07-10 13:00:00,-1.0796746354678781,-1.0924190214850762,-1.1194993730101623,-1.1028335178610054,-0.22950277245014178
2025-07-10 14:00:00,-1.0950937126394094,-1.0290924849142968,-1.0862401405953266,-0.9998333396094979,0.04615400685770747
2025-07-10 15:00:00,-0.992839677805654,-1.0088710802016154,-1.0097626041339218,-0.9628203834289005,-0.16210055278874838
2025-07-10 16:00:00,-0.9559458311488706,-0.7102170108457718,-0.9273016780040668,-0.6785826049078787,2.5983827303812186
2025-07-10 17:00:00,-0.6726426528947377,-0.4691906567034182,-0.6413073381603263,-0.43018638452629815,3.0607339804455878
2025-07-10 18:00:00,-0.42505659017733766,-0.47537250589560837,-0.5385402833431872,-0.49987651317524207,0.9100793387227764
2025-07-10 19:00:00,-0.49451813360314995,-0.49373436683074207,-0.512173635355011,-0.5270764217183326,0.3684835226103577
2025-07-10 20:00:00,-0.5216334134669783,-0.5164117299715761,-0.4718488611559144,-0.4830396800335841,-0.2138256030931288
2025-07-10 21:00:00,-0.4777388194838756,0.22921997009905024,-0.4451152630982265,0.2067641770669836,8.348490267233114
2025-07-10 22:00:00,0.20980246511683778,0.14575593505920953,0.1192492692851696,0.09580585652408344,2.348994658871028
2025-07-10 23:00:00,0.09920809041463736,0.05505555344113116,0.08322739367185814,0.09617867869042306,0.8807081008065405
2025-07-11 00:00:00,0.09958198353855052,0.054785692819754706,-0.015793030817735188,-0.00033393359247316923,0.5090797479424612
2025-07-11 01:00:00,0.0033859348413643633,0.05026155887315895,0.05253681174359452,0.08641395985225471,0.13026102116938443
2025-07-11 02:00:00,0.08984699937967543,0.21379936316328302,0.09654511020732662,0.2486606433523682,0.9730529469638389
2025-07-11 03:00:00,0.25156151003021554,0.2478154078745342,0.25720613458985253,0.29678922338127195,0.8586796255381595
2025-07-11 04:00:00,0.29952993338800304,0.24305316161495905,0.2828575805317229,0.305180023495336,-0.036593579361329565
2025-07-11 05:00:00,0.30789550530775533,0.5775941581411727,0.38059251114723613,0.5220175379075922,2.881582763412789
2025-07-11 06:00:00,0.5240240815136448,0.5766371734166292,0.5404752274205459,0.47321925880211274,1.1911422676561787
2025-07-11 07:00:00,0.4753812742391013,0.5105984242142046,0.5092283772340429,0.44526910318354773,3.613881492136899
2025-07-11 08:00:00,0.447525089595978,0.516088613830602,0.5228662986072391,0.5460415539225947,0.44926635397005893
2025-07-11 09:00:00,0.547964710558462,0.6832162447059206,0.6062738156807321,0.6623942890204495,1.2130954874092748
2025-07-11 10:00:00,0.6639403936576308,0.5925906983862074,0.6209938891697425,0.550418762320003,0.9535281704610424
2025-07-11 11:00:00,0.5523298554346032,0.5110088844870565,0.5360204068314618,0.5131664635140986,0.1635115181787044
2025-07-11 12:00:00,0.5151997450246711,0.5447165170595922,0.5731314463453582,0.5261001707661637,0.2420165540955261
2025-07-11 13:00:00,0.5280887355969466,0.5288287564431211,0.46363307815121735,0.5516615028744706,1.1372135044140381
2025-07-11 14:00:00,0.5535662259486548,0.5245336638642498,0.49040640965592186,0.5215089348288207,0.558936218327425
2025-07-11 15:00:00,0.5235125590189605,0.476856775596959,0.33536649939551033,0.3015967882299489,0.9115749341171202
2025-07-11 16:00:00,0.3043217293135203,0.3574377812973251,0.3073684428180447,0.41454809640279455,0.34594397617917527
2025-07-11 17:00:00,0.41690255460045017,0.4282591863861508,0.45815219972445853,0.4713022164282741,0.11376409759808581
2025-07-11 18:00:00,0.47347510745398363,0.4257306603959491,0.4698385076706409,0.4837319233443596,-0.43121880395058754
2025-07-11 19:00:00,0.4858640446458094,0.5173925622112,0.4994235648671966,0.5791928088987532,-0.0877056463687839
2025-07-11 20:00:00,0.5810095224794782,0.5106029596868338,0.5537906066944264,0.4769313708657405,-0.5099090981648795
2025-07-11 21:00:00,0.4790835043127178,0.4587171528206046,0.5098267162008869,0.4666971722625487,-0.6228073124764291
2025-07-11 22:00:00,0.46888287411607993,0.41016718607239355,0.4340316601235388,0.46575360998970977,-0.28643494719523943
2025-07-11 23:00:00,0.46794011292632987,0.4127342635799376,0.5017631637180211,0.4454486101525263,-0.7336609358755637
2025-07-12 00:00:00,0.44770400777797403,0.40586982575720615,0.4327064328024421,0.4179080986426564,-0.4550640043582115
2025-07-12 01:00:00,0.42025382977861253,0.4173264296159565,0.4950785955728068,0.4724091760703098,-0.559914462045483
2025-07-12 02:00:00,0.47457384859727075,0.4406705072331284,0.5296724043550947,0.4620944294682192,-0.5642526074727071
2025-07-12 03:00:00,0.4642929346010178,0.4513810258445467,0.5399493435629678,0.502237250748962,-0.6890899987476928
2025-07-12 04:00:00,0.5043063803285079,0.4579370515285627,0.5369179152817277,0.47278429960804874,-0.6943716368379504
2025-07-12 05:00:00,0.4749477417211839,0.42216351117389683,0.518072575087713,0.48273542952938686,-0.7001008920392131
2025-07-12 06:00:00,0.48486852553059645,0.4817482828264385,0.553979924883154,0.5190924948617976,-0.5791657591820997
2025-07-12 07:00:00,0.5211063388533965,0.4983526481181542,0.5459467568009493,0.49247253191079365,-0.459891483835908
2025-07-12 08:00:00,0.4945736899924778,0.48592772085329267,0.5690482503489618,0.5379614389471492,-0.4040266294048853
2025-07-12 09:00:00,0.5399156861914735,0.531282447134961,0.6056684649291173,0.5906927617703857,-0.4847563407985435
2025-07-12 10:00:00,0.5924740490643198,0.5219371057846217,0.6031348733663857,0.5719457903690837,-0.5026811106219363
2025-07-12 11:00:00,0.5737862743370895,0.5100110805088578,0.5457995093208263,0.5104255301800745,-0.5935730446825425
2025-07-12 12:00:00,0.5124678020149569,0.4544492730775013,0.47208461605789726,0.452884341136765,0.29381192554163155
2025-07-12 13:00:00,0.45511764321659,0.3887801648942734,0.45555316483722863,0.43908301686796786,0.08861606795332867
2025-07-12 14:00:00,0.4413592937856414,0.42407748062298045,0.47350333384256205,0.41364595881510635,-0.36970255305386535
2025-07-12 15:00:00,0.41600566986762155,0.3638373331756688,0.37635973040912873,0.3470304623527746,0.12529010440302785
2025-07-12 16:00:00,0.34960637994136334,0.34981138407306483,0.41043934164178525,0.36798905166675544,-0.6179492217448611
2025-07-12 17:00:00,0.37049851842370585,0.3835825132623946,0.44338304374207266,0.43411205465009073,-0.727939366938629
2025-07-12 18:00:00,0.43640463643804905,0.3747542157916662,0.4882818388713067,0.4400035654268338,-0.7982256751677823
2025-07-12 19:00:00,0.4422791167469291,0.40428467807366064,0.5024947265954532,0.4508108055079208,-0.58103634615313
2025-07-12 20:00:00,0.4530486150094039,0.3840972894056925,0.4051781658044152,0.3293904505935083,-0.8089444012125419
2025-07-12 21:00:00,0.3320265216487998,0.3851268416922849,0.39972299725513466,0.4356815899429587,-0.7308521489109406
2025-07-12 22:00:00,0.43796672979625073,0.3869977241514037,0.4726525706240801,0.4127023965422675,-0.6920450180061862
2025-07-12 23:00:00,0.4150674963235646,0.3634744953654174,0.4510305636620547,0.42067204569065003,-0.8646175896479792
2025-07-13 00:00:00,0.4230087110167858,0.36312526397304673,0.4577338298999867,0.3967607968741098,-0.795464403291733
2025-07-13 01:00:00,0.3991758916457359,0.404427545461449,0.45225996325799184,0.45136543601463497,-0.6876147860775152
2025-07-13 02:00:00,0.45360142631531314,0.4444644300865923,0.49506690926485997,0.46669947363394465,-0.8027878967573909
2025-07-13 03:00:00,0.4688851679389248,0.4461879096852937,0.5401456735364628,0.4974457955000668,-0.8334562698309965
2025-07-13 04:00:00,0.4995283473400668,0.46148832659641476,0.559640772452285,0.526355622991249,-0.7078769236090922
2025-07-13 05:00:00,0.5283456437557095,0.46432753246164815,0.5634808932433989,0.4989163718228549,-0.8148335663927461
2025-07-13 06:00:00,0.5009963939615772,0.48115867138477547,0.5732179250241589,0.5284935970192136,-0.7610496974100669
2025-07-13 07:00:00,0.5304766051797414,0.4983526481181542,0.5988553473964944,0.5539214495864879,-0.5804916769463151
2025-07-13 08:00:00,0.5558187599835334,0.48750606532789614,0.5765087893418043,0.5301666940249533,-0.7922582795757903
2025-07-13 09:00:00,0.5321442143888621,0.4635542343785449,0.5609052309720628,0.49412261520256034,-0.8135341417098316
2025-07-13 10:00:00,0.4962183609731361,0.4508866593280748,0.5724816876235508,0.4961547261462572,-0.8918061217666787
2025-07-13 11:00:00,0.49824610036909384,0.5055799237511404,0.5745454896068469,0.5707237621571865,-0.6380228896963859
2025-07-13 12:00:00,0.572568254405804,0.630364382169893,0.6309997060332633,0.6535961461690897,-0.013274598152723392
2025-07-13 13:00:00,0.6551688150941166,0.6560079444095487,0.6696299655801635,0.6945375433246489,0.05691620415371505
2025-07-13 14:00:00,0.6959736297035131,0.7979682376711704,0.7159988982490257,0.7306529646603568,1.7830048653785344
2025-07-13 15:00:00,0.7319728854503161,0.7408212825562683,0.7579854654380697,0.7088589775292075,-0.1964043356178963
2025-07-13 16:00:00,0.7102480892748356,0.7088212554282372,0.7549844215574909,0.6756662978678981,-0.3195880799007209
2025-07-13 17:00:00,0.677164282365436,0.6775128878760021,0.7228610982750242,0.7151555296718503,-0.5201101684308397
2025-07-13 18:00:00,0.7165262824046327,0.7286299321317571,0.7718150422615815,0.7826156294369377,-0.5697700518270025
2025-07-13 19:00:00,0.7837651114925634,0.8233668843889046,0.8432020229816329,0.7753317889649127,-0.14436953034779934
2025-07-13 20:00:00,0.7765074560074812,0.7960111812321153,0.826504626188127,0.8035281913229759,-0.6071247761147305
2025-07-13 21:00:00,0.8046090796951396,0.7316596278473727,0.7503122356406059,0.7034806725740311,-0.41265469155240847
2025-07-13 22:00:00,0.7048874252834848,0.6615956466874501,0.690401209323707,0.6738252007501663,-0.16937116416114728
2025-07-13 23:00:00,0.6753315179113953,0.7576025312804856,0.7237936656491308,0.8042278082277124,-0.4969366464295563
2025-07-14 00:00:00,0.8053086956631995,0.8194074167845136,0.8475797139382719,0.7984191468212675,-0.23790469191547087
2025-07-14 01:00:00,0.7995167929767795,0.7666961538999614,0.8450110634516997,0.8074359199553607,-0.5192869947952862
2025-07-14 02:00:00,0.8085039908878283,0.9392482100385671,0.8600583535632053,0.933389976522187,0.9105396671606684
2025-07-14 03:00:00,0.9340449152552625,1.2779300930742958,1.0057024722348868,1.1870839538600384,3.747729691788848
2025-07-14 04:00:00,1.1869090643415534,1.2656366945156514,1.2312318547650838,1.3366178617622126,0.9592577378703337
2025-07-14 05:00:00,1.3359502037673525,1.5440534850046135,1.3647759701892872,1.581021202769711,2.982121021646734
2025-07-14 06:00:00,1.579551896201066,1.49854001718096,1.572514117502214,1.5048458095235584,0.6663707177997307
2025-07-14 07:00:00,1.5036263599949258,1.6692325295420178,1.591724070504149,1.6440902859090079,1.617445400387101
2025-07-14 08:00:00,1.6424141112986244,1.5674542560296407,1.6384693022888785,1.607719412348218,0.2265480586381434
2025-07-14 09:00:00,1.6061648288615964,1.5252244703887792,1.5422769643222627,1.468656744303143,0.34310814605243845
2025-07-14 10:00:00,1.467555995739894,1.4226502214301566,1.4815151747868818,1.4529475831460945,0.06579825496619146
2025-07-14 11:00:00,1.451898360992366,1.3715876028459408,1.4177266314934402,1.3520922830367494,0.08526763684444935
2025-07-14 12:00:00,1.3513715747617288,1.3806925641469876,1.4281180965191838,1.4558289001353457,0.34503675911567855
2025-07-14 13:00:00,1.4547725210185376,1.420235082255659,1.3785658135657826,1.4081076628437377,0.6737909808872677
2025-07-14 14:00:00,1.4072055166588189,1.3908497550977659,1.2411348321186777,1.2811294960051738,1.7205665496964888
2025-07-14 15:00:00,1.2806415473020227,1.2062197353503499,1.010143269254436,0.9864020666558746,2.097087826787921
2025-07-14 16:00:00,0.9868808306924891,1.0074118281672866,0.9143856619434185,1.0763028389147176,1.1067125194450163
2025-07-14 17:00:00,1.0764913139985042,1.058764716999705,1.0470018845166946,0.9905882612273178,0.7057756378773429
2025-07-14 18:00:00,0.9910555882724031,0.9831810656513041,1.014887910280587,0.93271337333142,0.16910173673780815
2025-07-14 19:00:00,0.9333682375156582,0.9629029675307706,1.009960962850476,1.0004818568637301,-0.00027630748625473363
2025-07-14 20:00:00,1.0009190265106631,1.040842796909504,0.989346315633411,1.052874878091583,-0.2174545159482623
2025-07-14 21:00:00,1.0531356097794415,0.9949211365493148,1.0605439781647314,1.0224760633064318,-0.607033403231635
2025-07-14 22:00:00,1.0228365038052156,1.0075070730924778,1.083135948686292,1.0275459844943853,-0.5962996466003462
2025-07-14 23:00:00,1.027892089358034,0.9524033483965637,1.0462189018843024,0.9778754856293785,-0.6306185046171706
2025-07-15 00:00:00,0.9783822170476623,0.9260567878995443,0.8928828553224429,0.8988786110503033,-0.0771560032721931
2025-07-15 01:00:00,0.899649041677886,0.8345286825268234,0.7157394622126204,0.6535040913132044,1.6079793837839178
2025-07-15 02:00:00,0.6550770621802737,0.6799461689410127,0.5931197074565095,0.6119275156520256,1.683099415651344
2025-07-15 03:00:00,0.6136345648196564,0.5428569732820412,0.36232681182735105,0.3581829081434364,2.4784392742929167
2025-07-15 04:00:00,0.3607222454535991,0.37511025039297885,0.224426040800811,0.43459073990070135,1.7176654680917327
2025-07-15 05:00:00,0.4368817515900397,0.43272662692489444,0.39106578032860423,0.4011380052715147,0.687773351260514
2025-07-15 06:00:00,0.40353874269902895,0.3351504688025136,0.3450287388054131,0.3402483208453299,0.5228706455917589
2025-07-15 07:00:00,0.3428487778367308,0.3205779952482148,0.2594849646393581,0.2731817555891557,1.0623761694831662
2025-07-15 08:00:00,0.2760044862783307,0.22786386378322926,0.23611234874699336,0.2728020293086249,0.5763489223824388
2025-07-15 09:00:00,0.2756237116858761,0.3099695247709328,0.3323303965910909,0.2733819749007113,0.33046962310449024
2025-07-15 10:00:00,0.2762040488659409,0.3041028909264001,0.33999895186537527,0.3278071070722579,0.2308128946467955
2025-07-15 11:00:00,0.3304506653535254,0.2957825663900275,0.24506406063376976,0.350245478194614,0.07817476104273156
2025-07-15 12:00:00,0.3528131442802199,0.3649485239695716,0.2634583093410601,0.3710038481970392,1.1391556316248106
2025-07-15 13:00:00,0.373503426352104,0.5972078095216813,0.4364740984842902,0.5744335728494182,2.2470417741649507
2025-07-15 14:00:00,0.5762658968337306,0.5898603438640491,0.10450582318026551,0.09576213046753677,2.956957130347409
2025-07-15 15:00:00,0.0991668016034057,0.20246068159286595,0.1192492692851696,0.18395988789247575,2.3804134759765256
2025-07-15 16:00:00,0.1870729745347615,0.44070905875047073,0.2508300849744157,0.36728253064782423,1.3767517694247664
2025-07-15 17:00:00,0.3697920209871045,0.3812626190130882,0.4324423222428573,0.4098532987525798,0.4416840995167216
2025-07-15 18:00:00,0.41222774364008313,0.345328069380121,0.17044698439739528,0.2594724861762472,1.5201856683976815
2025-07-15 19:00:00,0.262337889761225,0.3055292970679571,0.23199409382675978,0.18963046701509287,0.5280548599099821
2025-07-15 20:00:00,0.1927249540275722,0.1967958762802865,0.21093302964614977,0.19030937157725578,-0.14035701789461372
2025-07-15 21:00:00,0.19339933794432485,0.3952182682899561,0.24779865669317575,0.4514920114414797,-0.12701286020043062
2025-07-15 22:00:00,0.4537252927490048,0.45611152379572484,0.46134489905535636,0.514508163038646,-0.0958065824273007
2025-07-15 23:00:00,0.5165370437439518,0.4797730844968704,0.5165837394553704,0.4984791112573916,-0.45200956914311874
2025-07-16 00:00:00,0.50055827379797,0.5262934272439774,0.49911738359900715,0.5801317684287969,-0.11264540352423336
2025-07-16 01:00:00,0.5819476960235351,0.5301485789779192,0.5357773316261792,0.4907004759349741,-0.338780949534805
2025-07-16 02:00:00,0.4928074464009728,0.4298851533233482,0.403761785281335,0.3970300573275777,-0.17879828559076139
2025-07-16 03:00:00,0.39944426891873,0.37696072322527174,0.4490953110661672,0.435094740236681,-0.4607914755135953
2025-07-16 04:00:00,0.4373840987933377,0.4180543729727754,0.4641426011776727,0.46230845700815393,-0.5406003962280285
2025-07-16 05:00:00,0.4645085539485524,0.48592772085329267,0.5401713834139444,0.5241923338779155,-0.32533960594137123
2025-07-16 06:00:00,0.5261894502803703,0.5505922218493798,0.5773525407755188,0.6177384784298665,-0.48502681702082723
2025-07-16 07:00:00,0.6194287613289248,0.5539598102757951,0.644242630197878,0.5977050404175469,-0.34510845478744434
2025-07-16 08:00:00,0.5994587396307182,0.6661311193156169,0.6600495303258853,0.7152452831563395,0.23753984777171092
2025-07-16 09:00:00,0.7166180353184756,0.7580560785433023,0.7955849926241192,0.8287903451496508,0.10051611484382213
2025-07-16 10:00:00,0.8297906668997015,0.7831712582217761,0.8051256944313807,0.7235900558424576,-0.12522518676162012
2025-07-16 11:00:00,0.7249308493127684,0.6928269112050072,0.7853688222175651,0.7311408553965546,-0.4152951983895084
2025-07-16 12:00:00,0.7324591758936897,0.7315099572506424,0.7690921325101223,0.6953246123424788,-0.22037673849668282
2025-07-16 13:00:00,0.6967604109397262,0.6945594617489667,0.6757839753446235,0.7152498858991314,0.3406253488710293
2025-07-16 14:00:00,0.7166226229641688,0.7716624964278028,0.6801920507019237,0.7973605159785737,0.6552305703842873
2025-07-16 15:00:00,0.7984639282904172,0.8929410345049844,0.710221187600433,0.8063266589419257,2.282091986922764
2025-07-16 16:00:00,0.8073983682760031,0.7893780525134213,0.7436206557106242,0.8514680588973138,-0.04064171326389652
2025-07-16 17:00:00,0.852391703402393,0.871442894247473,0.858749487073235,0.8011692856408821,-0.06495686109010927
2025-07-16 18:00:00,0.80225791127788,0.9177341956268588,0.8391889448329143,0.9021649694054542,0.04849135969884273
2025-07-16 19:00:00,0.9029223268792815,0.8643494150570203,0.8257380043868577,0.8372570905198217,0.18017241043331905
2025-07-16 20:00:00,0.8382273473276826,0.9244829788975698,0.8540632775868151,0.9964659637756783,-0.13706720755990373
2025-07-16 21:00:00,0.9969163056442071,0.9539522122990831,0.9139182096255711,0.8527867447078883,0.5881760761317322
2025-07-16 22:00:00,0.8537060638932114,0.8260881679658048,0.7718641247549569,0.7012874656325334,0.2903921623316959
2025-07-16 23:00:00,0.70270370593399,0.6726758063180618,0.7316118056651261,0.6992369437176589,-0.5273564127099433
2025-07-17 00:00:00,0.7006622036009562,0.748595082640946,0.7785510301617626,0.7599701348888381,-0.5639113789642778
2025-07-17 01:00:00,0.7611938946868724,0.7314963508327584,0.5594795014026271,0.5886031165417597,0.23147380930966704
2025-07-17 02:00:00,0.5903912579200576,0.6045870234877073,0.637434187188431,0.6302280210022805,-0.1349857909671396
2025-07-17 03:00:00,0.631879631737593,0.5667317011967145,0.5776119768119241,0.5837932503216868,-0.3658673896280869
2025-07-17 04:00:00,0.5855948743488472,0.5960036415389003,0.6239411760337699,0.665860154344579,-0.45984349300176675
2025-07-17 05:00:00,0.6673903032181742,0.6318769622913862,0.6861614168008321,0.6892489918539653,-0.4963267406117712
2025-07-17 06:00:00,0.6907047186260051,0.6609969643005322,0.7132759884975667,0.6582909438193044,-0.15716356262818792
2025-07-17 07:00:00,0.6598482137001734,0.6121159080504636,0.60003098997588,0.6258968400328149,0.051940589399877515
2025-07-17 08:00:00,0.6275603633183732,0.5821432371872235,0.6528437528462688,0.6303108703725752,-0.418938190340036
2025-07-17 09:00:00,0.6319599155372048,0.7562418894920355,0.6900693181780357,0.7312052937956749,0.052584273152969006
2025-07-17 10:00:00,0.7325234029333804,0.6831595512980685,0.6898309174959361,0.6324005156012011,-0.4399789152272441
2025-07-17 11:00:00,0.6340404128586253,0.576369580531569,0.627601327682515,0.553000901027622,-0.3126711853579032
2025-07-17 12:00:00,0.5549035246679356,0.5275951078882625,0.5057318338965471,0.5235617581150912,0.5103792766947185
2025-07-17 13:00:00,0.5255609428205358,0.587111847451381,0.5213984983291989,0.6190479587548539,0.219189181595888
2025-07-17 14:00:00,0.6207339465283601,0.6751022841741303,0.6665120586201229,0.7315735132192226,-0.0049804945266732955
2025-07-17 15:00:00,0.7328904145887588,0.7293601432248922,0.7115908228917257,0.7571302425847376,-0.15779994666022512
2025-07-17 16:00:00,0.7583633172947772,0.7024194358135806,0.7114178655341243,0.6827084943432236,-0.21996257224590615
2025-07-17 17:00:00,0.6841856740973695,0.7872849318955233,0.750309898379018,0.8444695884785351,-0.2126216248647333
2025-07-17 18:00:00,0.8454184819502258,0.8897367230931835,0.9167088999631201,0.9177682674782318,-0.014105012041135344
2025-07-17 19:00:00,0.9184744457758873,0.9122916284730586,0.8253500189630436,0.7750049942265157,-0.08944131487022552
2025-07-17 20:00:00,0.7761794393404895,0.811771948614995,0.7231906521591074,0.884826437299216,-0.1713274745366567
2025-07-17 21:00:00,0.8856406655567126,1.1659560770938016,0.9681263176647311,1.0770668942185777,1.741160727900219
2025-07-17 22:00:00,1.077250569360565,1.0967084810069503,0.9806961104916481,0.960737172834696,-0.00437174833870943
2025-07-17 23:00:00,0.9613001183127035,0.9121147450405603,0.907027962460503,0.8251518769707338,-0.12676956094370156
2025-07-18 00:00:00,0.8261618391571587,0.8910633488369236,0.871959689575597,0.9543738809215334,-0.30689160519580777
2025-07-18 01:00:00,0.954959991966064,1.1176034034049147,1.0177417066810461,1.091954465786837,0.6224943097324988
2025-07-18 02:00:00,1.0920893093520314,1.0299667335471585,1.0705077243196477,1.0366179905420083,-0.16855694048908615
2025-07-18 03:00:00,1.036932045194542,1.0480610015972318,1.0890445459838816,1.0657671606584975,-0.3279595219156194
2025-07-18 04:00:00,1.0659856053633336,1.0497527328875362,1.0424675970335773,1.1072631883207744,-0.24222907045532974
2025-07-18 05:00:00,1.1073478189243324,1.0836962100367384,1.1499863046616345,1.1501952717348831,0.16096564010842893
2025-07-18 06:00:00,1.1501367902956134,1.1255903707031167,1.1184379477301183,1.0721902882279852,0.26404818266499824
2025-07-18 07:00:00,1.072389958749664,1.0270708342740764,0.9344206682863538,0.8624225867478159,1.0877863349357233
2025-07-18 08:00:00,0.8633103001498601,0.8191058078547433,0.725768651692035,0.701901931795576,1.126260384474895
2025-07-18 09:00:00,0.7033184504567485,0.7070297437401126,0.7369501111349414,0.7555238853495142,0.38915437018573185
2025-07-18 10:00:00,0.7567622289481922,0.7716579609551737,0.7509409590081111,0.8419887101123918,0.2898651997802287
2025-07-18 11:00:00,0.8429434470992779,0.7766356421645861,0.8139769040698182,0.8237204239616971,-0.28893351831562736
2025-07-18 12:00:00,0.8247373751697281,0.8332270018825384,0.9012596008582656,0.8861106025388342,-0.17525939271726512
2025-07-18 13:00:00,0.8869183248819924,0.8130350777419411,0.750309898379018,0.7321350478401314,0.8497191346885045
2025-07-18 14:00:00,0.7334501073632095,0.7677234384502409,0.4735056711041535,0.5863684849151146,2.1337564962329343
2025-07-18 15:00:00,0.5881616621136414,0.5462404358626566,0.5119092162768974,0.5219899214508272,0.5015179505485349
2025-07-18 16:00:00,0.5239919679937994,0.49838212869023835,0.5118905181841832,0.45137694287162144,0.06730345447418289
2025-07-18 17:00:00,0.45361060160669947,0.48513174540705056,0.48783542190776175,0.4620990322110111,-0.3446119548193584
2025-07-18 18:00:00,0.46429981606955584,0.42313637005263716,0.4546463073406038,0.3955226590624341,-0.09644480997341277
2025-07-18 19:00:00,0.3979418149545293,0.4573542432958416,0.4278916739286136,0.41026064148987557,0.03185361543950628
2025-07-18 20:00:00,0.41262916263815186,0.3815007313260643,0.35595777399668166,0.41721998859490295,0.40539364779802567
2025-07-18 21:00:00,0.41956568292478047,0.45869220772114955,0.4857342237390369,0.4797758659126362,-0.4465672182532742
2025-07-18 22:00:00,0.48191637552765787,0.4773307324866016,0.49373700742058385,0.4813615108052826,-0.4477681190025287
2025-07-18 23:00:00,0.4834991132914737,0.49083056676433995,0.506285764893195,0.5368544793051134,-0.39089327159833825
2025-07-19 00:00:00,0.5388100635796483,0.49247240785573754,0.5667998047001174,0.4942468892580058,-0.5705049746597485
2025-07-19 01:00:00,0.4963422274068244,0.5108614816266391,0.5430765995693672,0.5626045238679895,-0.6127925114672705
2025-07-19 02:00:00,0.5644779412275871,0.5534427663961843,0.618254618587157,0.6004160559234066,-0.5345189257691325
2025-07-19 03:00:00,0.6021654505891217,0.5701559830309784,0.6623353721601584,0.6283800197703541,-0.4699480017845337
2025-07-19 04:00:00,0.6300331043464762,0.5684733226859289,0.6560925464553062,0.5851809772741768,-0.6738836836992571
2025-07-19 05:00:00,0.5869780495250494,0.5515628129918073,0.6437751778800307,0.6015552347650026,-0.6551773828445332
2025-07-19 06:00:00,0.6032985990750991,0.5452743801928549,0.6488260001743709,0.5919907352383865,-0.7963552963354381
2025-07-19 07:00:00,0.5937654713266791,0.5600373435975393,0.6699828920801404,0.591677748728372,-0.7971951954011058
2025-07-19 08:00:00,0.5934558052424567,0.5462381681263404,0.6201828593982771,0.5775841502921373,-0.6524038456530664
2025-07-19 09:00:00,0.5794084341328964,0.5603094719552286,0.6496253436378893,0.6103740899589394,-0.7388274138043409
2025-07-19 10:00:00,0.6120885282213825,0.5946293933325663,0.6756016689406633,0.6554993803145458,-0.4547569997965582
2025-07-19 11:00:00,0.6570681004106929,0.5992918591943212,0.6723365145004997,0.6294202396418735,-0.6384885554048654
2025-07-19 12:00:00,0.6310699122729175,0.5600963047417042,0.6566932226837416,0.609853980023178,-0.557121047609516
2025-07-19 13:00:00,0.6115701242581602,0.557910206934928,0.6535472685846279,0.5974495881924615,-0.6211812141260471
2025-07-19 14:00:00,0.5992087129404899,0.5380403013509302,0.5464329072115109,0.4777782755398955,0.013663453924584552
2025-07-19 15:00:00,0.4799276311200836,0.5403556601276075,0.5542230000884331,0.5675248559151288,-0.5270675162139604
2025-07-19 16:00:00,0.5693775468268717,0.5225539300620526,0.598387895078647,0.5481657197221801,-0.7382605034922363
2025-07-19 17:00:00,0.5500864966911109,0.48245354882011526,0.5731291090837668,0.510004379214393,-0.7531736106004819
2025-07-19 18:00:00,0.5120480324341189,0.49227738253272624,0.5777218281066185,0.5217252637401547,-0.8492377315366777
2025-07-19 19:00:00,0.5237304721893434,0.5179028028818687,0.5411857549436723,0.5559650673871712,-0.6539692269753714
2025-07-19 20:00:00,0.5578579684937224,0.5179028028818687,0.5653273298988978,0.4897154889769879,-0.7223691148263195
2025-07-19 21:00:00,0.49182339639999434,0.44886383853591283,0.46454227290943023,0.48644984296441396,-0.4175909978287152
2025-07-19 22:00:00,0.48856846178136804,0.4519434244504385,0.5234646375740831,0.5065085960620992,-0.7865573609699035
2025-07-19 23:00:00,0.508563715530882,0.4713597827716196,0.5723578127593215,0.5173296443715687,-0.8548917148689017
2025-07-20 00:00:00,0.5193515643761227,0.48513174540705056,0.5516426632939175,0.5408749751359605,-0.8340386121399535
2025-07-20 01:00:00,0.5428173720917975,0.5156804212940663,0.6102424858592547,0.5406310297678616,-0.6750537799230034
2025-07-20 02:00:00,0.5425742268701107,0.4873722688853627,0.5788530627158082,0.5473602397331725,-0.5642567851134734
2025-07-20 03:00:00,0.5492836586949735,0.5234315440156052,0.5649416817366717,0.5444881282295084,-0.273445606492263
2025-07-20 04:00:00,0.5464163801373398,0.5148164137584011,0.6100742030248294,0.5426401269975855,-0.7269245421745394
2025-07-20 05:00:00,0.5445790280376094,0.4805667922067996,0.5867015871324647,0.5189198920070103,-0.6480980211903477
2025-07-20 06:00:00,0.5209365959627834,0.459687743963032,0.5775091373019972,0.5137579159631681,-0.8473629371907831
2025-07-20 07:00:00,0.5157915513189671,0.5353643725003111,0.5924232035029146,0.5609383309764444,-0.5337124329625463
2025-07-20 08:00:00,0.5628149196641596,0.5437867451708167,0.6334468189171941,0.5889345140229519,-0.05852707054041558
2025-07-20 09:00:00,0.5907215684098942,0.5487825682707422,0.6069212371409481,0.5341549706562402,-0.40378676443647304
2025-07-20 10:00:00,0.5361217032040108,0.48453533075644556,0.6045629401974094,0.5284245558773013,-0.5292285755881666
2025-07-20 11:00:00,0.5304077904943608,0.5044460555940986,0.5913480631718678,0.5261807187650657,-0.4866507893832036
2025-07-20 12:00:00,0.5281713132194066,0.5243341030686095,0.5687584299118953,0.573812202572181,0.989676716197124
2025-07-20 13:00:00,0.5756465646652791,0.5817554542775171,0.6534117074124517,0.6501993219868757,-0.09345434767012602
2025-07-20 14:00:00,0.6517831325732639,0.6673012712536848,0.6983689340814166,0.6619501243407984,0.23797714715071666
2025-07-20 15:00:00,0.6634953920254856,0.6618700427814557,0.714638612004092,0.7085989225613267,-0.41233351869306734
2025-07-20 16:00:00,0.7099934749389176,0.6802273682439602,0.7421294828166902,0.6825174805172585,-0.16627664738197626
2025-07-20 17:00:00,0.6839929929782974,0.612417516980237,0.6240977725602482,0.5584528498675058,-0.1300594307466074
2025-07-20 18:00:00,0.5603398848132083,0.5875676624505106,0.6378174980890657,0.6374129025042257,-0.06943884521631626
2025-07-20 19:00:00,0.6390409466631392,0.613812174813397,0.6696743735503595,0.5898251447536537,-0.6383887231708945
2025-07-20 20:00:00,0.5916046902056468,0.5455691859136864,0.5990236302309196,0.5743277097651471,-0.35560924476105243
2025-07-20 21:00:00,0.5761603809828082,0.5208236472544093,0.5937601171319581,0.5536636959900065,-0.5343205547344526
2025-07-20 22:00:00,0.5555618518247671,0.4949986661096263,0.2751492918104219,0.43446416447385666,2.2298245420700638
2025-07-20 23:00:00,0.4367532975106583,0.38545112798519726,0.38942268543137126,0.38502840549136164,-0.1325515793018314
2025-07-21 00:00:00,0.3874796889534354,0.33899201411857144,0.28636347291557757,0.40503652841831234,0.23610776441065462
2025-07-21 01:00:00,0.40742218477748976,0.35930186054750196,0.3473543140867027,0.3944041925634119,-0.3009551479327649
2025-07-21 02:00:00,0.3968270170513212,0.5276381948782273,0.4712081429619336,0.5964784094628577,-0.01651286442858341
2025-07-21 03:00:00,0.5982384258765877,0.6253254720799994,0.6642402403553848,0.6471269911716595,0.08145620122885977
2025-07-21 04:00:00,0.6487231728965548,0.6298314641360854,0.6994160272733937,0.6304673636275842,-0.4355417106525964
2025-07-21 05:00:00,0.6321181893135867,0.5834948080304186,0.6776093766458167,0.6531611869750257,-0.3375884486682302
2025-07-21 06:00:00,0.6547352825762025,0.7674830584009487,0.7012834992831949,0.8232394373396905,0.595567244404395
2025-07-21 07:00:00,0.8242579661948892,0.8661658718445999,0.9051815258050041,0.8677525629036503,0.16137165921635874
2025-07-21 08:00:00,0.8689691611112055,0.8260881679658048,0.833259312181019,0.7881619345041061,0.0029046611827958143
2025-07-21 09:00:00,0.7892955183745275,0.7322152232443224,0.7566485518090261,0.7129577199875573,-0.48344386284661556
2025-07-21 10:00:00,0.7143356815865999,0.6718820986081325,0.7138486175869289,0.687203072681886,-0.03171748463343415
2025-07-21 11:00:00,0.6886655101158161,0.6669384334434301,0.6498450462272781,0.5703003098201089,0.09201390226600334
2025-07-21 12:00:00,0.572146191002121,0.6197241633842141,0.5817232199473903,0.5939238872120068,0.06527932062117894
2025-07-21 13:00:00,0.5956922825174109,0.7353787154024681,0.6073279206574765,0.7460859612497429,0.5671847098471724
2025-07-21 14:00:00,0.7473552614563088,0.765700617658079,0.7344165195722099,0.7449329741797646,0.4673459046404914
2025-07-21 15:00:00,0.7462060562104104,0.7398212108417568,0.696552881826579,0.6262213333998159,-0.043021660200389444
2025-07-21 16:00:00,0.6278837923396751,0.576433077148363,0.5165837394553704,0.4939569164619642,0.905629720162222
2025-07-21 17:00:00,0.4960532057282161,0.5070471491463525,0.47494308698153254,0.5191293168041531,-0.008843935079631583
2025-07-21 18:00:00,0.52114533384178,0.5342849300148086,0.4230932758859114,0.3613611020429203,-0.04725445771846699
2025-07-21 19:00:00,0.3638923086269172,0.37730541914501003,0.32165612291304835,0.2705466853394028,0.6705236346635826
2025-07-21 20:00:00,0.2733757652966906,0.3163010445598533,0.3195245403436658,0.31006813634291175,-0.0013486379958397184
2025-07-21 21:00:00,0.3127675850328844,0.34351161259254137,0.371463167379679,0.3735514663337022,-0.43811828917903733
2025-07-21 22:00:00,0.37604268824274595,0.4028514687231617,0.42726528782269985,0.4043231032851933,-0.5810665411296296
2025-07-21 23:00:00,0.4067156873408884,0.3744117876082408,0.42473637078314436,0.4115494094722892,-0.6145087487356818
2025-07-22 00:00:00,0.413915997254818,0.37799934645712235,0.4025931544867168,0.35248010982126243,-0.27633454171799376
2025-07-22 01:00:00,0.355038152440943,0.4745890392828756,0.195911449412126,0.4966196031684821,1.5591041237652765
2025-07-22 02:00:00,0.4987071587611601,0.44057299457162435,0.392631745593392,0.33041456086524595,-0.08463722126059105
2025-07-22 03:00:00,0.3330472728153167,0.3206823111186641,0.32584683294254774,0.37234324635019067,0.15909100930007314
2025-07-22 04:00:00,0.3748384312485398,0.34015989832032634,0.2957125192725235,0.22160572120729682,0.6091975184563995
2025-07-22 05:00:00,0.22459532865137938,0.3376563174295764,0.29505341150435715,0.3997917030041754,0.011407825251749963
2025-07-22 06:00:00,0.4021991501569033,0.45140597094400176,0.4641052049922441,0.5190004400059091,0.12424889062698012
2025-07-22 07:00:00,0.5210145859395502,0.6207559834071227,0.5820270639539917,0.5503957486060299,1.4633257475106776
2025-07-22 08:00:00,0.5523092110289891,0.5641646236891704,0.5138234335184827,0.6208890558725856,0.34641686727346405
2025-07-22 09:00:00,0.6225712986280906,0.6346912230571646,0.6038617617206384,0.6459970178156508,0.2515535578842289
2025-07-22 10:00:00,0.6475946120562706,0.702723312479667,0.7040344561737237,0.7741603909237567,-0.1345982962022518
2025-07-22 11:00:00,0.7753376063559687,0.7554028270558254,0.8166881275133339,0.8199576817273347,0.4022383991237286
2025-07-22 12:00:00,0.820984680993497,0.8078873163089724,0.875825520244196,0.8518800043774049,0.2938874650175521
2025-07-22 13:00:00,0.8528022976918447,0.8427628330832598,0.6415407558007211,0.588170458719095,1.4343979341976316
2025-07-22 14:00:00,0.5899600192249884,0.7444814089671988,0.5282700474015528,0.7980969548256658,0.8521330825660385
2025-07-22 15:00:00,0.7991979516011708,0.7529604750455566,0.794806684514903,0.7640458636332149,0.09963800746224881
2025-07-22 16:00:00,0.765256254947326,0.7920743909908664,0.7798411985590221,0.7109348145294476,-0.13391148314003898
2025-07-22 17:00:00,0.7123171174820251,0.7610041357516107,0.7195024533712925,0.8301757707307449,-0.3778737953870582
2025-07-22 18:00:00,0.8311692544302105,0.9811922609038554,0.8774709524030171,0.953138044481257,0.9093167780459572
2025-07-22 19:00:00,0.9537305029205505,0.9201924217913244,0.889984650951791,0.8492104135566958,0.008445164330075519
2025-07-22 20:00:00,0.8501437570132075,0.91722395495619,0.9146661333341262,0.9461395740624783,-0.23653491635673352
2025-07-22 21:00:00,0.9467549876455384,0.8875075382964391,0.9606634414103007,0.8763435823292666,-0.6822898105394505
2025-07-22 22:00:00,0.8771856345459622,0.9474778251223743,0.9572066315198214,0.9785774039055145,-0.13381625969125507
2025-07-22 23:00:00,0.9790841268385704,0.9956694895329631,1.062465207191084,1.0039362153308733,-0.23245548731604168
2025-07-23 00:00:00,1.0043620546026684,0.9598846104967261,0.9841038378887518,0.9100724815261124,-0.4837511796162976
2025-07-23 01:00:00,0.9108039021785052,0.8637416617248442,0.9559024395530271,0.8966462807950542,-0.46385335912023223
2025-07-23 02:00:00,0.8974194458714732,0.8331839148925703,0.8632791000331729,0.8051690691291521,0.08251604341729267
2025-07-23 03:00:00,0.8062445753844116,0.7391612995743577,0.7580135125771429,0.6954949138258703,-0.21491016918403283
2025-07-23 04:00:00,0.6969278600074943,0.7117965254723135,0.7681619023976072,0.7833681778838115,-0.5902042308494972
2025-07-23 05:00:00,0.7845174853860863,0.7140733327316552,0.7774151210293936,0.7025992473289167,-0.34207939762497835
2025-07-23 06:00:00,0.7040111849562704,0.6485516274088413,0.7103520742494296,0.6503466097562941,-0.4417389062208342
2025-07-23 07:00:00,0.6519299372354147,0.6202661523632799,0.7008066979189886,0.634780133625872,-0.45510549829194386
2025-07-23 08:00:00,0.6364145195043474,0.6111067653906971,0.6854999717710812,0.6515479256256144,-0.42028753857346035
2025-07-23 09:00:00,0.6531273127610828,0.589758295729916,0.6125657238789562,0.5633570723148633,-0.2932651965765406
2025-07-23 10:00:00,0.5652280212982617,0.5720427396442974,0.597041632403248,0.6397902191574972,-0.2797633589607646
2025-07-23 11:00:00,0.6414104656631681,0.6264797498638671,0.6708430043449778,0.678071230977938,-0.4836563575778364
2025-07-23 12:00:00,0.6795636210624654,0.6344644494257562,0.5866712027318035,0.5497099399296758,0.04743423818037514
2025-07-23 13:00:00,0.551621064175157,0.5312575020355059,0.4768502924383503,0.4117979575831834,1.3591581482505875
2025-07-23 14:00:00,0.4141637301221979,0.5324163152920026,0.47007223382956453,0.6013273989966854,0.3769084562675241
2025-07-23 15:00:00,0.6030715106133366,0.6465378775619375,0.592126371281084,0.6847290984299339,0.0639252446661756
2025-07-23 16:00:00,0.6861996505562512,0.6145968115780713,0.5308947921662643,0.48799406317190963,0.15590217596210654
2025-07-23 17:00:00,0.4901099107339522,0.5168732505952763,0.47723126607739697,0.5845273877973829,0.23488381973546493
2025-07-23 18:00:00,0.5863266038367558,0.5738818737950192,0.6331897201423767,0.6414771243916194,-0.2731840058982268
2025-07-23 19:00:00,0.6430872501636717,0.5917607068952521,0.684427168701619,0.6447427704041967,-0.3298044632271412
2025-07-23 20:00:00,0.6463444786051429,0.5990333372545158,0.5305862736364869,0.531137872754557,-0.10945011788700496
2025-07-23 21:00:00,0.5331122076299195,0.5270553866455095,0.48895730747059596,0.595889258385184,-0.07986871936623982
2025-07-23 22:00:00,0.5977406663189828,0.6288835503567969,0.6188319221996987,0.6850973178534816,-0.216412737224353
2025-07-23 23:00:00,0.6865666622116297,0.6573685861979988,0.7320465363207243,0.728132962980462,-0.12691699746854004
2025-07-24 00:00:00,0.7294634432566746,0.7441253743658894,0.7669441891096135,0.7980969548256658,-0.07609021426416397
2025-07-24 01:00:00,0.7991979516011708,0.7353787154024681,0.817464098360962,0.8060136724319111,-0.5938722737775737
2025-07-24 02:00:00,0.8070864083689324,0.7341087830665801,0.8224003948374283,0.7752213231378497,-0.606513725534173
2025-07-24 03:00:00,0.7763950586880242,0.7746921921434183,0.7425291545484511,0.666670237076382,-0.08575245807356238
2025-07-24 04:00:00,0.6682000226828497,0.624316329420233,0.593713371900174,0.5407714134230888,0.0917170518988106
2025-07-24 05:00:00,0.5427141500637234,0.47543263719171486,0.5165837394553704,0.4631438548253258,0.3033946752400778
2025-07-24 06:00:00,0.465338917818842,0.45304554429908317,0.48854361216930015,0.43144476520077757,0.34945930478002163
2025-07-24 07:00:00,0.4337460957594119,0.5933322481609102,0.42381782697857606,0.6499369656475991,0.7307982788309143
2025-07-24 08:00:00,0.6515216367688079,0.6698615455522835,0.685979110396872,0.7325723084055913,0.1912007725074031
2025-07-24 09:00:00,0.7338882275268134,0.6706280404264447,0.7036885414585177,0.6708495275336339,-0.33006358102399613
2025-07-24 10:00:00,0.6723633111485358,0.632997224030544,0.6230670401993942,0.6402205756087693,-0.24885101761322537
2025-07-24 11:00:00,0.641839410535389,0.653542915036141,0.7029943747665142,0.6922338705560882,-0.19269427840937284
2025-07-24 12:00:00,0.693679806857406,0.6510937598169303,0.6991519167138088,0.6764510655143321,0.11527139335998483
2025-07-24 13:00:00,0.6779510636016491,0.650912340911803,0.6848665738803966,0.6065031832689067,-0.10200101272442633
2025-07-24 14:00:00,0.608230318194229,0.7375874905723866,0.5942556165888786,0.7974318584918854,0.8735649000439901
2025-07-24 15:00:00,0.798535036798646,0.8147494863953877,0.7771510104698088,0.8056109324374073,1.112388937154167
2025-07-24 16:00:00,0.8066849893708637,0.7558813194180971,0.7152509745404708,0.6761173666617438,0.2556460253268854
2025-07-24 17:00:00,0.6776161654661194,0.7824183697654988,0.7460327096707144,0.8125817863994211,-0.4407048286283019
2025-07-24 18:00:00,0.8136352725945685,0.8024606233093691,0.8578870375468061,0.7944815003607185,-0.40446265021767797
2025-07-24 19:00:00,0.7955920620870904,0.7907046782571615,0.8438050364716564,0.771267567077519,-0.3437285101671976
2025-07-24 20:00:00,0.7724542710384106,0.7151142236998186,0.8022017801832471,0.7203152043442932,-0.6345674307018241
2025-07-24 21:00:00,0.7216713270484489,0.6651786700637026,0.7473182035447945,0.6755535306694391,-0.7241267270920712
2025-07-24 22:00:00,0.6770518850459756,0.6279084237417403,0.6770531083875807,0.6185922872182128,-0.46221988671355096
2025-07-24 23:00:00,0.6202774757819837,0.5880302806585854,0.6724650638879084,0.6326260499981258,-0.20570159337457858
2025-07-25 00:00:00,0.6342652074975429,0.5883318895883589,0.5523087828468513,0.4769543845797101,0.4361980543698941
2025-07-25 01:00:00,0.47910414871833196,0.44103561277969594,0.45371140270490923,0.40669351582427027,2.4986831550883335
2025-07-25 02:00:00,0.4090783248723792,0.34917415016880793,0.2486540944348371,0.17526990949678295,3.829414617026964
2025-07-25 03:00:00,0.17841149946786283,0.12956429777665526,0.009598979087729742,-0.03968048036979883,5.623892540622817
2025-07-25 04:00:00,-0.035836142004219605,0.06517872834719939,-0.04085314957752895,0.11751239154213944,1.9774790874405903
2025-07-25 05:00:00,0.12084572132196464,0.055672377718562115,-0.006135465931011842,-0.02119126256497819,1.9199117031603259
2025-07-25 06:00:00,-0.017405275435748914,-0.07838938996110996,-0.020986426069018908,-0.07084335045880724,1.9804753032918367
2025-07-25 07:00:00,-0.0668945033405064,0.020193643084724464,-0.13243640769017018,-0.06261364634254737,3.102864073717596
2025-07-25 08:00:00,-0.05869179284282914,0.028030939786199513,-0.06566318134727277,-0.08964555477364243,4.382529392963103
2025-07-25 09:00:00,-0.08563503599319952,0.039968303743534474,-0.06291923624151133,0.10157309324537772,1.1932649551769403
2025-07-25 10:00:00,0.10495641046698086,0.14293260334817634,0.16367827483496494,0.164870012152995,0.33975579004262557
2025-07-25 11:00:00,0.16804571402630497,0.209746918370017,0.23809434657466494,0.21897525370033913,0.6581449282637919
2025-07-25 12:00:00,0.22197578296112566,0.1813684661355773,0.15757334756388036,0.11826263861761728,0.876261916534303
2025-07-25 13:00:00,0.1215912137469494,0.16844463688161473,0.06426519039838152,0.14364906649974088,1.640418333189995
2025-07-25 14:00:00,0.14689437356235466,0.09743500967871975,-0.08923446447472398,-0.14546301664047767,1.9720776655366168
2025-07-25 15:00:00,-0.1412694153026794,-0.002454239484025532,-0.08725246664705241,0.031068279121838904,0.8146697098842884
2025-07-25 16:00:00,0.03468055993080324,-0.0004677024728896497,0.08635932420143365,0.047104235017281136,-0.881851130895609
