timestamp,Open,High,Low,Close,Volume,SMA_20,BBL_5_2.0,BBM_5_2.0,BBU_5_2.0,BBB_5_2.0,BBP_5_2.0,RSI_14
2025-07-04 21:00:00,107692.01,107941.99,107689.91,107911.2,255.84136,,,,,,,
2025-07-04 22:00:00,107911.19,108279.33,107886.84,108254.95,374.4163,,,,,,,
2025-07-04 23:00:00,108254.95,108254.96,107958.0,107984.24,189.00934,,,,,,,
2025-07-05 00:00:00,107984.25,108224.56,107955.07,108196.01,182.76266,,,,,,,
2025-07-05 01:00:00,108196.0,108196.01,107894.61,107981.13,148.43092,,107796.50170721642,108065.50600000001,108334.5102927836,0.49785413077802887,0.3431697889894209,
2025-07-05 02:00:00,107981.14,108095.59,107756.31,108067.87,246.24667,,107874.59637511957,108096.84,108319.08362488043,0.4111935647340472,0.43482377724988186,
2025-07-05 03:00:00,108067.88,108259.99,108067.87,108154.72,189.1976,,107902.24911128652,108076.794,108251.33888871346,0.32300160331082706,0.7232262444760811,
2025-07-05 04:00:00,108154.72,108420.56,108032.0,108137.66,171.53463,,107956.44612129885,108107.478,108258.50987870115,0.27941060414183233,0.5999193026649778,
2025-07-05 05:00:00,108137.65,108166.31,108000.0,108125.63,147.7334,,107966.86600771324,108093.402,108219.93799228677,0.23412343389241216,0.6273471658837015,
2025-07-05 06:00:00,108125.63,108287.48,108059.71,108270.82,183.20807,,108018.3669735623,108151.34,108284.3130264377,0.24590176402381966,0.9492640470057635,
2025-07-05 07:00:00,108270.82,108270.82,108000.99,108053.46,157.65432,,108007.96171939444,108148.45800000001,108288.95428060558,0.25982114438574805,0.16191987577697978,
2025-07-05 08:00:00,108053.46,108125.37,107922.8,108029.97,140.43625,,107954.8386498975,108123.508,108292.1773501025,0.3119938544770489,0.2227178502106117,
2025-07-05 09:00:00,108029.96,108123.62,107870.42,108078.06,184.41899,,107940.20189395869,108111.58799999999,108282.97410604129,0.3170540905222921,0.40218576997160155,
2025-07-05 10:00:00,108078.07,108216.22,108053.3,108085.23,189.72643,,107931.72294574906,108103.508,108275.29305425094,0.31781587374748366,0.4467997955942502,
2025-07-05 11:00:00,108085.24,108219.19,108085.23,108112.21,160.79807,,108015.65312820462,108071.78600000001,108127.9188717954,0.10388071461202181,0.8600742194996762,54.46685883163534
2025-07-05 12:00:00,108112.2,108152.95,107971.0,108148.57,94.22384,,108012.37646511766,108090.808,108169.23953488235,0.14512156275553761,0.8682319878519015,56.355874790550885
2025-07-05 13:00:00,108148.56,108232.29,108100.44,108125.99,170.43426,,108057.99719533826,108110.01200000002,108162.02680466177,0.09622569399354827,0.6535908872857564,54.834464435870146
2025-07-05 14:00:00,108126.0,108223.22,108103.84,108193.23,140.40955,,108060.19873885723,108133.046,108205.89326114277,0.13473635273859105,0.9130834780599422,58.43314111736326
2025-07-05 15:00:00,108193.23,108193.24,108047.42,108058.0,159.40315,,108038.91790710633,108127.6,108216.28209289369,0.1640322968301886,0.10758706899571659,49.83338592723576
2025-07-05 16:00:00,108058.0,108112.8,107864.75,108101.99,216.8031,108103.54699999999,108035.09596542119,108125.55600000001,108216.01603457883,0.16732405903895714,0.36974358284446346,52.29304088376309
2025-07-05 17:00:00,108101.99,108159.0,107941.0,108090.08,128.19149,108112.49100000001,108023.2005847269,108113.85800000001,108204.51541527311,0.16770729849101224,0.3688579421309624,51.556017539584715
2025-07-05 18:00:00,108090.08,108098.0,107965.51,108010.0,120.9452,108100.24350000001,107969.9221968065,108090.66,108211.39780319351,0.22340099171104646,0.1659704008746586,46.78170965595018
2025-07-05 19:00:00,108010.01,108167.23,107953.03,108141.78,120.25631,108108.1205,107991.8928825063,108080.37,108168.84711749369,0.1637246754312378,0.8470388827053662,54.28423057664121
2025-07-05 20:00:00,108141.78,108159.39,107993.39,108096.75,99.85777,108103.1575,108002.08361048954,108088.12,108174.15638951045,0.15919675448227402,0.5501531970896812,51.60696330830924
2025-07-05 21:00:00,108096.74,108140.0,108061.53,108090.0,83.77406,108108.601,108000.70326851103,108085.722,108170.74073148896,0.15731722916920082,0.525159161546424,51.19933077724721
2025-07-05 22:00:00,108089.99,108200.0,108048.25,108188.47,91.98951,108114.63100000001,107986.61524744313,108105.4,108224.18475255686,0.21975729715049386,0.8496660901837526,56.58660551199569
2025-07-05 23:00:00,108188.46,108250.0,108181.61,108198.12,208.53945,108116.801,108053.33438713428,108143.024,108232.71361286573,0.16587221172162614,0.8071481648743172,57.0865762307534
2025-07-06 00:00:00,108198.12,108250.0,108112.96,108206.99,89.82019,108120.2675,108052.93534065949,108156.06599999999,108259.1966593405,0.19070712009902888,0.7468906934449039,57.57027175159764
2025-07-06 01:00:00,108206.99,108218.25,108084.92,108218.25,95.82235,108124.89850000001,108087.88496142445,108180.366,108272.84703857554,0.17097564372363258,0.7048203641715207,58.21415560888769
2025-07-06 02:00:00,108218.25,108268.35,108060.02,108060.02,133.80239,108114.3585,108058.34133526577,108174.37,108290.39866473422,0.21452154467685663,0.007233836302791702,47.3419318136386
2025-07-06 03:00:00,108060.0,108100.0,108025.97,108050.49,77.80971,108114.21,107996.65921160125,108146.774,108296.88878839876,0.2776130675867554,0.17929875188500619,46.77530752306881
2025-07-06 04:00:00,108050.49,108100.0,107930.45,107989.11,116.9031,108112.16700000002,107922.42874204727,108104.972,108287.51525795272,0.33771482398187197,0.18264508561034065,43.189811934300245
2025-07-06 05:00:00,107989.1,108010.13,107962.19,108003.35,83.81175,108108.43149999999,107901.0801316468,108064.24400000002,108227.40786835324,0.3019756809721852,0.31339618686843806,44.25736102496309
2025-07-06 06:00:00,108003.36,108218.0,107977.7,108121.98,156.92717,108110.269,107951.0109597837,108044.99000000002,108138.96904021634,0.1739627912711544,0.9096126105499772,52.299218101862536
2025-07-06 07:00:00,108121.99,108194.59,108040.17,108040.31,140.25482,108106.674,107948.27567792071,108041.048,108133.82032207928,0.17173532429874835,0.49602252059958757,47.24580515995054
2025-07-06 08:00:00,108040.31,108065.69,107969.31,108005.27,238.55538,108099.509,107935.91935431726,108032.004,108128.08864568274,0.17788181673042391,0.3608830796531809,45.22664757652913
2025-07-06 09:00:00,108005.27,108056.01,107817.8,107850.01,198.30154,108085.71,107827.65642091962,108004.18399999998,108180.71157908034,0.32689026025206047,0.06331469336640314,37.56575680673063
2025-07-06 10:00:00,107850.0,108111.0,107800.01,107990.93,218.41123,108075.595,107824.84615209169,108001.7,108178.5538479083,0.3275019706325127,0.4695511290045893,46.434599742649176
2025-07-06 11:00:00,107990.93,108079.17,107949.99,108076.01,85.72788,108076.4955,107838.28887016038,107992.50600000001,108146.72312983964,0.2856070954398037,0.7707351643971815,50.96359881427243
2025-07-06 12:00:00,108076.0,108233.0,108045.76,108232.99,204.94128,108083.04550000001,107781.48099458452,108031.04199999999,108280.60300541545,0.4620172143030291,0.9046064802147609,58.01692055531012
2025-07-06 13:00:00,108233.0,109127.03,108191.85,108772.17,934.17809,108117.15,107546.40616089878,108184.42199999999,108822.4378391012,1.179496691494471,0.9606061197696791,72.59672518468064
2025-07-06 14:00:00,108772.18,109049.27,108612.0,108933.25,560.71245,108163.3125,107640.51206164152,108401.06999999999,109161.62793835846,1.4032295776388002,0.8498615773760932,75.35078310659755
2025-07-06 15:00:00,108933.25,109000.12,108665.86,108905.99,493.52424,108201.523,107867.24288383506,108584.08200000001,109300.92111616496,1.320339230136787,0.7245329480080457,73.9954546384113
2025-07-06 16:00:00,108906.0,108955.63,108708.0,108856.92,239.51721,108239.5315,108221.29407445886,108740.264,109259.23392554114,0.9545129034101659,0.6123918692189757,71.50228626707634
2025-07-06 17:00:00,108856.92,108966.62,108727.16,108919.22,143.19416,108280.99250000001,108760.28117828703,108877.51000000001,108994.73882171299,0.21534074707068998,0.6778999370227938,72.75731355772069
2025-07-06 18:00:00,108919.23,108928.0,108266.67,108463.99,356.56585,108294.7685,108460.24999842503,108815.874,109171.49800157496,0.6536252267292629,0.005258364956260122,54.032236752236486
2025-07-06 19:00:00,108464.0,108630.95,108307.69,108538.46,182.73112,108311.7855,108346.94665626109,108736.91600000001,109126.88534373893,0.7172712967855763,0.24554922946344615,56.02601976777589
2025-07-06 20:00:00,108538.45,108840.0,108536.86,108665.47,128.29699,108334.7095,108336.62608241646,108688.812,109040.99791758355,0.6480628706909439,0.46686125305611165,59.270705597545415
2025-07-06 21:00:00,108665.48,109700.0,108665.47,109208.25,810.60996,108384.2095,108213.61479641596,108759.07800000001,109304.54120358406,1.003066987353548,0.9117344644410836,69.59556979734842
2025-07-06 22:00:00,109208.24,109526.69,109203.86,109228.73,464.06563,108442.64499999999,108159.05499760158,108820.98000000001,109482.90500239845,1.21653931511816,0.8080031714488305,69.90556463406202
2025-07-06 23:00:00,109228.73,109278.18,108977.54,109203.84,293.12251,108500.3125,108364.07302011053,108968.95,109573.82697988946,1.110182267314615,0.6941634479484765,68.98500501731831
2025-07-07 00:00:00,109203.85,109288.02,108800.01,108823.07,253.63512,108542.0105,108555.03957555983,109025.872,109496.70442444018,0.8637076976374447,0.2846346285080829,56.68673263557786
2025-07-07 01:00:00,108823.07,109089.0,108679.75,109019.13,299.62996,108592.7995,108783.88081413716,109096.604,109409.32718586286,0.5732959127909263,0.3761300672570226,60.583287247859616
2025-07-07 02:00:00,109019.13,109499.99,109019.12,109364.52,433.83049,108654.92649999999,108751.9060563899,109127.85800000001,109503.80994361012,0.6890118627822986,0.814750334480824,66.32987445172074
2025-07-07 03:00:00,109364.53,109700.0,109364.52,109389.47,326.56622,108722.3845,108731.26548311804,109160.00600000001,109588.74651688198,0.7855267374792334,0.7676024203039855,66.707465707768
2025-07-07 04:00:00,109389.46,109447.54,109128.72,109128.73,184.07817,108778.5575,108718.1805279239,109144.98400000001,109571.78747207612,0.7820853628529664,0.4809584491886268,59.23173816626484
2025-07-07 05:00:00,109128.73,109201.65,109035.21,109079.99,184.85155,108840.05650000002,108892.92703496027,109196.36799999999,109499.8089650397,0.5557711682126897,0.3082361753879357,57.92494398304489
2025-07-07 06:00:00,109079.99,109174.87,108769.23,108774.5,348.32807,108879.23500000002,108700.50929143613,109147.442,109594.37470856386,0.8189522363041091,0.08277611723879534,50.4169270416427
2025-07-07 07:00:00,108774.5,109061.08,108654.94,109061.08,351.63493,108928.4885,108695.23753524249,109086.754,109478.27046475752,0.7178075254810767,0.4672121068830397,56.157888682733194
2025-07-07 08:00:00,109061.07,109087.86,108860.5,109011.7,211.49643,108967.424,108762.90901039261,109011.2,109259.49098960738,0.45553299038517764,0.5010068830946919,54.976698703370396
2025-07-07 09:00:00,109011.7,109011.71,108761.13,108849.06,259.49114,108971.2685,108712.13058699685,108955.26599999999,109198.40141300313,0.4463031883252703,0.2815908454301973,51.15989691988894
2025-07-07 10:00:00,108849.05,108899.32,108660.14,108664.14,967.12524,108957.81300000001,108577.47004931644,108872.09599999999,109166.72195068354,0.5412331745382188,0.14708471959526723,47.151611050129084
2025-07-07 11:00:00,108664.15,108801.0,108572.52,108642.01,355.32653,108944.61400000002,108501.02936337706,108845.598,109190.16663662293,0.6331328835603158,0.20457554988849438,46.68025997118975
2025-07-07 12:00:00,108642.01,108642.02,108303.83,108346.85,889.93465,108919.1105,108256.70123313132,108702.75200000001,109148.8027668687,0.8206798055465816,0.1010521375196151,40.819234644270054
2025-07-07 13:00:00,108346.86,108572.0,108019.23,108536.84,726.60378,108899.9915,108278.31846427824,108607.78,108937.24153572175,0.6066996963233303,0.3923394807764232,45.55767000034011
2025-07-07 14:00:00,108536.84,108660.0,107970.0,108223.14,535.69464,108887.949,108139.59996349795,108482.59599999999,108825.59203650203,0.632352191317468,0.12177988607974849,39.87991022039699
2025-07-07 15:00:00,108223.14,108621.45,108223.14,108292.59,364.16316,108875.6555,108095.11891754066,108408.286,108721.45308245932,0.5777548820563977,0.3152807135867785,41.61475658173855
2025-07-07 16:00:00,108292.59,108493.56,107906.25,107976.91,640.2301,108841.2275,107911.3113103805,108275.26600000002,108639.22068961954,0.6722766945121599,0.09011930810410272,36.464060461327435
2025-07-07 17:00:00,107976.91,108354.0,107811.0,107943.15,381.91342,108777.9725,107758.03013470913,108194.526,108631.02186529087,0.8068723648567361,0.21205225525733878,35.9515808234314
2025-07-07 18:00:00,107943.16,108100.0,107513.2,108024.53,492.15098,108717.7625,107812.93928419006,108092.06400000001,108371.18871580997,0.5164573706538858,0.3790254030280952,38.20611597449981
2025-07-07 19:00:00,108024.53,108314.72,108009.99,108056.68,311.81983,108660.40449999999,107812.32917566953,108058.772,108305.21482433047,0.45612738284768206,0.49575560780540545,39.11788803586421
2025-07-07 20:00:00,108056.67,108140.5,107866.66,107886.85,220.5076,108613.5935,107858.0283160647,107977.624,108097.2196839353,0.221519384303737,0.12049633810741642,36.08867485381755
2025-07-07 21:00:00,107886.85,108213.0,107800.01,108166.95,283.98408,108570.98449999999,107822.75962005937,108015.63200000001,108208.50437994066,0.3571193842399467,0.8922749334211382,43.81633301637276
2025-07-07 22:00:00,108166.94,108180.0,107973.06,108019.23,222.87717,108503.72,107851.73604466487,108030.848,108209.95995533513,0.33159409307817506,0.4675677707323776,41.0007231984979
2025-07-07 23:00:00,108019.23,108300.0,108019.23,108262.94,159.50275,108447.3935,107821.53151066593,108078.53,108335.52848933407,0.47557732203440106,0.8587764279818162,47.0464717234845
2025-07-08 00:00:00,108262.94,108525.0,108193.48,108299.99,409.64154,108405.9565,107818.27461650723,108127.192,108436.10938349276,0.5713962931595675,0.779683192389944,47.920191794848236
2025-07-08 01:00:00,108299.99,108300.0,107689.64,107705.03,327.96475,108337.2085,107658.96486234642,108090.82800000001,108522.6911376536,0.7990745295310204,0.053333028032751945,37.28213271510091
2025-07-08 02:00:00,107705.03,107945.0,107429.57,107766.2,1090.68261,108286.7935,107520.28968115056,108010.678,108501.06631884944,0.908036738459204,0.25073019625181503,38.7867453918058
2025-07-08 03:00:00,107766.2,108000.0,107686.92,107901.52,183.27109,108228.8155,107489.40347542886,107987.13600000001,108484.86852457117,0.9218366983473929,0.4139939668662645,42.09614423457659
2025-07-08 04:00:00,107901.52,108019.24,107750.0,108019.24,152.71362,108179.1925,107516.25198199671,107938.396,108360.54001800327,0.7821943509393646,0.5957540514045417,44.88757039742807
2025-07-08 05:00:00,108019.23,108220.39,107990.0,108210.94,193.76866,108147.2865,107557.59729987841,107920.58599999998,108283.57470012155,0.6726959398118325,0.8999490891903507,49.18370793028827
2025-07-08 06:00:00,108210.94,108392.05,108135.25,108299.72,260.36038,108129.0655,107648.37394478337,108039.524,108430.67405521664,0.7240869650937001,0.8326038134596271,51.085419562167516
2025-07-08 07:00:00,108299.71,108499.0,108216.04,108484.61,403.22303,108121.1955,107771.94364099298,108183.206,108594.46835900703,0.7603072125760977,0.866437619926753,54.87299399468149
2025-07-08 08:00:00,108484.61,108525.0,108262.35,108262.36,242.39116,108116.97099999999,107955.6432382553,108255.374,108555.10476174469,0.5537475890013426,0.5116537921555663,49.87371270677735
2025-07-08 09:00:00,108262.35,108488.98,108229.15,108469.99,142.75742,108113.62850000002,108122.87843248049,108345.524,108568.16956751952,0.4109917222229088,0.7795160069582104,54.08252832892978
2025-07-08 10:00:00,108469.99,108900.0,108419.08,108832.77,470.58627,108144.11000000002,108065.9839588467,108469.88999999998,108873.79604115327,0.7447339370460958,0.9492133850782195,60.34729744588248
2025-07-08 11:00:00,108832.78,109005.0,108756.36,108756.37,458.50309,108167.299,108146.1708659446,108561.22000000002,108976.26913405543,0.7646360902270892,0.735092648059741,58.53601991941965
2025-07-08 12:00:00,108756.37,108949.19,108688.82,108949.19,228.47887,108215.91299999999,108150.69429086559,108654.13599999998,109157.57770913438,0.9266866916771453,0.793036904418714,61.663423329932776
2025-07-08 13:00:00,108949.19,109216.56,108631.27,109034.61,591.54102,108270.486,108419.931952168,108808.58600000001,109197.24004783202,0.7143812122179574,0.7907778797889765,62.99499799117799
2025-07-08 14:00:00,109034.6,109072.81,108250.0,108376.0,597.6859,108288.0595,108334.12888769762,108789.78800000002,109245.44711230241,0.8376872878958036,0.04594565451660996,48.89371403455746
2025-07-08 15:00:00,108376.0,108528.06,108217.07,108268.35,430.74475,108298.643,108066.41718997364,108676.90400000001,109287.39081002638,1.1234895135149787,0.16538671000741517,47.04021531820651
2025-07-08 16:00:00,108268.35,108562.95,108096.55,108439.37,340.38908,108326.269,107983.66120213995,108613.504,109243.34679786005,1.1597872726029574,0.36176391903532,50.26582442085876
2025-07-08 17:00:00,108439.37,109100.0,108439.37,108991.0,1106.48635,108367.47150000001,107973.57843311616,108621.866,109270.15356688383,1.1936594182313878,0.7846992745629406,58.95059004176247
2025-07-08 18:00:00,108991.01,109147.56,108909.94,109147.56,700.15853,108423.888,107935.20795124966,108644.456,109353.70404875035,1.3056313683421619,0.8546742221472657,61.030504990539264
2025-07-08 19:00:00,109147.55,109147.56,108736.0,108771.88,279.87349,108449.335,108065.38277651079,108723.63200000001,109381.88122348924,1.2108668766496449,0.5366487329405729,53.96457450712208
2025-07-08 20:00:00,108771.87,108939.0,108630.53,108630.54,159.96027,108465.8625,108292.67103138744,108796.06999999999,109299.46896861255,0.9253991777691178,0.3355876647341726,51.546587242324684
2025-07-08 21:00:00,108630.53,108970.4,108624.0,108889.9,169.96042,108525.106,108530.94438573097,108886.176,109241.40761426905,0.6524824864251633,0.5052416505885186,55.48794194211027
2025-07-08 22:00:00,108889.89,108973.58,108818.08,108917.01,153.40934,108582.64649999999,108528.91090928297,108871.378,109213.84509071702,0.6291223588940374,0.5666224598463727,55.89182113499977
2025-07-08 23:00:00,108917.01,108974.0,108823.07,108922.98,121.46916,108633.7195,108602.13425890634,108826.46199999998,109050.78974109363,0.412266900845573,0.7151272052432446,55.98652962556464
2025-07-09 00:00:00,108922.99,108957.58,108777.97,108940.39,140.46581,108679.777,108628.2589509472,108860.16399999999,109092.06904905278,0.42606044402576493,0.6729716544070328,56.28134201684475
2025-07-09 01:00:00,108940.38,109136.0,108722.09,108780.76,219.97215,108708.268,108776.05181267677,108890.20800000001,109004.36418732326,0.20967208974978205,0.02062169135822696,52.78985059755671
2025-07-09 02:00:00,108780.77,108837.7,108600.0,108611.53,277.87433,108723.8585,108584.00990084746,108834.53399999999,109085.0580991525,0.46037611398698264,0.05492505360887452,49.29824247400543
2025-07-09 03:00:00,108611.53,108665.4,108348.0,108376.41,356.48997,108718.44850000001,108303.96538336578,108726.41400000002,109148.86261663426,0.7770855325629324,0.08574370205234617,44.85888200915421
2025-07-09 04:00:00,108376.41,108564.0,108324.53,108553.61,214.96856,108733.01100000001,108265.74317188453,108652.54000000001,109039.33682811548,0.7119885611794724,0.3721163246322269,48.61455622767015
2025-07-09 05:00:00,108553.6,108942.2,108489.2,108778.1,393.65608,108748.4165,108317.22254073847,108620.08200000001,108922.94145926155,0.5576491081300066,0.7608767782675339,52.98353821965053
2025-07-09 06:00:00,108778.1,108860.0,108667.01,108840.01,219.55216,108748.77849999999,108301.47339977269,108631.932,108962.39060022731,0.6084004843572396,0.8148321754326605,54.14153706072243
2025-07-09 07:00:00,108840.01,108876.3,108675.15,108714.39,173.42235,108746.6795,108316.92014780178,108652.504,108988.08785219822,0.6177194999541332,0.5922064628476877,51.37647336796106
2025-07-09 08:00:00,108714.39,108837.7,108654.15,108654.16,259.46811,108731.928,108509.82890507962,108708.054,108906.27909492039,0.36469256439893233,0.36405858445509803,50.056474452383064
2025-07-09 09:00:00,108654.15,108793.47,108553.18,108763.37,334.08934,108718.366,108625.03065996768,108750.00600000001,108874.98134003233,0.22983969312576277,0.5534665478666844,52.44243428820629
2025-07-09 10:00:00,108763.37,108900.0,108708.0,108900.0,159.39779,108744.56599999999,108599.43332132317,108774.38599999998,108949.3386786768,0.3216799195296052,0.8589942176080135,55.318383135757784
2025-07-09 11:00:00,108900.0,109117.0,108899.99,109058.27,523.04092,108784.06199999999,108528.18744501658,108818.03799999999,109107.8885549834,0.5327251994442468,0.9144066586551297,58.45269103787056
2025-07-09 12:00:00,109058.27,109500.0,108992.87,109330.77,917.6335,108828.63200000001,108467.02884078019,108941.31400000001,109415.59915921984,0.8707167956865796,0.9105715648373062,63.234632704818765
2025-07-09 13:00:00,109330.76,109769.39,109128.72,109184.0,1400.69872,108838.282,108645.80870815586,109047.282,109448.75529184415,0.7363288373279109,0.6702703551860042,59.27727697887549
2025-07-09 14:00:00,109183.99,109460.94,108503.0,108900.29,1123.17859,108825.9185,108741.52673528301,109074.666,109407.80526471698,0.6108462706032675,0.2382836271969575,52.44485039046051
2025-07-09 15:00:00,108900.29,109215.69,108816.52,109071.32,666.8805,108840.89050000001,108822.76908331121,109108.93000000001,109395.0909166888,0.5245416973455679,0.4342852258876039,55.75560735972921
2025-07-09 16:00:00,109071.32,109475.29,109047.49,109408.71,338.27349,108879.799,108815.58980970079,109179.018,109542.4461902992,0.6657473147435855,0.8160074068702625,61.456301369881075
2025-07-09 17:00:00,109408.72,109447.82,109047.49,109168.0,301.26918,108893.704,108815.53322280307,109146.464,109477.39477719694,0.6063976148543528,0.5325385269124984,55.920422871876646
2025-07-09 18:00:00,109168.01,109579.98,109137.42,109536.49,559.4946,108924.678,108758.4814979237,109216.96200000001,109675.44250207633,0.8395774679693361,0.8484641097636082,61.619985402649164
2025-07-09 19:00:00,109536.5,111999.79,109500.0,111750.0,5139.53728,109066.02900000001,107796.00743804204,109786.90400000001,111777.80056195798,3.6268379732394465,0.9930180797713978,79.10107537344601
2025-07-09 20:00:00,111749.99,111952.33,110559.4,110714.97,1677.69298,109154.758,108163.50380448128,110115.634,112067.76419551873,3.5456004285798737,0.6535082038523408,64.34324635950786
2025-07-09 21:00:00,110714.97,111280.0,110682.39,110818.36,689.32229,109256.638,108529.90770611295,110397.56400000001,112265.22029388708,3.3835099728958924,0.6126534901997961,65.04480202080731
2025-07-09 22:00:00,110818.36,111403.85,110818.36,111382.17,582.41183,109395.17,109333.80273185932,110840.398,112346.99326814068,2.718494872493471,0.6798001133604414,68.665423212606
2025-07-09 23:00:00,111382.17,111521.0,111229.92,111233.99,613.49597,109538.049,110423.20838464647,111179.898,111936.58761535354,1.3611986140759627,0.5357425283117779,66.70972441511874
2025-07-10 00:00:00,111234.0,111319.24,110916.66,110916.66,402.36165,109656.20150000001,110506.38816226371,111013.23000000001,111520.07183773631,0.9131197024648282,0.4047335945752658,62.59794179784785
2025-07-10 01:00:00,110916.66,111356.0,110880.0,111189.71,474.28195,109776.782,110690.35376912788,111108.178,111526.00223087212,0.7521034695972132,0.5975673428870136,64.61877116542746
2025-07-10 02:00:00,111189.7,111581.0,111150.0,111213.91,493.35901,109895.477,110885.14342258075,111187.28800000002,111489.43257741928,0.5434876285844275,0.5440550683175867,64.80029390970381
2025-07-10 03:00:00,111213.91,111221.14,110986.33,111074.51,317.73205,110013.48300000001,110889.24277784133,111125.75600000001,111362.26922215869,0.42566769518073333,0.391663562120786,62.80153467171642
2025-07-10 04:00:00,111074.52,111185.77,110951.59,111150.0,292.13383,110138.275,110894.69565784936,111108.95800000001,111323.22034215067,0.3856796895722085,0.5957751128547083,63.45885489813905
2025-07-10 05:00:00,111150.0,111164.35,110898.0,111086.14,477.20128,110254.4135,111032.64370893841,111142.854,111253.0642910616,0.19832186613022199,0.24270097894800474,62.45346917643963
2025-07-10 06:00:00,111086.14,111306.49,111086.14,111233.34,395.68308,110371.0805,111022.60123771768,111151.58,111280.55876228232,0.2320772449340271,0.8169514056160307,63.8742306314394
2025-07-10 07:00:00,111233.33,111432.46,111144.08,111230.0,502.09594,110479.66699999999,111019.12990122996,111154.798,111290.46609877003,0.24410659946507815,0.7771543225039016,63.815224248919684
2025-07-10 08:00:00,111229.99,111398.96,111102.78,111233.33,401.06449,110574.795,111067.6211915957,111186.562,111305.50280840432,0.21394817191003673,0.6966019931570507,63.8510793616815
2025-07-10 09:00:00,111233.34,111258.0,111021.57,111041.36,286.97004,110667.66299999999,110997.33485153687,111164.834,111332.33314846313,0.3013527613654006,0.13141902172959474,60.15075251307844
2025-07-10 10:00:00,111041.37,111098.3,110870.33,111088.51,356.07524,110777.074,110998.69121842062,111165.308,111331.9247815794,0.299763990361793,0.26953702000474233,60.75236705943096
2025-07-10 11:00:00,111088.51,111173.95,110967.0,111019.99,363.6832,110874.50749999999,110939.1457364468,111122.638,111306.13026355322,0.3302518134121563,0.22029338454851802,59.35007076766895
2025-07-10 12:00:00,111019.99,111020.0,110752.35,110869.0,357.65859,110947.522,110815.78387243372,111050.43800000001,111285.0921275663,0.4226081982068173,0.11339269442692144,56.267926201396115
2025-07-10 13:00:00,110869.0,111039.99,110500.0,110800.01,544.26918,111029.12250000001,110743.70191268335,110963.774,111183.84608731666,0.3966557361624297,0.12793100661517942,54.865897529049725
2025-07-10 14:00:00,110801.78,111319.24,110642.3,111247.57,729.68377,111114.67649999999,110686.82646664623,111005.01600000002,111323.2055333538,0.5732885680657587,0.8811470437814533,61.55785801818037
2025-07-10 15:00:00,111247.56,111408.41,110969.51,111408.4,589.60583,111097.59649999999,110611.31533113298,111068.99399999999,111526.672668867,0.8241339952480543,0.8707907131003138,63.643914911707434
2025-07-10 16:00:00,111408.4,112725.38,111322.32,112643.48,2446.3854,111194.02200000003,110063.63996460296,111393.692,112723.74403539703,2.3880203834110016,0.9698267311124129,74.90568445199952
2025-07-10 17:00:00,112643.47,113788.23,112545.95,113722.82,2757.376001,111339.245,109823.05910112869,111964.456,114105.85289887132,3.825136968238057,0.910564711503691,80.57002779667148
2025-07-10 18:00:00,113722.83,113760.97,112985.64,113420.0,1310.78452,111441.1365,110464.24448967369,112488.454,114512.66351032631,3.5989640507039287,0.7301011815347691,75.42596726783566
2025-07-10 19:00:00,113420.01,113680.0,113098.45,113301.81,946.49177,111544.52750000001,111250.16776340693,112899.302,114548.43623659306,2.921425035192975,0.6220361542040207,73.45475527044215
2025-07-10 20:00:00,113301.8,113580.0,113270.98,113493.16,554.81409,111673.3525,112589.51423258994,113316.254,114042.99376741007,1.282675241647266,0.6217120680147004,74.61161305037434
2025-07-10 21:00:00,113493.16,116868.0,113385.36,116490.52,6314.071274,111938.393,111665.15217051718,114085.66200000001,116506.17182948285,4.2433199528312935,0.9967668320755826,85.36836595496295
2025-07-10 22:00:00,116490.52,116499.95,115800.0,116008.38,2278.63989,112178.1165,111736.49274807694,114542.774,117349.05525192307,4.899970821246331,0.7611295640798053,79.53119351714723
2025-07-10 23:00:00,116008.38,116099.99,115645.88,116010.0,1291.02859,112424.89100000002,112319.31033821372,115060.774,117802.23766178629,4.765244603319434,0.673123943467027,79.53625662489618
2025-07-11 00:00:00,116010.01,116098.8,115222.22,115590.63,1041.06079,112646.92250000002,113414.52613880187,115518.53800000002,117622.54986119816,3.6427259167669606,0.5171320326965592,74.40533087004619
2025-07-11 01:00:00,115590.64,116078.85,115514.57,115967.57,786.25654,112890.99399999999,115441.74518712268,116013.42,116585.09481287732,0.9855322132169156,0.4598985306268594,75.90962804167033
2025-07-11 02:00:00,115967.57,116800.0,115702.86,116672.57,1353.14236,113162.95550000001,115351.98131347955,116049.83,116747.67868652045,1.202670760518041,0.9461855499829469,78.45962127641657
2025-07-11 03:00:00,116672.57,116950.0,116390.25,116881.7,1276.211611,113445.5405,115266.79132525473,116224.49399999999,117182.19667474525,1.6480221023724344,0.8431158841520491,79.16418129750241
2025-07-11 04:00:00,116881.69,116929.0,116500.0,116918.16,674.02539,113729.782,115341.52957208276,116406.126,117470.72242791725,1.8291072205551238,0.7404826780236955,79.29135617569493
2025-07-11 05:00:00,116918.16,118404.22,116918.16,117860.37,2636.873797,114070.73250000001,115648.0822855341,116860.074,118072.06571446589,2.0742614187731863,0.9126661874255527,82.29827721616222
2025-07-11 06:00:00,117860.38,118400.0,117602.22,117648.33,1499.83544,114398.72350000001,116259.87213914724,117196.226,118132.57986085275,1.5979249380483629,0.741417277645582,79.50061284776642
2025-07-11 07:00:00,117648.32,118108.79,117468.53,117526.88,3129.43875,114724.06800000001,116574.57526845447,117367.08800000002,118159.60073154556,1.3504854641116195,0.6008135223823867,77.86783398770264
2025-07-11 08:00:00,117526.88,118133.0,117526.88,117964.76,1000.8286,115078.856,116850.43221622816,117583.7,118316.96778377183,1.2472269264733744,0.759836862080503,79.50239900817
2025-07-11 09:00:00,117964.75,118869.98,117883.74,118470.34,1514.6018,115462.37250000001,117240.87556132831,117894.13599999998,118547.39643867165,1.1082153206868073,0.9410216552923799,81.22642832350813
2025-07-11 10:00:00,118470.35,118470.35,117946.72,117983.78,1340.00944,115799.183,117263.20445573669,117918.818,118574.43154426331,1.111974416608059,0.5495429057014031,74.71356076239144
2025-07-11 11:00:00,117983.78,118110.6,117583.16,117821.91,808.62177,116119.85850000002,117341.98658674944,117953.53400000001,118565.08141325059,1.0369293611000698,0.39238446836003643,72.62720265292539
2025-07-11 12:00:00,117821.91,118259.24,117741.94,117878.11,861.42649,116381.59000000001,117562.06975337616,118023.78,118485.49024662384,0.7824020661325082,0.3422495482121321,72.91005009368513
2025-07-11 13:00:00,117878.1,118189.18,117273.45,117989.18,1463.56142,116594.90800000001,117569.04244078693,118028.66399999999,118488.28555921305,0.7788304021014102,0.4570472715992706,73.49300991933218
2025-07-11 14:00:00,117989.17,118170.24,117388.0,117858.16,1074.59567,116816.81599999999,117770.26910422074,117906.228,118042.18689577926,0.23062207668836365,0.32322598413110815,71.53736996802239
2025-07-11 15:00:00,117858.15,117960.0,116724.66,116902.59,1311.7905,116996.85500000001,116894.71063484732,117689.98999999999,118485.26936515266,1.351481744798642,0.0049538347767685035,59.170549317210664
2025-07-11 16:00:00,116902.58,117433.4,116604.87,117393.39,931.33103,117191.8665,116792.163161352,117604.286,118416.40883864799,1.381110954830324,0.37015757348291717,62.73395394812361
2025-07-11 17:00:00,117393.38,117745.7,117250.0,117640.0,775.16024,117249.3405,116787.56790003998,117556.66399999999,118325.76009996,1.3084687397390022,0.5541778849251373,64.41451873427485
2025-07-11 18:00:00,117640.01,117734.55,117300.0,117694.01,408.58924,117333.622,116832.0446748029,117497.63,118163.2153251971,1.1329340433455524,0.6475242861926354,64.7890327504344
2025-07-11 19:00:00,117694.02,118138.75,117426.58,118108.81,639.64596,117438.5625,116755.42228998129,117547.76000000001,118340.09771001873,1.3481119674568376,0.8540472660241882,67.60855071414679
2025-07-11 20:00:00,118108.81,118108.81,117659.19,117664.46,355.65991,117542.254,117238.80185057443,117700.13399999999,118161.46614942556,0.7839110011982913,0.46133588343625676,61.8911746870788
2025-07-11 21:00:00,117664.46,117880.01,117471.09,117619.99,279.72136,117624.875,117378.74337041096,117745.454,118112.16462958904,0.622887113058379,0.3289332379857715,61.33217683705919
2025-07-11 22:00:00,117619.99,117665.92,117146.8,117615.89,505.97498,117672.041,117367.91668464307,117740.63199999998,118113.34731535689,0.6331124761703485,0.33265780226855984,61.27722503836233
2025-07-11 23:00:00,117615.88,117677.24,117436.59,117527.66,205.15806,117704.339,117296.22223760575,117707.36200000001,118118.50176239427,0.6985795202754798,0.2814587441585374,60.030747687150644
2025-07-12 00:00:00,117527.66,117646.97,117141.13,117407.99,392.55028,117728.8305,117384.92733647539,117567.198,117749.46866352462,0.3100706091925642,0.06326488058650462,58.298552728025385
2025-07-12 01:00:00,117407.99,117697.49,117407.99,117644.81,322.02488,117718.05249999999,117388.87821847107,117563.268,117737.65778152892,0.296673926296305,0.733792368122432,60.714424642468465
2025-07-12 02:00:00,117644.8,117800.43,117556.0,117599.99,319.10692,117715.6355,117389.40719845443,117559.26800000001,117729.1288015456,0.2889790051186486,0.6198687384889867,60.00590011219853
2025-07-12 03:00:00,117599.98,117847.66,117599.97,117774.42,235.13774,117728.0125,117347.45998411244,117590.974,117834.48801588756,0.41417127115140373,0.8766641507910201,61.87079668181452
2025-07-12 04:00:00,117774.42,117876.57,117587.0,117646.44,231.58516,117712.09650000001,117377.46235062978,117614.73000000001,117851.99764937024,0.4034658743343305,0.566823269173354,59.67224436681716
2025-07-12 05:00:00,117646.43,117718.82,117506.37,117689.68,227.7315,117673.0635,117553.16585251469,117671.068,117788.9701474853,0.20039275497237277,0.5789298600448017,60.18700369141761
2025-07-12 06:00:00,117689.68,117981.57,117660.0,117847.66,309.07591,117666.25749999999,117533.55538349396,117711.63799999999,117889.72061650602,0.3025743580359115,0.8819070122304933,62.09090609139612
2025-07-12 07:00:00,117847.66,118054.79,117625.63,117731.99,389.30318,117661.7615,117599.16856239177,117738.03799999999,117876.9074376082,0.23589562042508821,0.47822415030928667,59.83471262773316
2025-07-12 08:00:00,117731.99,118000.0,117724.47,117929.65,426.87947,117664.3385,117559.93689594735,117769.084,117978.23110405265,0.35518167748108176,0.8838590085368087,62.352218364268566
2025-07-12 09:00:00,117929.66,118200.0,117881.15,118158.78,372.57837,117672.81849999998,117538.08403394993,117871.552,118205.01996605007,0.5658158569933306,0.9306680539696518,65.08426802182758
2025-07-12 10:00:00,118158.79,118158.79,117870.31,118077.32,360.52166,117683.7765,117641.55933793394,117949.08,118256.60066206606,0.5214464785415216,0.7085063148902446,63.32484422333119
2025-07-12 11:00:00,118077.32,118106.2,117625.0,117810.0,299.38516,117729.147,117622.81956151113,117941.548,118260.27643848886,0.5404854250155553,0.29363623681701695,57.802624008953025
2025-07-12 12:00:00,117810.0,117861.19,117309.61,117559.97,896.26553,117737.476,117485.0029709427,117907.144,118329.2850290573,0.7160567455646227,0.088793819952434,53.13529872516358
2025-07-12 13:00:00,117559.98,117571.61,117238.88,117500.0,758.24496,117730.476,117291.23762111733,117821.21399999999,118351.19037888266,0.8996281075200391,0.19695441834860836,52.04970971396378
2025-07-12 14:00:00,117500.0,117727.26,117315.68,117389.47,449.96682,117715.249,117173.244153734,117667.352,118161.45984626599,0.8398384732342637,0.21880430345321275,50.02124429928351
2025-07-12 15:00:00,117389.47,117461.62,116900.05,117100.01,782.91296,117664.80899999998,117008.89589947854,117471.88999999998,117934.88410052143,0.7882636442155645,0.09839661068990051,45.067785188535446
2025-07-12 16:00:00,117100.0,117399.77,117045.86,117191.08,282.98905,117641.13999999998,116994.97382971006,117348.106,117701.23817028994,0.6018540602435357,0.2776668154149342,46.85106749242669
2025-07-12 17:00:00,117191.08,117548.69,117186.81,117478.4,209.00655,117634.06049999999,117013.4998686777,117331.79199999999,117650.08413132228,0.5425505328040853,0.7303041539087841,52.130936259311
2025-07-12 18:00:00,117478.4,117509.76,117378.91,117504.0,161.72998,117628.46599999999,117012.59723119636,117332.59199999999,117652.58676880362,0.5454490748889851,0.7678293783377373,52.5829193472727
2025-07-12 19:00:00,117504.01,117639.98,117439.72,117550.96,307.8177,117629.63099999998,116999.12560851595,117364.88999999998,117730.65439148401,0.6232943966190061,0.7543577290904023,53.45117727929793
2025-07-12 20:00:00,117550.96,117550.96,117023.35,117023.36,154.52026,117610.39950000001,116937.21473729206,117349.56000000001,117761.90526270797,0.7027640541778822,0.1044576844926125,43.75678234691997
2025-07-12 21:00:00,117023.36,117555.5,117000.01,117485.22,207.04733,117602.42,117020.03782103561,117408.388,117796.7381789644,0.6615373664177936,0.5989210307625988,51.96923993828147
2025-07-12 22:00:00,117485.21,117563.75,117312.04,117385.37,233.15011,117591.68899999998,117007.76937311226,117389.782,117771.79462688776,0.650844767541608,0.4942253217701786,50.260590495115856
2025-07-12 23:00:00,117385.38,117460.02,117219.53,117420.0,117.07289,117573.968,117005.42440192634,117372.982,117740.53959807366,0.6263069946943347,0.563960043604613,50.86397716413334
2025-07-13 00:00:00,117420.0,117458.48,117248.21,117316.1,163.58729,117557.451,117004.26378398856,117326.01000000001,117647.75621601146,0.5484652823554673,0.4845996634818997,48.94550441937949
2025-07-13 01:00:00,117316.1,117640.61,117224.79,117553.37,236.13001,117550.6355,117268.7595293245,117432.01200000002,117595.26447067554,0.2780374242000063,0.8716880960447704,53.279283588393916
2025-07-13 02:00:00,117553.37,117817.16,117407.94,117620.0,158.6613,117539.25250000002,117235.91737134891,117458.96800000002,117682.01862865113,0.3797932715552346,0.8609763419493895,54.44863711534727
2025-07-13 03:00:00,117620.0,117824.76,117600.81,117753.6,138.03288,117540.33299999998,117227.37683068139,117532.61400000002,117837.85116931864,0.5194084585213576,0.8619906456564413,56.7842441662251
2025-07-13 04:00:00,117753.59,117892.23,117684.22,117879.22,222.50112,117537.8115,117243.15563548906,117624.45800000001,118005.76036451096,0.6483385700462903,0.8340682142461144,58.91726344662828
2025-07-13 05:00:00,117879.22,117904.75,117700.65,117759.99,150.55904,117517.87200000002,117484.12298523735,117713.236,117942.34901476266,0.3892731566102789,0.6020326148831723,56.08762370375601
2025-07-13 06:00:00,117759.99,117978.97,117742.31,117888.51,186.7356,117508.43149999999,117583.66076479362,117780.26400000001,117976.8672352064,0.33384750301865873,0.7752904851396496,58.40653197201792
2025-07-13 07:00:00,117888.51,118054.79,117852.0,117999.0,308.18406,117517.88149999999,117673.31011496989,117856.06400000001,118038.81788503013,0.31013064381671646,0.8910614539779246,60.34531016883318
2025-07-13 08:00:00,117998.99,118006.96,117756.39,117895.78,165.74382,117534.67199999999,117732.75234895526,117884.5,118036.24765104474,0.2574514054769626,0.5371669674039066,57.64216813121335
2025-07-13 09:00:00,117895.78,117901.34,117689.63,117739.16,151.43307,117546.63,117664.74512325719,117856.48799999998,118048.23087674277,0.3253836593922464,0.1940486082375673,53.71070469195005
2025-07-13 10:00:00,117739.16,117845.48,117739.16,117747.99,98.78511,117564.55600000001,117657.33878810426,117854.08800000002,118050.83721189578,0.33388610481761105,0.2303724904976373,53.90160118129578
2025-07-13 11:00:00,117748.0,118086.66,117747.99,118072.01,269.48693,117613.156,117625.52060362117,117890.78799999999,118156.0553963788,0.4500222636204809,0.8415836293375789,60.36155967455897
2025-07-13 12:00:00,118072.01,118636.92,117989.53,118432.11,689.7104,117675.20749999999,117462.23134687317,117977.41,118492.58865312683,0.8733513528171705,0.9413032229113502,66.05478572854808
2025-07-13 13:00:00,118432.11,118750.0,118154.81,118610.01,736.92273,117731.78800000002,117414.13662747611,118120.25600000001,118826.37537252391,1.1955940436226264,0.8467926380842994,68.46456985692237
2025-07-13 14:00:00,118610.0,119376.0,118353.2,118766.94,1897.939057,117794.93500000001,117585.5658791581,118325.812,119066.05812084192,1.2511997311996672,0.797960359115617,70.45693891198772
2025-07-13 15:00:00,118766.94,119124.0,118532.84,118672.24,566.53213,117850.99900000003,118020.56659518428,118510.66200000001,119000.75740481574,0.827090822960265,0.6648434145804181,67.67819524917579
2025-07-13 16:00:00,118672.23,118982.89,118520.0,118528.01,483.67524,117926.2315,118371.14128870283,118601.86200000001,118832.58271129719,0.3890676038411285,0.3399536834279085,63.56630077271316
2025-07-13 17:00:00,118528.0,118844.83,118382.56,118699.6,348.79838,117986.9505,118492.96085370462,118655.36000000002,118817.75914629542,0.2737325078199585,0.6362076125681081,66.19755246960389
2025-07-13 18:00:00,118699.6,119070.24,118592.01,118992.73,315.39573,118067.31850000001,118428.01740520936,118731.90400000001,119035.79059479065,0.5118870068665708,0.9291502232595612,70.16199304550256
2025-07-13 19:00:00,118992.73,119488.0,118897.44,118961.08,601.53222,118144.37250000001,118413.86801708571,118770.732,119127.5959829143,0.6009291631111479,0.7666954485649423,69.21803828372401
2025-07-13 20:00:00,118961.09,119367.37,118826.0,119083.6,290.26988,118232.74750000001,118439.69328945232,118853.004,119266.31471054768,0.6954989720708802,0.7789620424963589,70.85283423114616
2025-07-13 21:00:00,119083.6,119083.6,118500.01,118648.87,421.07599,118287.52249999999,118534.64385106589,118877.176,119219.70814893412,0.5762790814178071,0.16673785116163595,58.899794920584434
2025-07-13 22:00:00,118648.86,118774.64,118243.68,118520.01,584.71541,118332.523,118406.522086161,118841.258,119275.993913839,0.7316245572543536,0.13052511907381054,55.88998997622081
2025-07-13 23:00:00,118520.01,119198.0,118386.55,119086.64,364.38555,118399.175,118393.77922747305,118860.04,119326.30077252694,0.7845542917989059,0.742997066611377,64.48430083196897
2025-07-14 00:00:00,119086.65,119470.54,118916.17,119061.4,538.61781,118458.28400000001,118390.14658755131,118880.104,119370.0614124487,0.8242883307852711,0.6850119983836053,63.88718018117189
2025-07-14 01:00:00,119061.4,119238.1,118905.18,119100.58,349.35207,118525.31349999997,118387.74666375562,118883.5,119379.25333624438,0.8340153784913452,0.7189395250917618,64.43768095529872
2025-07-14 02:00:00,119100.58,119999.0,118969.56,119647.88,1311.09415,118613.282,118369.53141249907,119083.302,119797.07258750092,1.1987752699382268,0.8954898183579717,71.0715562538601
2025-07-14 03:00:00,119647.88,121492.48,119592.7,120750.24,3219.468856,118750.844,118232.14028726415,119529.348,120826.55571273585,2.17052587409052,0.9705846211109512,79.40496173869442
2025-07-14 04:00:00,120750.25,121438.27,120557.63,121400.0,1343.86331,118926.05500000001,118129.45049603046,119992.01999999999,121854.58950396952,3.1044889551313957,0.8779671032407942,82.58873405396466
2025-07-14 05:00:00,121400.0,122666.0,121129.0,122461.99,2704.498689,119162.1965,118262.43225974431,120672.138,123081.8437402557,3.9938063254596456,0.8713839349965767,86.31299405916839
2025-07-14 06:00:00,122461.99,122465.3,122017.81,122130.99,1146.85917,119381.34649999999,119262.25772848866,121278.22,123294.18227151134,3.3245248347334524,0.7115044542378006,80.53115719740624
2025-07-14 07:00:00,122130.99,123218.0,122100.0,122736.04,1786.579052,119614.548,120442.57596293716,121895.852,123349.12803706284,2.3844552759069084,0.7890669007720196,82.79936152414724
2025-07-14 08:00:00,122736.04,122769.19,122300.0,122578.0,851.02194,119821.8425,121312.81693885432,122261.40400000001,123209.9910611457,1.551735920103931,0.6668776715221107,80.1719686182721
2025-07-14 09:00:00,122578.01,122582.97,121888.44,121973.74,929.42357,119990.02900000001,121810.69998691576,122376.152,122941.60401308424,0.9241212504937121,0.14416785979322003,70.90728863237916
2025-07-14 10:00:00,121973.74,122130.65,121628.47,121905.48,742.89705,120146.956,121600.38433967058,122264.85,122929.31566032943,1.0869283532093286,0.229579704824895,69.92426734952844
2025-07-14 11:00:00,121905.48,121905.48,121355.55,121467.24,755.99271,120286.70599999998,121201.70495822634,122132.1,123062.49504177367,1.5235880522379672,0.14270015952979426,63.80811402292728
2025-07-14 12:00:00,121467.23,121945.63,121400.01,121918.0,930.72081,120456.2055,121258.95634041619,121968.492,122678.02765958381,1.1634736938189074,0.46441898351549,67.00492929741434
2025-07-14 13:00:00,121918.01,122120.0,121188.0,121710.64,1151.85025,120606.75749999999,121422.11138578328,121795.01999999999,122167.9286142167,0.61235445294349,0.3868623614699409,64.19576585302985
2025-07-14 14:00:00,121710.64,121990.42,120600.0,121158.89,1855.94127,120715.0655,121056.72367367988,121632.05,122207.37632632013,0.9460110658664759,0.08878989335807978,57.31070126526348
2025-07-14 15:00:00,121158.88,121176.26,119611.7,119878.23,2109.20019,120760.923,119786.34374719046,121226.6,122666.85625280955,2.3761389873337104,0.031899272310149454,45.19456758486623
2025-07-14 16:00:00,119878.22,120299.58,119202.0,120268.87,1443.04559,120820.18650000003,119395.68909642688,120986.926,122578.16290357313,2.630427858912829,0.2743717486731185,48.75350269895614
2025-07-14 17:00:00,120268.88,120526.03,119769.4,119896.42,1173.36404,120882.56400000001,119121.1063886747,120582.61000000002,122044.11361132533,2.424070288950148,0.26524519177281797,45.70598994477705
2025-07-14 18:00:00,119896.42,120192.73,119632.0,119644.94,812.38191,120938.81049999999,119102.38385262627,120169.47,121236.55614737373,1.7759688003512561,0.25422321745486504,43.71884938153807
2025-07-14 19:00:00,119644.93,120103.31,119610.92,119939.41,698.45342,120981.44900000002,119525.68358449485,119925.574,120325.46441550514,0.666897646877458,0.517299739458037,46.64408165444084
2025-07-14 20:00:00,119939.42,120447.0,119522.72,120167.07,552.37318,121036.7325,119545.81843713636,119983.34199999999,120420.86556286362,0.7293071780974882,0.7099635489315157,48.85723717258455
2025-07-14 21:00:00,120167.06,120244.5,119827.34,120034.98,290.33134,121083.45250000001,119590.75142311351,119936.56400000001,120282.37657688651,0.5766591360521205,0.6422967332276703,47.622957467845666
2025-07-14 22:00:00,120034.97,120300.0,119924.0,120057.01,297.55117,121103.90899999999,119614.03198494164,119968.68199999999,120323.33201505833,0.5912376616062935,0.6245284030024324,47.85954331149535
2025-07-14 23:00:00,120057.01,120057.01,119766.05,119841.18,274.46733,121058.456,119787.08319083836,120007.93000000001,120228.77680916166,0.3680536930545379,0.12247586769986062,45.68243984059127
2025-07-15 00:00:00,119841.17,119940.83,119110.0,119497.92,646.74195,120963.352,119448.548850587,119919.63200000001,120390.71514941302,0.7856647682391331,0.05240173573870677,42.38047523818536
2025-07-15 01:00:00,119497.93,119537.22,118352.09,118431.71,1780.21194,120761.83799999999,118363.33194362816,119572.56000000001,120781.78805637186,2.0225845400848694,0.02827343279521931,34.12870436619098
2025-07-15 02:00:00,118431.71,118855.56,117827.46,118251.05,1830.73981,120567.84100000001,117739.59899950282,119215.774,120691.94900049719,2.4764759745588427,0.1732352195115492,32.95774255197056
2025-07-15 03:00:00,118251.04,118251.04,116840.01,117148.47,2365.70802,120288.4625,116716.14783187787,118634.06599999999,120551.98416812212,3.233334627714983,0.11270610376078488,26.893198254206407
2025-07-15 04:00:00,117148.46,117511.33,116250.0,117480.48,1853.98992,120033.5865,116523.12932513977,118161.926,119800.72267486024,2.773815103285019,0.29208952200915084,31.00993420849256
2025-07-15 05:00:00,117480.48,117765.4,116962.97,117335.12,1161.25519,119801.6555,116701.64790537825,117729.36600000001,118757.08409462176,1.7458993104944704,0.3081935104270432,30.20789765564261
2025-07-15 06:00:00,117335.12,117335.12,116766.0,117070.54,1050.33694,119559.90849999999,116613.11140656583,117457.13200000001,118301.15259343419,1.437155120447142,0.27098189131438116,28.75031655360024
2025-07-15 07:00:00,117070.54,117270.86,116400.0,116779.12,1413.2237,119325.50250000002,116683.96224996977,117162.746,117641.52975003023,0.8172969077222322,0.09937445665628303,27.19388336363132
2025-07-15 08:00:00,116779.13,116862.02,116300.0,116777.47,1086.30795,119068.476,116517.75851512229,117088.546,117659.33348487772,0.9749672438117282,0.22750278497552703,27.1849097984342
2025-07-15 09:00:00,116777.47,117224.08,116711.67,116779.99,920.92254,118821.94350000001,116500.60406479373,116948.448,117396.29193520627,0.7658826480643344,0.3119233210979966,27.22440831788568
2025-07-15 10:00:00,116780.0,117198.21,116744.48,117016.48,853.89059,118614.823,116623.16761076018,116884.72,117146.27238923982,0.4475390611190575,0.7518807042500057,31.00676811143045
2025-07-15 11:00:00,117016.49,117161.52,116338.3,117113.98,751.22184,118476.6105,116606.12314641205,116893.40800000001,117180.69285358797,0.4915330274021273,0.883890757283609,32.56292134557739
2025-07-15 12:00:00,117113.98,117466.52,116417.0,117204.18,1464.86775,118323.37599999997,116631.37761388982,116978.42,117325.46238611017,0.5933442871089788,0.8252628627448464,34.045029864648335
2025-07-15 13:00:00,117204.18,118490.71,117157.25,118088.13,2210.06348,118232.9615,116346.99395412886,117240.552,118134.11004587113,1.5243156580687778,0.9742713715781615,46.462780002951625
2025-07-15 14:00:00,118088.13,118458.31,115736.92,116008.19,2687.57274,118051.124,115763.91482122807,117086.192,118408.46917877192,2.2586389670473266,0.09236912755266795,31.45555178173057
2025-07-15 15:00:00,116008.2,116750.0,115800.0,116391.43,2299.77308,117873.725,115523.06708245653,116961.182,118399.29691754347,2.4591319837097223,0.3019101279565212,35.58406177598112
2025-07-15 16:00:00,116391.43,117800.6,116362.97,117188.01,1624.68167,117724.772,115530.38064814369,116975.98800000001,118421.59535185633,2.4716309331045285,0.573333190969084,43.23702233647527
2025-07-15 17:00:00,117188.0,117538.46,117140.0,117372.99,995.72856,117591.67249999999,115536.77602722347,117009.75,118482.72397277653,2.5176944191001627,0.6233015676832718,44.87484187210143
2025-07-15 18:00:00,117373.0,117380.0,116019.05,116719.55,1721.15939,117424.79950000001,115732.52982844261,116736.03399999999,117739.53817155736,1.7192706265100206,0.4917867805300699,40.43632218983639
2025-07-15 19:00:00,116719.55,117204.5,116282.38,116416.07,1053.82399,117253.544,116018.54923535377,116817.61000000002,117616.67076464626,1.3680484725654716,0.24874251260617497,38.53022179839223
2025-07-15 20:00:00,116416.07,116725.02,116192.27,116419.02,604.23115,117099.599,116035.61800713575,116823.128,117610.63799286424,1.3482090513177234,0.24342674781165907,38.56053963016411
2025-07-15 21:00:00,116419.01,117600.0,116350.0,117553.92,613.20681,117055.7095,115937.41270256038,116896.31000000001,117855.20729743964,1.6405946388549493,0.8428990788460257,48.98502121571835
2025-07-15 22:00:00,117553.91,117868.52,117263.66,117827.74,634.19704,117034.544,115804.60754258193,116987.26000000001,118169.91245741809,2.0218482891523064,0.8553368509608048,51.139096229653504
2025-07-15 23:00:00,117827.74,117972.86,117500.0,117758.09,394.60478,117065.025,115912.74158558597,117194.968,118477.19441441401,2.188193633730112,0.7195875836239696,50.55435685288166
2025-07-16 00:00:00,117758.08,118178.0,117425.27,118112.89,622.87077,117096.64550000001,116362.9431479184,117534.33200000001,118705.72085208162,1.9932709569176956,0.7469538612100782,53.472876803109905
2025-07-16 01:00:00,118112.9,118195.0,117582.12,117724.29,470.76557,117116.104,117430.30295923652,117795.38599999998,118160.46904076345,0.619859662013356,0.40263037163912896,49.99237192099777
2025-07-16 02:00:00,117724.29,117752.87,117017.29,117317.27,578.37446,117128.4405,117237.6087693355,117748.05600000001,118258.50323066453,0.8670159797194756,0.07803081873987763,46.57304248527544
2025-07-16 03:00:00,117317.27,117519.49,117211.25,117482.67,388.69782,117163.61799999999,117137.96086207234,117679.04199999999,118220.12313792763,0.9195879380589146,0.31853738170203133,48.1257632494667
2025-07-16 04:00:00,117482.67,117700.7,117275.63,117600.92,335.01607,117204.7905,117110.29991252963,117647.60800000001,118184.91608747038,0.9134194848574799,0.45655379000545615,49.2610989685842
2025-07-16 05:00:00,117600.92,118000.0,117600.92,117869.82,479.8066,117259.28199999998,117217.47157128436,117598.99399999999,117980.51642871562,0.6488532184478223,0.8549280194505638,51.842248242996966
2025-07-16 06:00:00,117869.82,118285.15,117760.0,118276.3,372.39644,117322.273,117037.65168762133,117709.396,118381.14031237866,1.141360562887716,0.9219641235164215,55.52538093264996
2025-07-16 07:00:00,118276.3,118300.0,118046.19,118189.25,466.50951,117376.0365,117258.66624377081,117883.79199999999,118508.91775622916,1.0605796532727285,0.7443172409361036,54.56296370092973
2025-07-16 08:00:00,118189.24,118794.64,118113.82,118699.99,858.41533,117450.827,117380.32388328984,118127.25600000001,118874.18811671018,1.2646228178028167,0.8833909315096639,59.047970009202885
2025-07-16 09:00:00,118700.0,119200.0,118693.71,119193.37,766.24927,117506.08899999999,117529.32925667129,118445.746,119362.1627433287,1.5474033880941702,0.9079061221013901,62.86163224590452
2025-07-16 10:00:00,119193.38,119310.75,118734.53,118736.25,614.40925,117642.492,117896.62702389502,118619.032,119341.43697610499,1.218025411141414,0.581130393530788,57.51724145977027
2025-07-16 11:00:00,118736.24,118912.36,118650.0,118769.06,419.29991,117761.37350000002,118079.57655156913,118717.584,119355.59144843087,1.074832264832599,0.5403412218200557,57.79459982326402
2025-07-16 12:00:00,118769.06,119082.94,118580.36,118613.43,550.40761,117832.64450000001,118397.90311679574,118802.42,119206.93688320425,0.6809909818406975,0.2664003557738063,55.929337148455275
2025-07-16 13:00:00,118613.43,118920.0,118181.14,118700.01,927.75357,117898.9955,118397.91116794979,118802.424,119206.93683205021,0.6809841389266801,0.37341069073021177,56.76531351568045
2025-07-16 14:00:00,118700.02,119260.0,118200.0,119056.8,1139.36599,118015.85800000001,118474.87490465424,118775.11000000002,119075.3450953458,0.5055522076060868,0.9691157102662616,60.122333525061336
2025-07-16 15:00:00,119056.81,119794.8,118328.48,119095.76,2233.63925,118149.8425,118459.06022415501,118847.01200000002,119234.96377584503,0.6528591157933515,0.8205913923942897,60.483157025193684
2025-07-16 16:00:00,119095.76,119338.12,118471.38,119291.91,671.3025,118293.48700000001,118441.4318126421,118951.58200000001,119461.73218735792,0.8577442666679471,0.833556674518309,62.33115475286219
2025-07-16 17:00:00,119291.91,119700.0,118963.96,119073.35,654.94744,118369.4585,118660.42956840766,119043.56600000002,119426.70243159238,0.6436911199255514,0.5388686608008009,59.01923489106887
2025-07-16 18:00:00,119073.35,119904.13,118880.27,119512.2,731.25594,118453.68149999999,118855.97715746741,119206.004,119556.0308425326,0.5872637799897933,0.9373893124660652,63.24252069306827
2025-07-16 19:00:00,119512.2,119668.72,118822.72,119230.16,819.82836,118527.285,118923.86763026628,119240.676,119557.48436973373,0.5313763396204293,0.4834032162583934,59.03198743979774
2025-07-16 20:00:00,119230.16,119933.89,118943.91,119921.96,606.44397,118617.7385,118817.98036915819,119405.91600000001,119993.85163084183,0.9847680090521158,0.9388609678759473,65.15929163063151
2025-07-16 21:00:00,119921.97,120063.84,119200.0,119297.64,1094.26323,118696.406,118819.99802387696,119407.06199999999,119994.12597612302,0.9832985860133245,0.40680572778233237,56.88994107758873
2025-07-16 22:00:00,119297.64,119500.0,118592.22,118639.34,893.9653,118762.5095,118485.43519232035,119320.26000000001,120155.08480767967,1.3993010200944231,0.09217790742671779,49.72415626927305
2025-07-16 23:00:00,118639.34,118823.5,118420.0,118630.43,343.92435,118819.8975,118182.78732965104,119143.906,120105.02467034897,1.6133744521502689,0.23287585818430967,49.63303125483224
2025-07-17 00:00:00,118630.44,119158.28,118620.83,118894.33,319.33644,118884.568,118102.27463166854,119076.73999999999,120051.20536833144,1.63670145543362,0.40640508840641315,52.414602926150636
2025-07-17 01:00:00,118894.33,119082.88,117683.53,118149.7,854.33514,118898.562,117971.92613834834,118722.28799999999,119472.64986165163,1.2640623328479772,0.11845875352750072,44.88263282197233
2025-07-17 02:00:00,118149.71,118523.25,118017.06,118330.57,607.84399,118901.27549999999,118007.97336078624,118528.874,119049.77463921375,0.8789430315751631,0.3096527580583226,46.87941117795014
2025-07-17 03:00:00,118330.58,118356.32,117761.11,118128.8,452.54646,118898.253,117836.91985401508,118426.76600000002,119016.61214598495,0.9961365422829074,0.2474205756634501,44.924187852357896
2025-07-17 04:00:00,118128.8,118485.4,117959.33,118485.4,389.33546,118887.52350000001,117837.29570975728,118397.76000000001,118958.22429024274,0.9467481314557462,0.5781851774731528,48.974693757649725
2025-07-17 05:00:00,118485.39,118643.59,118225.54,118587.03,364.79579,118857.2065,117975.18507558218,118336.3,118697.41492441783,0.6103197825482514,0.847160949390577,50.10102277739258
2025-07-17 06:00:00,118587.03,118772.0,118341.55,118452.51,592.92659,118843.01950000001,118082.72647424512,118396.862,118710.99752575486,0.5306483980206692,0.5885732358132343,48.57267806299033
2025-07-17 07:00:00,118452.51,118556.45,117857.03,118311.75,733.57599,118820.15400000001,118075.44410598752,118393.098,118710.75189401247,0.5366088046998715,0.37195497751901674,46.95844759015826
2025-07-17 08:00:00,118311.75,118424.28,118082.99,118330.93,416.84953,118806.02899999998,118229.62183617309,118433.524,118637.42616382692,0.34433183602122436,0.24842346428677858,47.21586087897766
2025-07-17 09:00:00,118330.93,119192.0,118242.26,118769.34,734.00895,118809.4955,118148.63730409565,118490.31199999999,118831.98669590433,0.5767133027792813,0.9083240628362602,52.84867210919207
2025-07-17 10:00:00,118769.34,118869.73,118241.24,118340.01,402.69694,118773.65599999999,118098.02663173788,118440.90800000001,118783.78936826214,0.5789914549829789,0.3528674793392665,47.502602312960825
2025-07-17 11:00:00,118340.0,118398.82,117974.99,117995.0,488.32774,118718.61799999999,117856.41853653539,118349.406,118842.39346346461,0.8331050913168271,0.14055272571303074,43.67879237578712
2025-07-17 12:00:00,117995.0,118183.74,117453.57,117867.08,1041.93489,118647.37649999998,117630.8880655947,118260.472,118890.05593440529,1.0647411155357045,0.18757779661929364,42.3185960491185
2025-07-17 13:00:00,117867.08,118446.19,117520.6,118281.99,846.07215,118607.8085,117624.27226133822,118250.68399999998,118877.09573866174,1.0594640427817876,0.5249883567531053,47.97738255485924
2025-07-17 14:00:00,118281.99,118834.2,118141.47,118770.94,695.28925,118570.7455,117623.53203720546,118251.004,118878.47596279455,1.0612543514548851,0.9143101451771524,53.737269749959815
2025-07-17 15:00:00,118770.94,119073.46,118334.34,118881.99,592.49854,118553.33699999998,117547.67387367581,118359.4,119171.12612632418,1.37162933628285,0.8219004434208038,54.957065869780564
2025-07-17 16:00:00,118881.99,118954.66,118333.6,118558.61,550.68619,118485.1695,117741.64810019161,118472.122,119202.5958998084,1.2331574508446672,0.559199924886217,50.759900979024245
2025-07-17 17:00:00,118558.61,119328.89,118500.0,119261.5,555.62392,118483.3625,118096.6968830122,118751.00600000001,119405.31511698781,1.1019849667426018,0.8901015489055978,58.22751257934966
2025-07-17 18:00:00,119261.51,119780.67,119211.94,119580.0,689.15184,118530.39550000001,118280.98367064864,119010.60800000001,119740.23232935138,1.2261500745401936,0.8901953218214216,61.10592491807264
2025-07-17 19:00:00,119580.0,119880.13,118821.06,118959.66,638.4785,118546.85699999999,118353.53030875724,119048.352,119743.17369124276,1.167293254496727,0.43617643122125277,53.3893847795608
2025-07-17 20:00:00,118959.66,119436.87,118383.97,119436.86,583.39954,118573.98350000002,118429.85633734535,119159.326,119888.79566265465,1.2243601690977173,0.6902299809083298,57.80375207398293
2025-07-17 21:00:00,119436.86,120998.71,119431.93,120272.19,1869.7935,118680.10800000001,118627.74558688738,119502.04200000002,120376.33841311265,1.4632325916449787,0.9404387279012938,64.19604864519674
2025-07-17 22:00:00,120272.19,120693.35,119485.71,119766.71,695.69871,118751.91500000001,118746.75040139859,119603.084,120459.41759860142,1.431959059854031,0.5955387014285333,58.427930275376916
2025-07-17 23:00:00,119766.7,119879.35,119170.52,119177.56,613.37046,118804.353,118599.65277187942,119522.59599999999,120445.53922812056,1.5443828347245177,0.3130784269891626,52.50626835390775
2025-07-18 00:00:00,119177.56,119786.52,119020.48,119739.06,492.21525,118867.036,118944.5838530917,119678.476,120412.3681469083,1.2264396597234406,0.5412758197885258,56.98123317414744
2025-07-18 01:00:00,119739.06,120785.49,119644.21,120336.88,1117.34665,118954.52850000001,119016.40758515807,119858.48000000001,120700.55241484195,1.405111119116377,0.7840610804771415,61.17557417766486
2025-07-18 02:00:00,120336.88,120399.04,119869.97,120096.43,585.26308,119036.72449999998,119040.69482274407,119823.32800000001,120605.96117725594,1.306311868179684,0.6744763753547565,58.696678062138055
2025-07-18 03:00:00,120096.42,120478.83,119949.28,120223.09,478.04437,119132.2915,119075.27527749985,119914.604,120753.93272250016,1.3998774035898995,0.6837694765652041,59.6247776616892
2025-07-18 04:00:00,120223.08,120486.29,119750.0,120403.4,535.70911,119235.91500000001,119690.0982314523,120159.772,120629.4457685477,0.7817487678783184,0.7593587467672841,60.96933870928967
2025-07-18 05:00:00,120403.4,120635.97,120210.02,120589.95,806.90934,119326.94549999999,119996.49106412058,120329.95,120663.40893587942,0.5542409614221867,0.8898531003739818,62.36573646961075
2025-07-18 06:00:00,120589.94,120820.71,120075.04,120251.0,876.24559,119422.495,119973.71225917124,120312.774,120651.83574082877,0.563633818016307,0.4089044964952234,58.28546930891562
2025-07-18 07:00:00,120251.0,120386.27,119287.72,119339.51,1430.3153,119489.72050000001,119299.04153669886,120161.38999999998,121023.73846330111,1.4353170570032936,0.02346410124407186,49.00115534942043
2025-07-18 08:00:00,119339.51,119469.21,118395.0,118642.01,1456.19404,119528.46699999999,118366.17379950856,119845.174,121324.17420049144,2.4681848273530687,0.09325090030406455,43.31516080723591
2025-07-18 09:00:00,118642.02,118974.99,118442.84,118875.01,960.39557,119558.11799999999,118017.20595859078,119539.496,121061.78604140921,2.546923974665603,0.28174789891390334,45.586606322854294
2025-07-18 10:00:00,118875.01,119259.98,118502.7,119250.72,893.61085,119582.10699999999,118169.6738528182,119271.65,120373.62614718179,1.8478425462912453,0.49050342421044246,49.12663962265337
2025-07-18 11:00:00,119250.72,119281.93,118772.4,119171.34,504.29437,119596.57450000002,118537.4579751654,119055.718,119573.97802483459,0.8706176125612025,0.6115482522860058,48.41003443258732
2025-07-18 12:00:00,119171.35,119531.48,119145.84,119442.44,580.75482,119640.76599999999,118508.75565441739,119076.304,119643.85234558262,0.9532515311906522,0.8225593051673342,51.036883098860095
2025-07-18 13:00:00,119442.43,119442.44,118500.0,118773.38,1270.18453,119616.35999999999,118610.77400515901,119102.57800000001,119594.38199484101,0.8258494536381916,0.16531585402591822,44.95339646549697
2025-07-18 14:00:00,118773.38,119242.63,117315.69,118139.99,2133.86458,119544.35949999999,118030.77065021501,118955.574,119880.37734978498,1.554871820945495,0.05905004010333029,40.08244862692091
2025-07-18 15:00:00,118139.99,118265.96,117480.0,117860.25,1035.97451,119489.38900000001,117479.14158896684,118677.48000000001,119875.81841103318,2.019487456311287,0.15901535306065107,38.11796365244126
2025-07-18 16:00:00,117860.24,118054.92,117479.92,117553.42,743.90949,119395.21699999999,117000.05735587231,118353.896,119707.73464412767,2.2877804447226335,0.20436801923475692,36.031981694075284
2025-07-18 17:00:00,117553.41,117996.49,117377.0,117600.01,466.84347,119261.60799999998,117092.95036819729,117985.41,118877.86963180272,1.5128304962498633,0.28407986968468113,36.599335846022875
2025-07-18 18:00:00,117600.01,117723.11,117235.0,117310.72,633.76775,119138.8085,117125.75172617608,117692.878,118260.00427382391,0.9637393246920456,0.16307503492718659,34.550215365819476
2025-07-18 19:00:00,117310.72,117874.0,117120.53,117374.76,720.06492,119048.66849999999,117153.86330295143,117539.83200000001,117925.80069704859,0.6567453610935536,0.2861588241970324,35.412293711422656
2025-07-18 20:00:00,117374.75,117539.51,116812.76,117405.0,971.31857,118931.96549999998,117229.1891861345,117448.782,117668.3748138655,0.3739380011033233,0.4003109454510135,35.842032208437864
2025-07-18 21:00:00,117404.99,117879.9,117368.01,117676.82,398.26546,118798.9625,117193.05806097384,117473.46199999998,117753.86593902613,0.47739112179420745,0.8626161613604509,39.72426201757026
2025-07-18 22:00:00,117676.81,117962.09,117402.25,117683.71,397.4577,118678.32650000001,117173.88361801536,117490.202,117806.52038198465,0.5384591678285571,0.8058753632746434,39.82366030585207
2025-07-18 23:00:00,117683.71,118021.62,117455.94,117924.84,435.71334,118563.41399999999,117206.73607758817,117613.026,118019.31592241183,0.6908927288578224,0.8837333672331806,43.34487327026221
2025-07-19 00:00:00,117924.84,118028.86,117714.85,117739.7,314.9014,118430.229,117352.57284943003,117686.014,118019.45515056996,0.5666623233071147,0.5805029611795564,41.34446958574634
2025-07-19 01:00:00,117739.7,118109.95,117613.35,118036.73,286.4576,118302.56800000001,117525.03434921773,117812.35999999999,118099.68565078224,0.4877682626547022,0.8904454743061692,45.67613874318898
2025-07-19 02:00:00,118036.74,118297.72,117935.0,118201.03,339.10664,118200.06950000001,117536.7505949803,117917.202,118297.65340501971,0.6452856726022096,0.8730147875065608,47.96522382385241
2025-07-19 03:00:00,118201.04,118371.42,118123.6,118322.54,382.53888,118149.22099999999,117635.98025849483,118044.968,118453.95574150515,0.6929354947263142,0.8393402440113212,49.654840417556116
2025-07-19 04:00:00,118322.53,118364.0,118096.89,118134.83,245.36594,118123.86200000001,117693.0990188839,118086.96599999999,118480.83298111607,0.6670795168301299,0.5607616305692676,47.10996053902488
2025-07-19 05:00:00,118134.83,118289.43,118044.19,118205.98,257.94833,118090.4105,117992.60270829065,118180.222,118367.84129170934,0.31751385897606976,0.5686443269381528,48.193786932774444
2025-07-19 06:00:00,118205.98,118261.7,118065.8,118164.42,162.98805,118036.09550000001,118078.01008744612,118205.75999999998,118333.50991255384,0.21614837137185156,0.3381994978565919,47.58044919434249
2025-07-19 07:00:00,118164.42,118326.8,118156.32,118163.06,162.42311,117985.68149999999,118065.76472170738,118198.166,118330.56727829261,0.22403271179793896,0.36742575127404203,47.559119212291044
2025-07-19 08:00:00,118163.07,118265.95,117943.25,118101.82,259.81389,117918.65049999999,118084.83923175882,118154.022,118223.20476824118,0.11710607403814353,0.12272397211683049,46.54722136921045
2025-07-19 09:00:00,118101.83,118328.0,118069.22,118244.3,201.68294,117892.1965,118080.55199204358,118175.91600000001,118271.28000795645,0.16139330446389036,0.8585419775521086,49.252552783404305
2025-07-19 10:00:00,118244.3,118479.34,118180.36,118440.38,392.75678,117907.21599999999,117987.14106800509,118222.796,118458.45093199491,0.39866242377639544,0.9616580653714063,52.79347431734723
2025-07-19 11:00:00,118440.39,118499.9,118166.39,118327.06,269.17371,117930.55649999999,118016.00926310832,118255.324,118494.63873689166,0.4047424315401967,0.6498779409319814,50.59623067097429
2025-07-19 12:00:00,118327.05,118327.06,118099.46,118242.04,323.90381,117964.9875,118048.39922414483,118271.12,118493.84077585516,0.37662749089577696,0.43471646305032585,48.95014962048322
2025-07-19 13:00:00,118242.04,118317.42,118086.0,118188.14,280.81512,117994.394,118112.34163710535,118288.38399999999,118464.42636289464,0.297649451183042,0.2152844396323397,47.88650022567737
2025-07-19 14:00:00,118188.15,118229.8,117627.71,117668.14,707.8297,118012.26499999998,117640.1560951175,118173.152,118706.1479048825,0.9020592171096472,0.02625151959531802,39.06683726640459
2025-07-19 15:00:00,117668.14,118240.01,117661.04,118058.11,344.11867,118046.43250000002,117633.92066219974,118096.698,118559.47533780026,0.7837261255183617,0.45830824367564604,46.956897954921004
2025-07-19 16:00:00,118058.1,118161.51,117850.0,117973.99,202.06426,118074.88200000001,117621.34952139275,118026.084,118430.81847860725,0.685839036406986,0.43564422756956567,45.585675959861675
2025-07-19 17:00:00,117974.0,117984.68,117741.93,117808.17,192.03328,118081.44949999999,117572.74390249854,117939.31000000001,118305.87609750149,0.6216181822692979,0.3211236651536141,42.92471719510429
2025-07-19 18:00:00,117808.17,118028.0,117761.58,117859.1,127.41782,118090.219,117603.94356006266,117873.50200000001,118143.06043993736,0.45736901909870703,0.47328594125387197,44.00583731332361
2025-07-19 19:00:00,117859.1,118141.0,117605.26,118007.88,258.76097,118094.371,117754.63151484002,117941.45,118128.26848515998,0.3167986914862924,0.6777928986607534,47.154933235115976
2025-07-19 20:00:00,118007.88,118141.0,117708.55,117720.01,212.75326,118093.3865,117661.81070088444,117873.83,118085.84929911557,0.35973939103457253,0.1372500035570687,42.20862806087519
2025-07-19 21:00:00,117720.0,117836.56,117277.34,117705.82,417.75569,118076.84099999999,117601.10235113394,117820.196,118039.28964886605,0.37191187301377737,0.2389791977267314,41.97489825597444
2025-07-19 22:00:00,117705.81,117850.14,117529.44,117792.98,169.57842,118056.4385,117597.06261617418,117817.15800000001,118037.25338382584,0.373621953817335,0.44507381395343665,44.0252325136762
2025-07-19 23:00:00,117792.98,117935.76,117738.63,117840.0,123.61479,118032.3115,117595.63703798686,117813.33799999999,118031.03896201312,0.3695692961575004,0.5612353747853519,45.1512003163061
2025-07-20 00:00:00,117840.01,117996.49,117650.0,117942.31,137.64118,118022.68549999999,117627.78400900768,117800.224,117972.66399099233,0.2927668303794111,0.9119867995305139,47.62018164119186
2025-07-20 01:00:00,117942.31,118131.2,117900.72,117941.25,244.5789,118009.449,117663.73117455802,117844.472,118025.21282544197,0.3067446819940295,0.7677258991247585,47.59627623555042
2025-07-20 02:00:00,117941.25,118006.37,117766.42,117970.49,319.10411,117999.75250000002,117760.35075590674,117897.406,118034.46124409327,0.23249916812124954,0.7666224137701324,48.36628318498569
2025-07-20 03:00:00,117970.5,118165.38,117706.9,117958.01,514.71198,117989.5,117837.45502037248,117930.41200000001,118023.36897962754,0.15764717183813762,0.6484450124701,48.04181375059725
2025-07-20 04:00:00,117958.0,118127.39,117900.0,117949.98,209.68915,117981.90800000001,117930.66942825574,117952.40800000001,117974.14657174428,0.036859903265843735,0.4441545647851774,47.81952271056786
2025-07-20 05:00:00,117949.99,117976.36,117800.0,117846.91,262.71011,117962.0385,117844.79175532317,117933.32800000001,118021.86424467685,0.15014626684128052,0.011962584840636796,44.94487795929819
2025-07-20 06:00:00,117846.92,117884.29,117760.67,117824.48,128.67886,117931.24350000001,117787.15245232423,117909.974,118032.79554767578,0.20833105717719172,0.15195846487094866,44.32047488715536
2025-07-20 07:00:00,117824.49,118218.0,117824.48,118029.49,339.64911,117916.36499999999,117770.03184048765,117921.774,118073.51615951236,0.2573607135733213,0.8549310236066158,51.018508009375445
2025-07-20 08:00:00,118029.49,118255.14,118000.0,118151.14,659.2723,117911.81999999999,117719.37223629323,117960.4,118201.42776370676,0.4086587765161239,0.8956805578465675,54.51506863704025
2025-07-20 09:00:00,118151.15,118277.17,117886.51,117913.11,427.04081,117898.06849999998,117708.9377095527,117953.026,118197.1142904473,0.41387372367589187,0.41823450455806255,47.38699055427278
2025-07-20 10:00:00,117913.12,117993.86,117876.42,117888.21,342.66508,117909.072,117729.64276169271,117961.286,118192.92923830728,0.39274451163118457,0.3422660628171485,46.69910408362813
2025-07-20 11:00:00,117888.21,118081.66,117819.88,117878.46,371.30411,117900.0895,117763.01792584694,117972.08200000001,118181.14607415308,0.35442974406956046,0.27609256784248404,46.41498148841945
2025-07-20 12:00:00,117878.46,118169.36,117723.23,118085.43,1364.32398,117905.6615,117757.77327222444,117983.26999999999,118208.76672777554,0.38225203925192025,0.72652213406327,52.9578984239595
2025-07-20 13:00:00,118085.43,118422.57,118085.42,118417.35,635.77922,117936.1205,117626.99274577442,118036.51200000002,118446.03125422561,0.6938857261820769,0.9649818000867324,61.15053624125452
2025-07-20 14:00:00,118417.35,118799.8,118277.77,118468.41,858.70947,117966.58600000001,117642.1860205531,118147.572,118652.9579794469,0.8555164882218699,0.8174187779715717,62.239971498012466
2025-07-20 15:00:00,118468.41,118775.85,118347.38,118671.11,421.29202,117999.74750000001,117735.9931182235,118304.152,118872.3108817765,0.9605053959162828,0.8229360763072175,66.28230297091429
2025-07-20 16:00:00,118671.12,118856.8,118465.0,118557.78,586.79687,118041.63599999998,118045.73285837009,118440.01599999999,118834.29914162989,0.6657938000108028,0.6493393802144231,62.26860603813363
2025-07-20 17:00:00,118557.77,118557.78,117960.0,118018.69,611.1576,118057.27949999999,117983.75264368285,118426.66799999999,118869.58335631713,0.7479993548702091,0.03944021788684336,47.52586887406667
2025-07-20 18:00:00,118018.7,118448.2,118018.7,118361.79,651.93273,118085.72,117969.48653176268,118415.55600000001,118861.62546823734,0.7533967382416017,0.4397336022430794,54.85224577764103
2025-07-20 19:00:00,118361.8,118563.93,118155.0,118155.01,269.24086,118101.47050000001,117867.76222042502,118352.876,118837.98977957499,0.8197752280645582,0.29606227618048336,50.29462610472804
2025-07-20 20:00:00,118155.0,118263.0,117852.72,118087.67,459.44638,118108.7385,117841.067642765,118236.188,118631.30835723499,0.6683577404152973,0.31205979737502143,48.87052782488007
2025-07-20 21:00:00,118087.67,118153.88,117830.2,117997.88,339.24007,118111.56999999999,117862.18234129174,118124.20799999998,118386.23365870822,0.4436443014428345,0.25893963854005064,46.96112984837154
2025-07-20 22:00:00,117997.87,118040.0,116467.02,117479.93,2198.48268,118087.04199999999,117428.76258828478,118016.456,118604.14941171523,0.9959516352791119,0.04353240201032573,37.78918383548286
2025-07-20 23:00:00,117479.92,117556.93,116955.94,117265.12,609.48131,118052.3975,117083.57164955411,117797.122,118510.6723504459,1.2114902950615214,0.12721481415602617,34.7572501174778
2025-07-21 00:00:00,117265.11,117352.06,116515.0,117352.06,857.45207,118022.50149999998,116956.830152966,117636.53199999998,118316.23384703396,1.1555965404250148,0.29073765854739747,36.961730788822116
2025-07-21 01:00:00,117352.05,117441.62,116775.95,117305.86,496.20828,117995.449,116942.7194609572,117480.17,118017.6205390428,0.9149638429069261,0.3378362404190294,36.260573062255624
2025-07-21 02:00:00,117305.86,118183.93,117305.86,118183.92,687.53225,118013.421,116835.38996815385,117517.378,118199.36603184615,1.160659033502519,0.9886757310063513,54.08705006317583
2025-07-21 03:00:00,118183.92,118614.7,118131.75,118404.0,753.42903,118032.1465,116724.31685881814,117702.192,118680.06714118185,1.6616090568336266,0.8588433586479175,57.30980011698905
2025-07-21 04:00:00,118404.01,118634.57,118282.25,118331.61,405.68153,118041.17,116946.79824667622,117915.48999999999,118884.18175332376,1.6430271431238967,0.7147845269520569,55.91940994367026
2025-07-21 05:00:00,118331.62,118430.24,118188.95,118430.22,471.56768,118067.02550000002,117288.28751941587,118131.122,118973.95648058414,1.4269473891632611,0.6774357877437014,57.43434556157179
2025-07-21 06:00:00,118430.22,119241.57,118290.24,119169.25,1099.23474,118131.07750000001,117816.67825276914,118503.8,119190.92174723087,1.159661963972233,0.9842300528849475,66.67733234178893
2025-07-21 07:00:00,119169.26,119676.73,119162.62,119362.67,807.18244,118205.28800000002,117868.86543282447,118739.55,119610.23456717553,1.466545169112615,0.8578333781781474,68.59917600244373
2025-07-21 08:00:00,119364.18,119500.0,118854.9,119016.83,700.59303,118251.85800000001,118043.92639189339,118862.11600000001,119680.30560810663,1.3767037566563638,0.5945465442649762,61.742394804775955
2025-07-21 09:00:00,119016.84,119086.05,118527.12,118690.05,373.46118,118265.49299999999,118264.91415010416,118933.804,119602.69384989585,1.124810318680876,0.31779212224706593,56.04229770053629
2025-07-21 10:00:00,118690.05,118820.0,118344.0,118578.14,677.30519,118270.97949999999,118378.38132675456,118963.38799999999,119548.39467324542,0.9835070824402359,0.17073196117339967,54.19697657312043
2025-07-21 11:00:00,118578.14,118798.2,118070.16,118070.17,760.53044,118240.9325,117875.62966418405,118743.572,119611.51433581595,1.4618767503742514,0.11206985060422535,46.68301797463287
2025-07-21 12:00:00,118070.17,118590.0,117778.7,118172.82,742.548,118221.6845,117812.21507755219,118505.602,119198.98892244781,1.1702179656415082,0.2600315284104314,48.24456572153504
2025-07-21 13:00:00,118172.82,119100.0,117888.25,118834.0,1080.14384,118262.45,117875.20936070733,118469.03600000001,119062.86263929268,1.0025010067485893,0.8072984401935157,56.9836964419703
2025-07-21 14:00:00,118834.0,119233.71,118432.0,118828.99,1012.98942,118285.81000000001,117853.30466004692,118496.824,119140.34333995306,1.0861377009616207,0.758085483510283,56.905287138001384
2025-07-21 15:00:00,118828.99,119119.59,118270.0,118313.16,669.70168,118293.7175,117792.23075072587,118443.82800000001,119095.42524927415,1.1002637457380084,0.39973254173067413,49.372500630279056
2025-07-21 16:00:00,118313.16,118399.1,117500.0,117738.44,1307.79158,118276.25600000001,117544.81558896758,118377.482,119210.14841103242,1.4067986528593672,0.11626769644301163,42.605407399997475
2025-07-21 17:00:00,117738.44,118093.13,117321.84,117847.82,692.69059,118268.753,117381.16165121469,118312.482,119243.80234878532,1.5743399733348795,0.25053589207728777,44.17368271656596
2025-07-21 18:00:00,117847.83,118213.24,117100.0,117162.28,666.85458,118252.8705,116855.19506115513,117978.138,119101.08093884488,1.9036458074035327,0.13673220972418895,37.29531788567272
2025-07-21 19:00:00,117162.28,117521.01,116666.0,116767.67,1149.65254,118227.99799999999,116482.27751439593,117565.874,118649.47048560406,1.8433860928113655,0.13168762052830596,34.012270204067306
2025-07-21 20:00:00,116767.67,117252.0,116656.88,116939.4,697.73214,118207.36500000002,116431.20726986599,117291.122,118151.03673013402,1.4662912511554158,0.29549018776245695,36.62678661721793
2025-07-21 21:00:00,116939.4,117371.99,116879.1,117215.25,403.94845,118202.8345,116451.50955640797,117186.48400000001,117921.45844359206,1.2543672589273074,0.5195693879227967,40.69173387042325
2025-07-21 22:00:00,117215.25,117633.66,117117.85,117348.96,307.79739,118161.0865,116672.47035392687,117086.71200000001,117500.95364607316,0.7075809696887677,0.8165398777332062,42.61321731447687
2025-07-21 23:00:00,117348.97,117508.25,117107.03,117380.36,285.30321,118109.90449999999,116652.41417958736,117130.32800000001,117608.24182041266,0.8160377053031905,0.7615869109875334,43.079597216025725
2025-07-22 00:00:00,117380.36,117524.07,117012.29,117123.69,512.7688,118049.5085,116880.68909180127,117201.532,117522.37490819875,0.5475063383962275,0.3786914125092862,40.20338630168926
2025-07-22 01:00:00,117123.68,117950.0,116128.0,117750.01,1747.33705,118015.49799999999,116935.28739876521,117363.65400000001,117792.0206012348,0.7299817049574763,0.9509641961888333,49.128775101989355
2025-07-22 02:00:00,117750.01,117800.0,116969.67,117027.81,641.70987,117908.426,116825.67573978165,117326.16600000001,117826.65626021837,0.8531605136033464,0.20193625759086156,41.44658286343199
2025-07-22 03:00:00,117027.81,117271.32,116683.93,117210.0,805.64841,117800.79250000001,116790.6527201491,117298.374,117806.0952798509,0.8656919316731518,0.4129699664883569,43.83266182914279
2025-07-22 04:00:00,117210.0,117357.21,116555.0,116555.01,1108.40285,117677.7015,116368.13529686755,117133.304,117898.47270313246,1.306492136740981,0.12211339954667266,37.85952403274081
2025-07-22 05:00:00,116555.01,117346.17,116552.18,117329.27,706.3125,117609.6625,116393.79894099798,117174.42,117955.04105900202,1.332408658821644,0.5991838474086087,47.04584414937635
2025-07-22 06:00:00,117329.28,117847.77,117275.47,117847.26,782.21261,117573.11850000001,116354.2368171413,117193.87,118033.5031828587,1.43289607700249,0.8890925307259788,52.143040236574706
2025-07-22 07:00:00,117847.26,118594.55,117780.0,117983.68,1682.91379,117568.794,116367.31465550142,117385.044,118402.77334449856,1.7340017259755338,0.7941037335888863,53.41484426541847
2025-07-22 08:00:00,117983.69,118345.0,117488.19,118289.99,931.64911,117574.65250000001,116384.57910972279,117601.04199999999,118817.50489027718,2.0687961085875326,0.78317674361732,56.22766843203317
2025-07-22 09:00:00,118290.0,118656.0,117873.42,118399.09,867.84135,117552.907,117214.98110392912,117969.85800000001,118724.73489607089,1.279779273907211,0.7843059591796565,57.218498806063735
2025-07-22 10:00:00,118399.09,118956.0,118302.01,118955.99,608.10463,117559.25700000001,117523.109438566,118295.202,119067.29456143401,1.3053658109210693,0.9279201957163776,61.952834892945724
2025-07-22 11:00:00,118955.99,119188.3,118784.0,119154.99,969.19626,117601.3485,117688.78004055575,118556.74799999999,119424.71595944423,1.4642236297578648,0.8446221680711957,63.50691769216737
2025-07-22 12:00:00,119154.99,119419.74,119037.02,119293.7,896.31634,117679.1115,118012.1932304724,118818.75200000001,119625.31076952761,1.3576287512725338,0.794428638026069,64.59255756876725
2025-07-22 13:00:00,119293.7,119573.53,118034.63,118147.82,1663.45612,117694.1115,117905.02060586523,118790.31800000001,119675.6153941348,1.490521128388238,0.13712871840771207,51.074964587302986
2025-07-22 14:00:00,118147.83,119140.14,117550.0,119060.0,1271.80822,117788.99749999998,118116.52333899926,118922.5,119728.47666100074,1.3554653846004507,0.5853002367520631,58.517310915090945
2025-07-22 15:00:00,119060.01,119177.53,118690.38,118912.04,765.65863,117896.21599999999,118108.42769740178,118913.71,119718.99230259823,1.3543977437054509,0.49896309654724524,57.00262684807482
2025-07-22 16:00:00,118912.04,119350.01,118626.35,118681.26,608.5666,117983.30900000001,118038.43473078978,118818.964,119599.49326921023,1.3138126153165632,0.4117880613629339,54.627496105055776
2025-07-22 17:00:00,118681.25,119213.0,118368.19,119199.39,444.47061,118082.51599999999,118063.02495020001,118800.102,119537.17904979999,1.2408693888158295,0.7708590642649564,58.78013762623606
2025-07-22 18:00:00,119199.39,120183.96,119044.06,119733.69,1310.2716,118201.75249999999,118411.74287589166,119117.276,119822.80912410833,1.1846025157733344,0.9368427072641279,62.583168270761355
2025-07-22 19:00:00,119733.7,119914.97,119097.6,119282.1,704.31973,118296.8395,118448.25814548561,119161.696,119875.13385451438,1.1974281643564129,0.5843829628874717,57.7347054719609
2025-07-22 20:00:00,119282.11,119901.88,119203.2,119703.28,539.53916,118425.81900000002,118549.48183816843,119319.94399999999,120090.40616183155,1.291422265219229,0.7487701661355675,60.78607590246537
2025-07-22 21:00:00,119703.29,119770.84,119400.0,119400.0,239.71174,118508.31850000001,119028.08740656437,119463.692,119899.29659343562,0.7292669197526936,0.42689241463496136,57.56338907798243
2025-07-22 22:00:00,119400.0,120035.29,119385.21,119844.23,608.63065,118649.1395,119164.66084168511,119592.66,120020.6591583149,0.7157615832190619,0.7938907648679335,60.83847283505492
2025-07-22 23:00:00,119844.23,120247.8,119835.56,119954.42,542.2831,118786.3605,119122.82888804437,119636.80600000001,120150.78311195565,0.8592290769709097,0.8089767935302534,61.62951206560233
2025-07-23 00:00:00,119954.43,120090.0,119500.29,119546.56,373.25447,118935.93800000001,119291.14485144604,119689.698,120088.25114855397,0.6659773651596458,0.32042796485319475,57.03701578835585
2025-07-23 01:00:00,119546.56,119666.04,119379.63,119488.22,386.63831,119043.8855,119218.00008390959,119646.68599999999,120075.37191609039,0.7165863600942507,0.315172374398032,56.3897240762418
2025-07-23 02:00:00,119488.21,119531.29,118983.34,119090.73,754.14191,119106.05899999998,118978.98183827497,119584.83200000001,120190.68216172505,1.0132558646318022,0.09222425674266448,52.05510402188074
2025-07-23 03:00:00,119090.73,119116.68,118532.96,118614.17,554.08458,119137.5835,118430.58835633293,119338.81999999999,120247.05164366706,1.5221059562463686,0.10106543024962486,47.35514274540296
2025-07-23 04:00:00,118614.16,118996.01,118576.38,118996.0,301.65112,119172.88399999999,118462.47298138854,119147.13599999998,119831.79901861143,1.1492731451160505,0.38962745475394606,51.160043825132746
2025-07-23 05:00:00,118996.01,119006.05,118615.97,118645.04,468.54694,119185.18149999999,118324.35709111865,118966.83200000001,119609.30690888136,1.0800908086404368,0.24956843018172972,47.74432999304014
2025-07-23 06:00:00,118645.04,118717.12,118329.04,118417.99,401.51312,119158.2815,118249.77812370574,118752.786,119255.79387629425,0.8471512850136546,0.16720600632888177,45.62218422103315
2025-07-23 07:00:00,118417.99,118592.39,118288.2,118350.35,392.52237,119118.04950000001,118153.58941071368,118604.71,119055.83058928633,0.7607127731880492,0.2180798149754136,44.980757642236576
2025-07-23 08:00:00,118350.35,118552.0,118222.71,118423.21,415.94192,119074.525,118093.27654224083,118566.518,119039.75945775917,0.7982716634373456,0.34858892046508033,45.863694694044035
2025-07-23 09:00:00,118423.21,118457.86,117910.66,118040.0,501.38076,119069.134,117985.5220916813,118375.318,118765.1139083187,0.6585763230113587,0.06988004126785304,42.0422027469609
2025-07-23 10:00:00,118040.01,118379.74,117844.24,118372.12,510.46248,119034.74000000002,118034.67209436769,118320.73400000001,118606.79590563233,0.4835363946141838,0.5898162233213105,46.22428869179967
2025-07-23 11:00:00,118372.13,118619.79,118160.0,118538.46,373.31825,119016.06100000002,118013.36754120892,118344.82800000001,118676.2884587911,0.5601604470473135,0.7920891389371426,48.238809198496234
2025-07-23 12:00:00,118538.46,118655.0,117799.87,117980.7,730.54489,118981.03299999998,117830.38645365644,118270.898,118711.40954634357,0.7449195935648768,0.1706124931244459,42.49081942182756
2025-07-23 13:00:00,117980.69,118199.89,117330.0,117381.44,1612.8477,118890.1355,117265.82941124565,118062.544,118859.25858875434,1.3496483503766357,0.07255458252315214,37.342396633359016
2025-07-23 14:00:00,117381.44,118205.0,117301.0,118204.99,952.15862,118813.7005,117291.66093373334,118095.54199999999,118899.42306626664,1.3614079797637935,0.5680747467460031,46.86989971969497
2025-07-23 15:00:00,118204.99,118708.24,117823.21,118567.39,741.63721,118777.96500000001,117264.51552955256,118134.59599999999,119004.67647044742,1.4730324560426458,0.7487091796103927,50.441066795712615
2025-07-23 16:00:00,118567.39,118567.39,117561.23,117712.53,803.50351,118678.42749999999,117157.05464120804,117969.41,118781.76535879196,1.3772305189827763,0.3418918535959394,43.0844001833503
2025-07-23 17:00:00,117712.53,118136.46,117331.63,118131.99,856.62881,118615.027,117176.68387102665,117999.66799999999,118822.65212897334,1.3948922788042843,0.580391586752155,47.15693713717552
2025-07-23 18:00:00,118131.99,118387.85,117998.9,118379.45,514.88794,118541.78799999999,117626.93980775254,118199.26999999999,118771.60019224744,0.9684157816667553,0.6574091341332784,49.45474265567165
2025-07-23 19:00:00,118379.44,118466.69,118218.12,118393.64,476.80341,118463.749,117643.64915930117,118237.0,118830.35084069883,1.0036635582750337,0.6319961052178799,49.59010664188154
2025-07-23 20:00:00,118393.64,118498.76,117559.91,117900.0,625.02001,118381.421,117570.29702633317,118103.522,118636.74697366683,0.9029789537806179,0.30915935107049053,45.068351629968035
2025-07-23 21:00:00,117900.0,118181.36,117381.8,118181.36,644.9173,118316.07800000001,117834.37226644468,118197.28800000002,118560.20373355535,0.6140847048120627,0.4780555118898063,47.97987368232064
2025-07-23 22:00:00,118181.75,118630.39,117937.47,118568.99,553.07391,118289.99100000001,117828.32013515629,118284.68800000001,118741.05586484373,0.7716431814804632,0.811483368901701,51.77243407430843
2025-07-23 23:00:00,118568.99,118756.0,118421.86,118755.99,613.27129,118297.08200000001,117763.2523033814,118359.996,118956.73969661859,1.0083536951430656,0.8317957125009272,53.53246245106342
2025-07-24 00:00:00,118756.0,119138.57,118571.17,119060.0,647.45883,118300.282,117670.98077491255,118493.268,119315.55522508745,1.3879053873127203,0.8446070805366895,56.3231220193704
2025-07-24 01:00:00,119060.01,119100.0,118787.32,119094.4,299.18389,118322.75,118057.30292724476,118732.148,119406.99307275524,1.1367520660962704,0.7683964176555366,56.6404419170289
2025-07-24 02:00:00,119094.4,119094.4,118808.44,118960.6,290.68089,118349.8805,118491.36040894185,118887.996,119284.63159105815,0.6672424540794646,0.591524817284189,54.96767496498546
2025-07-24 03:00:00,118960.6,119273.36,118466.71,118488.92,640.95973,118356.80899999998,118422.21377090634,118871.982,119321.75022909367,0.7567270630579114,0.07415622622798418,49.426008563057
2025-07-24 04:00:00,118488.92,118610.25,117830.0,117941.86,760.33077,118332.7415,117827.35076784607,118709.156,119590.96123215393,1.4856566449751003,0.06492886863135441,43.898212297082466
2025-07-24 05:00:00,117941.86,117953.72,117500.0,117604.55,902.71116,118310.969,117270.76602293471,118418.06599999999,119565.36597706527,1.9377110534220046,0.14546499770665514,40.86354251330515
2025-07-24 06:00:00,117604.54,117855.0,117380.03,117466.81,933.69554,118265.70349999999,116974.32726934708,118092.548,119210.76873065291,1.8938040538390557,0.22020819197537309,39.65792340945102
2025-07-24 07:00:00,117466.81,118473.62,117103.1,118416.21,1190.19498,118259.59099999999,117156.63059383006,117983.67,118810.70940616993,1.4019557217874872,0.761499026995053,50.4987849751183
2025-07-24 08:00:00,118416.21,118811.09,118224.76,118775.28,827.24635,118299.31999999999,117057.08788728718,118040.942,119024.79611271281,1.6669709611650032,0.8731945572576761,53.87401791339432
2025-07-24 09:00:00,118775.29,118814.47,118300.53,118507.08,476.62912,118355.602,117113.3962416351,118153.986,119194.57575836491,1.7614128707683305,0.669660520470055,51.072830573129
2025-07-24 10:00:00,118507.07,118648.53,117955.59,118373.99,531.255,118364.052,117421.69204770467,118307.874,119194.05595229533,1.4980946277427487,0.5373038515559698,49.692061232393904
2025-07-24 11:00:00,118374.0,118739.13,118297.56,118600.0,569.02762,118365.6825,118247.77435227661,118534.51200000002,118821.24964772342,0.4838044935358683,0.6141949801847335,52.06221271944375
2025-07-24 12:00:00,118600.0,118728.33,118281.12,118531.42,776.17409,118406.62700000001,118295.05428309739,118557.554,118820.05371690262,0.4428224234494874,0.45022089869586274,51.27284116300319
2025-07-24 13:00:00,118531.43,118727.53,118220.0,118227.48,630.03049,118411.40149999999,118183.17724355518,118447.99399999999,118712.8107564448,0.4471443500255624,0.0836479478103688,47.812823590218855
2025-07-24 14:00:00,118227.48,119109.74,117832.32,119057.11,1286.22387,118445.2845,117996.08581509454,118558.0,119119.91418490546,0.9479144130391162,0.944115857374179,56.45146991541042
2025-07-24 15:00:00,119057.12,119450.0,118614.84,119092.65,1446.86371,118480.23500000002,118042.41056562828,118701.73199999999,119361.0534343717,1.1108876395699296,0.7964547939902206,56.78151184933929
2025-07-24 16:00:00,119092.65,119190.41,118350.0,118529.97,870.59406,118511.7335,118017.47059380474,118687.726,119357.98140619525,1.1294435048747236,0.38231650312564763,50.283905946159976
2025-07-24 17:00:00,118529.97,119307.43,118481.7,119122.94,402.20867,118558.8125,118081.29370865121,118806.03,119530.76629134879,1.2200328406711152,0.7186381472702369,55.99831877038176
2025-07-24 18:00:00,119122.95,119395.81,118960.27,119044.29,426.58619,118582.57749999998,118526.5237352733,118969.39199999999,119412.26026472669,0.7445079062465039,0.5845601344298422,55.09377859941919
2025-07-24 19:00:00,119044.29,119343.97,118900.02,118943.42,467.4377,118591.949,118512.5476637942,118946.65400000001,119380.76033620581,0.7299176926923977,0.49627510620061754,53.89145666503646
2025-07-24 20:00:00,118943.42,119010.64,118722.02,118722.02,271.81117,118575.05,118436.88349219346,118872.528,119308.17250780655,0.7329607860388809,0.32725823773401347,51.24786561825855
2025-07-24 21:00:00,118722.03,118790.44,118487.2,118527.52,211.57104,118546.706,118434.85061895841,118872.03800000002,119309.22538104162,0.7355596629740628,0.10598359543315734,48.97499145845175
2025-07-24 22:00:00,118527.51,118626.09,118186.57,118280.01,387.73703,118512.67650000002,118148.93949346662,118703.452,119257.96450653339,0.9342820232951355,0.11818534748006064,46.168868678942054
2025-07-24 23:00:00,118280.0,118450.24,118166.94,118340.99,560.27853,118505.28,118072.37411200865,118562.79199999999,119053.20988799132,0.8272711526417799,0.2738642844896605,46.97497538189966
2025-07-25 00:00:00,118340.98,118451.57,117652.85,117664.56,992.03849,118491.415,117594.00746008378,118307.01999999999,119020.0325399162,1.2053596480009492,0.04947496430042149,39.84688043570117
2025-07-25 01:00:00,117664.55,117802.04,117231.0,117359.26,2379.32463,118479.15050000002,117144.48613201524,118034.468,118924.44986798475,1.5080033537063975,0.12066193464765797,37.10981998414076
2025-07-25 02:00:00,117359.27,117396.96,116353.66,116353.67,3274.41246,118423.49350000001,116150.02451006464,117599.698,119049.37148993537,2.4654374366426715,0.0702383989737013,29.83940706802569
2025-07-25 03:00:00,116353.67,116428.55,115330.86,115419.66,4481.42935,118273.666,114972.3202617036,117027.628,119082.9357382964,3.512517126804273,0.10882548874826746,24.950001442731025
2025-07-25 04:00:00,115419.65,116144.63,115115.0,116102.7,2028.74795,118140.03700000001,114928.55944869643,116579.97,118231.38055130358,2.833094829761194,0.35549626056849976,33.52796414815635
2025-07-25 05:00:00,116102.71,116102.71,115263.54,115500.0,1990.02649,117989.683,114743.66732159982,116147.05799999999,117550.44867840016,2.416575507922334,0.26946619000718386,30.243222156227613
2025-07-25 06:00:00,115500.0,115511.54,115200.0,115284.25,2030.76329,117835.196,114895.0363341305,115732.05600000001,116569.07566586952,1.4464785208162305,0.2324997140092131,29.142555017636468
2025-07-25 07:00:00,115284.25,115946.26,114723.16,115320.01,2785.7139,117671.19649999999,114928.37191259916,115525.324,116122.27608740082,1.0334566772577594,0.3280314246877421,29.599888163818278
2025-07-25 08:00:00,115320.01,115980.82,115008.85,115202.55,3646.45319,117504.753,114831.34496663537,115481.902,116132.45903336463,1.126682228293455,0.28529784040977046,28.939178648744452
2025-07-25 09:00:00,115202.55,116033.46,115020.59,116033.44,1501.26322,117395.051,114870.13683828153,115468.05,116065.96316171848,1.0356339467384714,0.9728027715387626,39.2664863587497
2025-07-25 10:00:00,116033.44,116487.5,115990.09,116308.48,927.16868,117257.6195,114725.77742244198,115629.746,116533.71457755801,1.5635571448163774,0.8754190227682096,42.25796555160229
2025-07-25 11:00:00,116308.48,116782.13,116308.48,116543.58,1141.32627,117130.16600000001,114815.78211853653,115881.612,116947.44188146346,1.8395151104102037,0.810541115197051,44.76253330707898
2025-07-25 12:00:00,116543.59,116656.99,115963.97,116105.96,1288.03796,117008.9655,115130.44814451165,116038.802,116947.15585548834,1.5656036426304052,0.5369668712221767,41.18177520519673
2025-07-25 13:00:00,116105.96,116600.0,115564.75,116216.27,1802.0313,116863.63200000001,115885.97857256513,116241.546,116597.11342743487,0.6117733971550433,0.46445681177499337,42.4318753747204
2025-07-25 14:00:00,116216.27,116286.87,114908.0,114960.01,2025.1148,116659.41799999999,114921.74054459415,116026.86000000002,117131.97945540588,1.9049372798778836,0.017314623871038992,33.658335296861885
2025-07-25 15:00:00,114960.01,115846.39,114916.48,115727.08,1246.60929,116498.601,114826.30538703682,115910.58,116994.85461296319,1.8708811792041504,0.41538121532767525,41.598778081583035
2025-07-25 16:00:00,115727.07,115855.15,115659.28,115796.76,105.48112,116352.33800000002,114880.17921742369,115761.21599999999,116642.25278257628,1.5221622802861627,0.520171689027598,42.274678235922224
