dtReference,idVendedor,mediaNota,minNota,maxNota,pctAvaliacao
2018-01-01,0015a82c2db000af6aaaf3ae2ecb0532,3.6666666666666665,1.0,5.0,1.0
2018-01-01,001cca7ae9ae17fb1caed9dfb1094831,4.135416666666667,1.0,5.0,0.9795918367346939
2018-01-01,002100f778ceb8431b7a1020ff7ab48f,3.948717948717949,1.0,5.0,1.0
2018-01-01,003554e2dce176b5555353e4f3555ac8,5.0,5.0,5.0,1.0
2018-01-01,004c9cd9d87a3c30c522c48c4fc07416,4.186046511627907,1.0,5.0,0.9772727272727273
2018-01-01,00ee68308b45bc5e2660cd833c3f81cc,4.476190476190476,1.0,5.0,1.0
2018-01-01,010543a62bd80aa422851e79a3bc7540,4.5,4.0,5.0,1.0
2018-01-01,013900e863eace745d3ec7614cab5b1a,5.0,5.0,5.0,1.0
2018-01-01,014c0679dd340a0e338872e7ec85666a,4.0,3.0,5.0,1.0
2018-01-01,014d9a685fd57276679edd00e07089e5,1.0,1.0,1.0,1.0
2018-01-01,0176f73cc1195f367f7b32db1e5b3aa8,4.0,3.0,5.0,1.0
2018-01-01,01bcc9d254a0143f0ce9791b960b2a47,4.375,3.0,5.0,0.8888888888888888
2018-01-01,01c97ebb5cdac52891c0ed1c37ba0012,4.666666666666667,4.0,5.0,1.0
2018-01-01,01cf7e3d21494c41fb86034f2e714fa1,3.8421052631578947,1.0,5.0,1.0
2018-01-01,01ed254b9ff8407dfb9d99ba1e17d923,5.0,5.0,5.0,1.0
2018-01-01,01fdefa7697d26ad920e9e0346d4bd1b,4.375,1.0,5.0,1.0
2018-01-01,0241d4d5d36f10f80c644447315af0bd,4.384615384615385,1.0,5.0,1.0
2018-01-01,0249d282d911d23cb8b869ab49c99f53,4.2,2.0,5.0,1.0
2018-01-01,028872bfa080090a9d0abd4f1af168f8,5.0,5.0,5.0,1.0
2018-01-01,02c988090b766852e088c69d7fb3b551,4.2,1.0,5.0,0.8333333333333334
2018-01-01,02d35243ea2e497335cd0f076b45675d,2.9,1.0,5.0,1.0
2018-01-01,02dcd3e8e25bee036e32512bcf175493,1.0,1.0,1.0,1.0
2018-01-01,02ecc2a19303f05e59ce133fd923fff7,4.75,3.0,5.0,1.0
2018-01-01,02f5837340d7eb4f653d676c7256523a,4.916666666666667,4.0,5.0,1.0
2018-01-01,04308b1ee57b6625f47df1d56f00eedf,3.857142857142857,1.0,5.0,1.0
2018-01-01,0432ead42b6c8a0bdf68154add917fdf,4.533333333333333,1.0,5.0,1.0
2018-01-01,048c2757535328e0d7dac690ad3c0aae,4.5,1.0,5.0,0.9333333333333333
2018-01-01,04aa0a1c5ce6b222003403a3e11c3cc0,3.6666666666666665,1.0,5.0,1.0
2018-01-01,04aba03279157f6d4e0fe8ccaf21963c,4.428571428571429,4.0,5.0,1.0
2018-01-01,04e38a233f726ef161074ab1c9b0399a,3.4,1.0,5.0,1.0
2018-01-01,04fdea0c111866e6cf812f1570d6b5bd,3.25,1.0,5.0,1.0
2018-01-01,0509040ea3fe50071181bbc359eb7738,4.630434782608695,3.0,5.0,0.9583333333333334
2018-01-01,052577151711aec5c744fe12e66db3e1,2.25,1.0,5.0,1.0
2018-01-01,054694fa03fe82cec4b7551487331d74,2.6666666666666665,1.0,5.0,1.0
2018-01-01,056b4ada5bbc2c50cc7842547dda6b51,3.25,1.0,4.0,1.0
2018-01-01,058cb5aeb36d7c0fcae20fc85d5e0a59,4.0,4.0,4.0,1.0
2018-01-01,058fd0aa2bfdb2274e05e1ae971dabb6,4.324324324324325,1.0,5.0,1.0
2018-01-01,05a940b4ecae36cadfd8e93bd9c43257,4.714285714285714,4.0,5.0,1.0
2018-01-01,05d2173d43ea568aa0540eba70d2ca76,4.583333333333333,4.0,5.0,1.0
2018-01-01,05f51e13da97139648b8125c31e5f51b,4.089285714285714,1.0,5.0,1.0
2018-01-01,05feb94f19d094d4b0f9281f0b1d4c99,4.75,4.0,5.0,1.0
2018-01-01,05ff92fedb5be47920fea08e501238b9,4.0,1.0,5.0,1.0
2018-01-01,062ce95fa2ad4dfaedfc79260130565f,3.5833333333333335,1.0,5.0,1.0
2018-01-01,06532f10282704ef4c69168b914b77be,4.5,4.0,5.0,1.0
2018-01-01,06579cb253ecd5a3a12a9e6eb6bf8f47,4.258064516129032,1.0,5.0,1.0
2018-01-01,066a6914e1ebf3ea95a216c73a986b91,3.625,1.0,5.0,1.0
2018-01-01,0691148aee60ca47977c187804f935ae,4.2,3.0,5.0,1.0
2018-01-01,06bb3a2fe5e7b7a845b13e8fb91bd944,4.777777777777778,4.0,5.0,1.0
2018-01-01,06e5eefc71ec47ae763c5c6f8db7064f,4.111111111111111,1.0,5.0,0.9473684210526315
2018-01-01,070d165398b553f3b4b851c216b8a358,3.3333333333333335,1.0,5.0,1.0
2018-01-01,0761743cbffb25d7148189e9f1a5f03a,4.0,4.0,4.0,1.0
2018-01-01,077c5fae4bea9500e3737b16f71b9d3a,4.333333333333333,3.0,5.0,1.0
2018-01-01,07bf9669d84d1f11be443a9dd938f698,4.375,1.0,5.0,1.0
2018-01-01,080102cd0a76b09e0dcf55fcacc60e05,4.777777777777778,3.0,5.0,1.0
2018-01-01,080199a181c46c657dc5aa235411be3b,4.695652173913044,3.0,5.0,0.9583333333333334
2018-01-01,08061dc0fc165ed41288cc7acde738ee,5.0,5.0,5.0,1.0
2018-01-01,081acf3de680d554796c9cf041be7bc2,3.0,3.0,3.0,1.0
2018-01-01,082e0bf4cb865a6533b1e8e498cc0255,3.0,1.0,5.0,1.0
2018-01-01,08633c14ef2db992c11f840f04fad4cd,4.333333333333333,4.0,5.0,1.0
2018-01-01,0885aaf116795758dfeb5f1032487bcd,5.0,5.0,5.0,1.0
2018-01-01,0887a9f087bcd5d9f6642b52f897fc6c,4.0,3.0,5.0,1.0
2018-01-01,08d0949a9a17c027262db1f3c450c26c,4.0,4.0,4.0,1.0
2018-01-01,08d2d642cf72b622b14dde1d2f5eb2f5,4.142857142857143,3.0,5.0,0.9333333333333333
2018-01-01,091065b789659bc3cd9af9cb3a6253ff,5.0,5.0,5.0,1.0
2018-01-01,093805f8f2aeb63881444571e1f48f30,4.15,1.0,5.0,1.0
2018-01-01,09883d9ab71c8fe8a9bfc7fc3075b07e,3.75,1.0,5.0,1.0
2018-01-01,099095b050cfe8eb1ddff5317587e96e,5.0,5.0,5.0,1.0
2018-01-01,09f952a5f58d2285b0372551ae8f9b01,4.166666666666667,1.0,5.0,1.0
2018-01-01,0ac4201fda2c68ebc0e47cb9423cf3c9,4.333333333333333,3.0,5.0,1.0
2018-01-01,0ad80de75c811326389cfb1daba7d45e,5.0,5.0,5.0,0.8
2018-01-01,0adac9fbd9a2b63cccaac4f8756c1ca8,4.064516129032258,1.0,5.0,1.0
2018-01-01,0ade5cc4a305ed7093a23f68ca47519c,5.0,5.0,5.0,1.0
2018-01-01,0aea4c6ae1505b3228ddf3dd7822ee5b,5.0,5.0,5.0,1.0
2018-01-01,0afccdb8a34ee5c79f7c06faf2b4d56e,4.166666666666667,1.0,5.0,0.9230769230769231
2018-01-01,0b18d63d0cd1d723567903fd34a07df2,4.8,4.0,5.0,1.0
2018-01-01,0b35c634521043bf4b47e21547b99ab5,3.3333333333333335,2.0,5.0,1.0
2018-01-01,0b3f27369a4d8df98f7eb91077e438ac,3.6666666666666665,3.0,5.0,1.0
2018-01-01,0b90b6df587eb83608a64ea8b390cf07,3.8461538461538463,1.0,5.0,1.0
2018-01-01,0bae85eb84b9fb3bd773911e89288d54,4.147540983606557,1.0,5.0,1.0
2018-01-01,0bb738e4d789e63e2267697c42d35a2d,4.3076923076923075,3.0,5.0,1.0
2018-01-01,0be8ff43f22e456b4e0371b2245e4d01,4.12280701754386,1.0,5.0,1.0
2018-01-01,0bf0150d5b9d60d9cd2906003332f085,3.7058823529411766,1.0,5.0,0.9444444444444444
2018-01-01,0bfd0b434243adc5c2e1aa6baf19c6aa,3.6,2.0,4.0,1.0
2018-01-01,0c7533c71df861ec58ad7ff999ed0e8d,4.2,1.0,5.0,1.0
2018-01-01,0c8380b62e38e8a1e6adbeba7eb9688c,3.8,1.0,5.0,1.0
2018-01-01,0cbcee27c791afa0cdcb08587a2013a8,4.111111111111111,1.0,5.0,1.0
2018-01-01,0d33a55da925bbf1ff02af5f6059fc7f,4.333333333333333,3.0,5.0,1.0
2018-01-01,0d4c8269e7f0401201794deef160edd6,3.6666666666666665,1.0,5.0,1.0
2018-01-01,0d83f8e03188682112cc0d93523705cc,4.5,4.0,5.0,1.0
2018-01-01,0d85bbda9889ce1f7e63778d24f346eb,4.242424242424242,1.0,5.0,1.0
2018-01-01,0db783cfcd3b73998abc6e10e59a102f,4.27027027027027,1.0,5.0,1.0
2018-01-01,0dd184061fb0eaa7ca37932c68ab91c5,4.5,4.0,5.0,1.0
2018-01-01,0df3984f9dfb3d49ac6366acbd3bbb85,4.3,1.0,5.0,1.0
2018-01-01,0e44d110fa6a54e121cb2c095a77762f,4.2,1.0,5.0,1.0
2018-01-01,0e982cff76cc0579f632cea8a0e38c9d,3.5,2.0,5.0,1.0
2018-01-01,0ea22c1cfbdc755f86b9b54b39c16043,4.257142857142857,1.0,5.0,1.0
2018-01-01,0eaa7e33d73809f1f925f7d07c506cbd,5.0,5.0,5.0,1.0
2018-01-01,0ebd97a106433a45a4aebe57c1799778,4.0,1.0,5.0,1.0
2018-01-01,0ed6ce5d87fd9c69eaacaeb778d67235,4.444444444444445,3.0,5.0,1.0
2018-01-01,0ef83d7d83ed97cd2a0049ac8be5f88a,4.6,2.0,5.0,1.0
2018-01-01,0ff83046c3fa22efee8ecf291888b191,5.0,5.0,5.0,1.0
2018-01-01,10076e5788b8ee532724bcd460baf762,4.333333333333333,3.0,5.0,1.0
2018-01-01,10089e9f2fd0c668a8fd4e52e1698888,5.0,5.0,5.0,1.0
2018-01-01,1025f0e2d44d7041d6cf58b6550e0bfa,3.9535864978902953,1.0,5.0,0.9916317991631799
2018-01-01,1099a00e0ee3a50935e6c2447ca090c5,4.5,4.0,5.0,1.0
2018-01-01,10ff823eda2b032e2c93d17a7d294736,3.25,1.0,5.0,1.0
2018-01-01,1127b7f2594683f2510f1c2c834a486b,4.145161290322581,1.0,5.0,1.0
2018-01-01,11305281b50fff20ae8bb473f8e11876,4.833333333333333,4.0,5.0,1.0
2018-01-01,113e3a788b935f48aad63e1c41dac1bd,4.0,1.0,5.0,0.9411764705882353
2018-01-01,116ccb1a1604bc88e4d234a8c23f33de,4.352941176470588,1.0,5.0,1.0
2018-01-01,119c7f1a00ef43fad0e57604e76a747c,5.0,5.0,5.0,1.0
2018-01-01,119d1aef1b4144adba89163f6cd9f5d4,4.666666666666667,4.0,5.0,1.0
2018-01-01,11bfa66332777660bd0640ee84d47006,4.086956521739131,1.0,5.0,1.0
2018-01-01,11d4c477d09821164bca4f70a2eae031,5.0,5.0,5.0,1.0
2018-01-01,11eac105f3f90a9b87b19c89d91e24f3,1.0,1.0,1.0,1.0
2018-01-01,1284de4ae8aa26997e748c851557cf0e,1.5,1.0,2.0,1.0
2018-01-01,128639473a139ac0f3e5f5ade55873a5,4.185365853658537,1.0,5.0,0.9903381642512077
2018-01-01,128f9bfbe4c7d5185033914b1de3d39a,4.625,4.0,5.0,1.0
2018-01-01,12a8eb0f8d1cd3270695bf2a99f55966,3.5,2.0,5.0,1.0
2018-01-01,12b9676b00f60f3b700e83af21824c0e,4.641791044776119,1.0,5.0,1.0
2018-01-01,12c2ed9cded6138cf0c75f525f565fc7,4.333333333333333,3.0,5.0,1.0
2018-01-01,13074f016982ff2bd6c58ced8682f000,4.285714285714286,3.0,5.0,1.0
2018-01-01,1336efc61c316ddf92c899eb817f7cae,3.64,1.0,5.0,1.0
2018-01-01,134a288e7de827ec5ec62e3ec9c3a295,4.833333333333333,4.0,5.0,1.0
2018-01-01,1354d51653f645349064725ed204e85e,3.4285714285714284,1.0,5.0,1.0
2018-01-01,139157dd4daa45c25b0807ffff348363,4.0,4.0,4.0,1.0
2018-01-01,13d058e4eeac2ce8217660b2f8a05812,4.090909090909091,1.0,5.0,1.0
2018-01-01,13f57c12a00ed4610db646b913a7f5c6,4.75,4.0,5.0,1.0
2018-01-01,13fa2a6c6b9d0f43cb588d7c82117a12,4.125,1.0,5.0,1.0
2018-01-01,1430239a858e7682bbc43b20758af153,4.25,3.0,5.0,1.0
2018-01-01,1464afc72f696af775557a821c2e253f,4.285714285714286,1.0,5.0,1.0
2018-01-01,14d7985702e72162bbf13b6beb74ab2b,4.615384615384615,3.0,5.0,1.0
2018-01-01,14ee35374a7876217954b5fa08e50463,4.0,3.0,5.0,1.0
2018-01-01,152ee17e4c8aaf53dac99f3462e4999b,4.333333333333333,3.0,5.0,1.0
2018-01-01,1554a68530182680ad5c8b042c3ab563,4.477611940298507,1.0,5.0,0.9852941176470589
2018-01-01,157c3e4b42f81ac4a44e8b1ca2fe9876,3.8,1.0,5.0,1.0
2018-01-01,1588ac4010787100dddef64568f0ae35,5.0,5.0,5.0,1.0
2018-01-01,15aac934c58d886785ac1b17953ea898,4.090909090909091,1.0,5.0,1.0
2018-01-01,15b3b1b81484422eb41df68ac87f1f50,1.0,1.0,1.0,1.0
2018-01-01,15cd6eefe58588619aaed41dfa6621b1,4.571428571428571,2.0,5.0,1.0
2018-01-01,16090f2ca825584b5a147ab24aa30c86,4.271186440677966,1.0,5.0,1.0
2018-01-01,160e4f13fd3a64b1b86807be88b5ffb0,5.0,5.0,5.0,1.0
2018-01-01,165fc07beebdcb6190fba8a06db2a449,3.696969696969697,1.0,5.0,1.0
2018-01-01,1660ad786c27fd935378b6192a90b417,5.0,5.0,5.0,1.0
2018-01-01,166e8f1381e09651983c38b1f6f91c11,5.0,5.0,5.0,1.0
2018-01-01,167fd940acebc789debd6eb418c46e38,3.0,1.0,5.0,1.0
2018-01-01,17306570e772e7718c92a562d33f5f1d,3.8181818181818183,1.0,5.0,1.0
2018-01-01,1746c1ae87ac63d530c7c943d0ac42e2,5.0,5.0,5.0,1.0
2018-01-01,1771297ac436903d1dd6b0e9279aa505,4.6,3.0,5.0,1.0
2018-01-01,1782ce2db72c3dda627d5e7c898104e1,4.0,3.0,5.0,1.0
2018-01-01,17908cf9b444ee34047cadd5c0f4a516,4.666666666666667,4.0,5.0,1.0
2018-01-01,17998cf586426bf0f2c3726cb0a4b211,5.0,5.0,5.0,1.0
2018-01-01,17a053fcb14bd219540cbde0df490be0,4.21875,1.0,5.0,0.9411764705882353
2018-01-01,17ca9b9e9b9ef8fdb529001b49ebb50f,3.975,1.0,5.0,1.0
2018-01-01,17e34d8224d27a541263c4c64b11a56b,4.211538461538462,1.0,5.0,1.0
2018-01-01,17eea220a40cc0d2c0c5346379682398,3.75,1.0,5.0,1.0
2018-01-01,17f51e7198701186712e53a39c564617,4.15,1.0,5.0,1.0
2018-01-01,180c3376aff0e43dd5788709df48a843,4.25,2.0,5.0,1.0
2018-01-01,1835b56ce799e6a4dc4eddc053f04066,3.4558823529411766,1.0,5.0,1.0
2018-01-01,1838dd9b8977065acf51d95e0053ea7a,4.842105263157895,4.0,5.0,1.0
2018-01-01,184a67a8f9f63234d3a92340bbdb727f,4.0,3.0,5.0,1.0
2018-01-01,18a349e75d307f4b4cc646a691ed4216,2.88,1.0,5.0,1.0
2018-01-01,1900267e848ceeba8fa32d80c1a5f5a8,3.911504424778761,1.0,5.0,0.9912280701754386
2018-01-01,191d55f7edb8524d525ed01b20fe32e8,3.0,1.0,5.0,1.0
2018-01-01,1976a05ecf2996d6ffb7b5430e635fe7,4.0,1.0,5.0,1.0
2018-01-01,1987cd4be10fe09ee50454f9c354d1c6,4.818181818181818,3.0,5.0,1.0
2018-01-01,198c7ea11960a9844b544d9bcdca860c,4.25,1.0,5.0,1.0
2018-01-01,19a7c9f66ffa6452ff4b4c0cca71da27,5.0,5.0,5.0,1.0
2018-01-01,19e0f40a907ec568c34bfac15de4f4a1,5.0,5.0,5.0,1.0
2018-01-01,1a3df491d1c4f1589fc2b934ada68bf2,4.118279569892473,1.0,5.0,1.0
2018-01-01,1a6245add4353f18ed55138808906979,3.0,1.0,5.0,1.0
2018-01-01,1acde099eb406aa220b1169b188b42da,4.222222222222222,1.0,5.0,1.0
2018-01-01,1b0b0f4f95e962d6f32fe90c759d0479,5.0,5.0,5.0,1.0
2018-01-01,1b1ae47a313a825a7ccceb8e2e30fa9d,4.571428571428571,2.0,5.0,1.0
2018-01-01,1b4c3a6f53068f0b6944d2d005c9fc89,4.44,1.0,5.0,1.0
2018-01-01,1b7e5006cb25dd23ce8686691013b121,4.0,2.0,5.0,1.0
2018-01-01,1b8356dabde1d35e17cef975c3f82730,4.423076923076923,1.0,5.0,1.0
2018-01-01,1b8b75e227c9a9c100d0c210fb6176ce,2.4444444444444446,1.0,5.0,1.0
2018-01-01,1b938a7ec6ac5061a66a3766e0e75f90,4.466666666666667,1.0,5.0,1.0
2018-01-01,1bb2bdb95f4841f1bba2c0d2cd83d3c9,4.5625,3.0,5.0,1.0
2018-01-01,1bb3812d5f0747a3ab7348f199001a10,4.666666666666667,4.0,5.0,1.0
2018-01-01,1c129092bf23f28a5930387c980c0dfc,4.317647058823529,1.0,5.0,0.9883720930232558
2018-01-01,1c5e4e49b9079480255b49d50aac1aa9,4.6,4.0,5.0,1.0
2018-01-01,1c68394e931a64f90ea236c5ea590300,4.28,1.0,5.0,1.0
2018-01-01,1ca7077d890b907f89be8c954a02686a,3.0377358490566038,1.0,5.0,1.0
2018-01-01,1caf283236cd69af44cbc09a0a1e7d32,4.555555555555555,1.0,5.0,1.0
2018-01-01,1ce3ae5a399804d1a87e706f8a813c3e,4.214285714285714,1.0,5.0,1.0
2018-01-01,1d0997ff06b524ce9289ffd75114ecd3,1.0,1.0,1.0,1.0
2018-01-01,1d139e3a3b14025640d8df1b230aace0,3.5,3.0,4.0,1.0
2018-01-01,1d29dfba02015238dfbe2449a5eaa361,5.0,5.0,5.0,1.0
2018-01-01,1d4587203296c8f4ad134dc286fa6db0,4.0,4.0,4.0,1.0
2018-01-01,1d8dbc4f32378d715c717c1c1fc57bae,4.3,1.0,5.0,0.975609756097561
2018-01-01,1da366cade6d8276e7d8beea7af5d4bf,3.7,1.0,5.0,0.9090909090909091
2018-01-01,1da3aeb70d7989d1e6d9b0e887f97c23,4.216494845360825,1.0,5.0,0.9797979797979798
2018-01-01,1dcfa3835714681d4ba4a93bc1e0fd41,4.2727272727272725,1.0,5.0,0.9166666666666666
2018-01-01,1dd33b8119b3cb1056ed5dc88cd0aaf4,3.2,1.0,4.0,1.0
2018-01-01,1dfe5347016252a7884b694d4f10f5c4,3.533333333333333,1.0,5.0,0.9375
2018-01-01,1e47defeeadeca0e9a18fa5a9311e735,5.0,5.0,5.0,1.0
2018-01-01,1e8b33f18b4f7598d87f5cbee2282cc2,4.375,3.0,5.0,1.0
2018-01-01,1eade46fba20122dc4aefb379f8c636b,4.615384615384615,2.0,5.0,1.0
2018-01-01,1f1bb1f0859883505541bdd6606193e5,3.875,1.0,5.0,1.0
2018-01-01,1f50f920176fa81dab994f9023523100,4.138705416116248,1.0,5.0,0.9960526315789474
2018-01-01,1f7fd2a6fcd5a6fa5d8a4dabc72aaae0,5.0,5.0,5.0,1.0
2018-01-01,1f867308a0ce13133a4e639ff4de0c02,4.5,4.0,5.0,1.0
2018-01-01,1f9ab4708f3056ede07124aad39a2554,4.15,3.0,5.0,1.0
2018-01-01,1fdc574883ef3b33ad41562d93f3a74a,4.0,3.0,5.0,1.0
2018-01-01,1fe61aa5494bd3ae92a2c13e067c810f,4.0,4.0,4.0,1.0
2018-01-01,2009a095de2a2a41626f6c6d7722678d,4.2,1.0,5.0,1.0
2018-01-01,2059c39f76271d4ca3f15b5ffaccc8b8,4.0,4.0,4.0,1.0
2018-01-01,2063dd1b9f568df1c16741ea7d3e6adb,5.0,5.0,5.0,1.0
2018-01-01,2089a6d640999f9b9141ac719b2af596,3.6666666666666665,1.0,5.0,1.0
2018-01-01,20b54c376b794ed028df09a3cd88e8dc,3.0,1.0,5.0,1.0
2018-01-01,20cb7c2fde3e5bf10f0bbe7394e1c6a9,3.8461538461538463,1.0,5.0,1.0
2018-01-01,20d53aad4fe5ee93a64f8839609d3586,1.0,1.0,1.0,1.0
2018-01-01,20d83f3ef0e6925fd74bfd59170babf7,4.444444444444445,1.0,5.0,1.0
2018-01-01,2138ccb85b11a4ec1e37afbd1c8eda1f,3.855421686746988,1.0,5.0,1.0
2018-01-01,213b25e6f54661939f11710a6fddb871,3.2,1.0,5.0,0.8333333333333334
2018-01-01,2156f2671501a81034d7d07f217609d0,3.9,1.0,5.0,1.0
2018-01-01,218d46b86c1881d022bce9c68a7d4b15,4.328125,1.0,5.0,1.0
2018-01-01,218f991754f360af9c2daa5e0b8e990c,5.0,5.0,5.0,1.0
2018-01-01,2199e7fe213c16213bf5d6a7eadc9a5d,4.5,3.0,5.0,1.0
2018-01-01,21e83881401b92b49fb09a16d3852291,4.125,1.0,5.0,1.0
2018-01-01,2235cf78d3e2073a88146a9cb60f0dd0,5.0,5.0,5.0,1.0
2018-01-01,229c3efbfb0ea2058de4ccdfbc3d784a,3.6666666666666665,1.0,5.0,0.975
2018-01-01,232a6014e7b10cba61c6c2b2ea6bb4b0,4.333333333333333,3.0,5.0,0.8571428571428571
2018-01-01,23613d49c3ac2bd302259e55c06c050c,3.5217391304347827,1.0,5.0,1.0
2018-01-01,236585a4ddb5fea9fa40233e2249ed91,3.7142857142857144,1.0,5.0,1.0
2018-01-01,238fac594e170b59c6d228f5a4f4f1d9,3.875,1.0,5.0,1.0
2018-01-01,23d7c96d4a1160db1c726b248601b25a,3.736842105263158,1.0,5.0,0.8636363636363636
2018-01-01,23ff42c4bf1f8f16cddb19d8b972974a,4.0,3.0,5.0,1.0
2018-01-01,244b04680fdbded0acf5aebd9c92b44a,1.0,1.0,1.0,0.5
2018-01-01,244c2f1bff6afe1f2eaf9bfe9b2aed38,3.5,1.0,5.0,1.0
2018-01-01,2528513dd95219a6013d4d05176e391a,3.707317073170732,1.0,5.0,0.9534883720930233
2018-01-01,2528744c5ef5d955adc318720a94d2e7,3.0,1.0,5.0,1.0
2018-01-01,252e76235acb79183cfca6e34f13337d,4.0,4.0,4.0,1.0
2018-01-01,253c025bab43881055aeecde5e2d8b77,4.0,4.0,4.0,1.0
2018-01-01,259f7b5e6e482c230e5bfaa670b6bb8f,4.450980392156863,1.0,5.0,1.0
2018-01-01,25c5c91f63607446a97b143d2d535d31,3.787878787878788,1.0,5.0,0.99
2018-01-01,25cf099de44674fde97473224f9d59ab,4.117647058823529,1.0,5.0,0.9444444444444444
2018-01-01,25debeafbce801fdd479539350185eee,5.0,5.0,5.0,1.0
2018-01-01,25e6ffe976bd75618accfe16cefcbd0d,4.386363636363637,1.0,5.0,1.0
2018-01-01,262237171f48e85819065498cac80d7b,4.0,4.0,4.0,1.0
2018-01-01,26785a546900236d66f2e4197c211158,4.75,4.0,5.0,1.0
2018-01-01,26bad72add1f86e08a776ce4ffdaf1ca,4.0,4.0,4.0,1.0
2018-01-01,26d8a1c7c75d513045798992ead43aa2,4.615384615384615,3.0,5.0,1.0
2018-01-01,270297ead4c65a6cd2593960d2af6b21,4.666666666666667,4.0,5.0,1.0
2018-01-01,2709af9587499e95e803a6498a5a56e9,3.0,1.0,5.0,0.875
2018-01-01,270d3ef21830ad0ecf3a6c53d08a533a,1.0,1.0,1.0,1.0
2018-01-01,272f092de69afedd4d2969440b37f18f,3.533333333333333,1.0,5.0,1.0
2018-01-01,2745f798279e0ed033addcc1474776d7,3.8823529411764706,1.0,5.0,1.0
2018-01-01,27a56ff04b34c2ba34ce6ba4d3b9d616,4.5,3.0,5.0,1.0
2018-01-01,282c7480173bb9c01dd41cc739fec010,4.0,1.0,5.0,0.8
2018-01-01,282f23a9769b2690c5dda22e316f9941,4.542857142857143,3.0,5.0,1.0
2018-01-01,28d162ab86bb49d719c32f0ee6186eaa,4.0,4.0,4.0,1.0
2018-01-01,28ea411b354f14b1a494be4e79f0ce02,5.0,5.0,5.0,1.0
2018-01-01,28fb0829fd777877cdc350d25cb5bd5b,5.0,5.0,5.0,1.0
2018-01-01,293dee954235e4e4e43f129313625ebe,5.0,5.0,5.0,1.0
2018-01-01,2953ce3a88f5e3c3b696d77fc9e4c8eb,5.0,5.0,5.0,1.0
2018-01-01,29fe9f200d3fa0c668d2aa1ec7e08dfb,4.666666666666667,4.0,5.0,1.0
2018-01-01,2a1348e9addc1af5aaa619b1a3679d6b,3.3333333333333335,1.0,5.0,1.0
2018-01-01,2a261b5b644fa05f4f2700eb93544f2c,4.75,4.0,5.0,1.0
2018-01-01,2a50b7ee5aebecc6fd0ff9784a4747d6,1.0,1.0,1.0,1.0
2018-01-01,2a5b78b41cd05baeac8df54c6606b92c,4.5,1.0,5.0,1.0
2018-01-01,2a61c271b1ac763450d846849783e922,3.375,1.0,5.0,1.0
2018-01-01,2a6fbeaa7ab9e5d59a35841a8da71ce4,4.0,3.0,5.0,1.0
2018-01-01,2a7c6c0b0d5efde2bf75ec1e1cec2d41,3.3333333333333335,1.0,5.0,1.0
2018-01-01,2a7dc43cecabf23403078e2188437d1d,4.0476190476190474,1.0,5.0,1.0
2018-01-01,2a84855fd20af891be03bc5924d2b453,5.0,5.0,5.0,1.0
2018-01-01,2aa3443d7bf9d9bb11133f420d75e083,4.5,4.0,5.0,1.0
2018-01-01,2addf05f476d0637864454e93ba673d5,5.0,5.0,5.0,1.0
2018-01-01,2b03ac196f5ed62ac483960fe0fa3b65,3.75,1.0,5.0,1.0
2018-01-01,2b1a40c1daabc6ca280c4b815c101841,3.5,1.0,5.0,1.0
2018-01-01,2b2fed75b8e5ea3a052fc4c0825da485,5.0,5.0,5.0,1.0
2018-01-01,2b3e4a2a3ea8e01938cabda2a3e5cc79,4.461538461538462,1.0,5.0,1.0
2018-01-01,2b5ed0c9139dae8883a200dfcb272ece,4.0,3.0,5.0,1.0
2018-01-01,2bd05d410a8fd26dc4184a15f4f2f588,5.0,5.0,5.0,1.0
2018-01-01,2be17df1c49978426251562096c3cc09,3.75,1.0,5.0,1.0
2018-01-01,2bf6a2c1e71bbd29a4ad64e6d3c3629f,4.454545454545454,1.0,5.0,1.0
2018-01-01,2c3d56f92f360fb89d849b84e8f50eae,2.25,1.0,5.0,1.0
2018-01-01,2c4c47cb51acd5ea5db5e0ae0e26542a,4.5,4.0,5.0,1.0
2018-01-01,2c54051840f19eca309a5423cf22df36,5.0,5.0,5.0,1.0
2018-01-01,2c9e548be18521d1c43cde1c582c6de8,4.185185185185185,1.0,5.0,1.0
2018-01-01,2d2c62bef4c8ba0dd74e0e228e808539,5.0,5.0,5.0,1.0
2018-01-01,2d50d6282f8aa2257819a77bfaa0efe0,4.041666666666667,1.0,5.0,1.0
2018-01-01,2dee2ce60de9709b1a24083217181a1f,4.391304347826087,1.0,5.0,1.0
2018-01-01,2e13c71026e1a39ba5cc1b86dcb679aa,5.0,5.0,5.0,1.0
2018-01-01,2e1a7d075abe038c1b2743005fe42ff1,3.875,1.0,5.0,1.0
2018-01-01,2e1c9f22be269ef4643f826c9e650a52,4.296296296296297,1.0,5.0,0.9759036144578314
2018-01-01,2e3be8a987a30d7544dbbda6861cc14e,3.5,1.0,5.0,1.0
2018-01-01,2e90cb1677d35cfe24eef47d441b7c87,4.111111111111111,1.0,5.0,1.0
2018-01-01,2ec6e37d992a95eaddb3369dcbcc76d9,1.5,1.0,2.0,1.0
2018-01-01,2ee0a0689f2f6a72f35a7cb6033f6e7e,4.0,3.0,5.0,1.0
2018-01-01,2f09f7d37a97956d11cc1a7cadd5262b,2.5,1.0,5.0,1.0
2018-01-01,2f1e7b90e01d9f086cbcb301c0c3d406,5.0,5.0,5.0,1.0
2018-01-01,2f3d8b4c9e2ee165075331fea3f3095a,5.0,5.0,5.0,1.0
2018-01-01,2f73e04d12cdf0c945ded66bb3fcf6c7,2.0,2.0,2.0,1.0
2018-01-01,2f74af7a0ee5636f12c2336f9fffed47,4.25,1.0,5.0,1.0
2018-01-01,2fb25ab44bdbeae6a4d816e0d0c9d500,4.75,4.0,5.0,1.0
2018-01-01,2fdde51ad3e12f297da656d4fbd5d0b5,4.666666666666667,4.0,5.0,1.0
2018-01-01,2ff6b7bff164ef05590a52734e1296da,4.0,4.0,4.0,1.0
2018-01-01,3078096983cf766a32a06257648502d1,4.486486486486487,1.0,5.0,1.0
2018-01-01,30a2f535bb48308f991d0b9ad4a8c4bb,4.5588235294117645,1.0,5.0,1.0
2018-01-01,30c7f28fd3a5897b2c82d152bb760c17,1.8,1.0,3.0,0.8333333333333334
2018-01-01,31344c16881c08a8a72c6d2eb29918c1,3.9285714285714284,1.0,5.0,1.0
2018-01-01,318f287a62ab7ac10b703ac37435a231,4.230769230769231,1.0,5.0,1.0
2018-01-01,31ae0774c17fabd06ff707cc5bde005f,3.0,1.0,5.0,1.0
2018-01-01,31da954dc0855f2495c6310f70a2f931,3.875,1.0,5.0,1.0
2018-01-01,325f3178fb58e2a9778334621eecdbf9,4.384615384615385,1.0,5.0,1.0
2018-01-01,32e5635e63cb374eb63afdd242fb6134,5.0,5.0,5.0,1.0
2018-01-01,32f83ffe11cd40f7adcf4eef171f52d9,5.0,5.0,5.0,1.0
2018-01-01,3340ef1913fb70d28420f6ceb685c339,4.6,3.0,5.0,1.0
2018-01-01,33576ec5412fb5905d876f12f33bfde6,4.181818181818182,1.0,5.0,1.0
2018-01-01,3361277dc30b7cccdb0c286b24219756,4.5,3.0,5.0,1.0
2018-01-01,3364a91ec4d56c98e44174de954b94f6,3.6666666666666665,1.0,5.0,1.0
2018-01-01,33a17d60c64393351ebf1ef860f4e0f2,4.875,4.0,5.0,1.0
2018-01-01,33ac3e28642ab8bda860a2f693000e78,4.181818181818182,3.0,5.0,1.0
2018-01-01,33c51922b6e3c16b24a8f28e5833c99d,5.0,5.0,5.0,1.0
2018-01-01,34056b8b55c1775a22af2331670a799c,2.8,1.0,5.0,1.0
2018-01-01,343e716476e3748b069f980efbaa294e,4.0,1.0,5.0,0.875
2018-01-01,3442f8959a84dea7ee197c632cb2df15,4.0,3.0,5.0,1.0
2018-01-01,34675b28b826facfde119785bf287dc1,4.0,4.0,4.0,1.0
2018-01-01,3481aa57cd91f9f9d3fa1fa12d9a3bf7,3.25,1.0,5.0,1.0
2018-01-01,34d1ca11b242c0fee2c834ae8d788566,4.461538461538462,3.0,5.0,1.0
2018-01-01,3504c0cb71d7fa48d967e0e4c94d59d9,4.415094339622642,1.0,5.0,1.0
2018-01-01,35857757f553273b1056c1cabdace7fb,3.8,1.0,5.0,1.0
2018-01-01,3586b8580d9c917874e053a1bb37b5ff,4.533333333333333,2.0,5.0,1.0
2018-01-01,35ef5aa32949680f627efec3c23e705c,5.0,5.0,5.0,1.0
2018-01-01,35fb511489d9ee3ee27a76debce9df06,3.5,3.0,4.0,1.0
2018-01-01,36a968b544695394e4e9d7572688598f,3.5348837209302326,1.0,5.0,1.0
2018-01-01,37303482a42fb700d8d127e70a9cd6c8,3.0,1.0,5.0,1.0
2018-01-01,373ee4a3a775a733770ca3f790b8b9ac,4.5,4.0,5.0,1.0
2018-01-01,37515688008a7a40ac93e3b2e4ab203f,4.088888888888889,1.0,5.0,1.0
2018-01-01,376a891762bbdecbc02b4b6adec3fdda,4.766666666666667,3.0,5.0,1.0
2018-01-01,3771c85bac139d2344864ede5d9341e3,4.2105263157894735,1.0,5.0,1.0
2018-01-01,3785b653b1b82de85ab47dd139938091,5.0,5.0,5.0,1.0
2018-01-01,37be5a7c751166fbc5f8ccba4119e043,4.265486725663717,1.0,5.0,0.9826086956521739
2018-01-01,37dd29b36c458d82f74a953c40c43645,3.6666666666666665,2.0,5.0,1.0
2018-01-01,38102b031c2a15e54623d711bfc753d3,3.0,1.0,4.0,1.0
2018-01-01,381c83fdca332ea6afd896da20bf6e4a,4.3,1.0,5.0,1.0
2018-01-01,385799a1cddbd26dfeb9157356a42282,3.0,1.0,5.0,1.0
2018-01-01,38874e327ce94d11390b96eb42d61928,4.0,4.0,4.0,1.0
2018-01-01,38af8acfd46ac4a7bf754e8ca6736664,5.0,5.0,5.0,1.0
2018-01-01,38e679b9e0064cd94c6f035707344dae,4.0,1.0,5.0,1.0
2018-01-01,38e6dada03429a47197d5d584d793b41,4.428571428571429,1.0,5.0,1.0
2018-01-01,38f276ca6e7cc95a6d1bb55ac9e5550f,5.0,5.0,5.0,1.0
2018-01-01,391fc6631aebcf3004804e51b40bcf1e,4.005464480874317,1.0,5.0,0.9891891891891892
2018-01-01,392e0502231ae2f8b29994ef6398cd77,4.0,4.0,4.0,1.0
2018-01-01,3969863bb8af7f72580b3b1ffd3a17b3,4.0,1.0,5.0,1.0
2018-01-01,39c763cca83e654764b7a4a650fb9b7c,3.75,1.0,5.0,1.0
2018-01-01,39d54ff918774174706fb065d7f9dc07,3.75,1.0,5.0,1.0
2018-01-01,3a1a1fec38dd360f15fc912e821e169d,3.6666666666666665,3.0,5.0,1.0
2018-01-01,3a490ba60afa30ece0e7d50cfe74a4f0,4.6,3.0,5.0,1.0
2018-01-01,3a734b715d333a2588a3d54a0c9b8746,4.1875,1.0,5.0,1.0
2018-01-01,3a79f35a2344ede41af21267f61d5ec6,1.0,1.0,1.0,1.0
2018-01-01,3ade81dab5a172b88e1871c28ae05260,4.0,1.0,5.0,1.0
2018-01-01,3b15288545f8928d3e65a8f949a28291,4.267857142857143,1.0,5.0,0.9824561403508771
2018-01-01,3b872fd4747f01cc56206f2934198618,4.0,4.0,4.0,1.0
2018-01-01,3bb548e3cb7f70f28e3f11ee9dce0e59,4.409090909090909,1.0,5.0,1.0
2018-01-01,3bdff180c7e1f6551a643b99c265a120,4.0,2.0,5.0,1.0
2018-01-01,3be634553519fb6536a03e1358e9fdc7,4.225,1.0,5.0,1.0
2018-01-01,3bfad056cf05c00dabe2f895925d83b1,1.0,1.0,1.0,1.0
2018-01-01,3c03b12bab54d8b37d79d914bfdb1aa0,5.0,5.0,5.0,1.0
2018-01-01,3c487ae8f8d7542beff5788e2e0aea83,3.857142857142857,1.0,5.0,1.0
2018-01-01,3c4e0452bff7a2a788179488d3d77032,3.857142857142857,1.0,5.0,1.0
2018-01-01,3c7c4a49ec3c6550809089c6a2ca9370,3.6865671641791047,1.0,5.0,1.0
2018-01-01,3ca08eeb8d5595949fed424bd3677742,4.25,1.0,5.0,1.0
2018-01-01,3d01d1c414c44b5943a09619ff3853cb,4.5,3.0,5.0,1.0
2018-01-01,3d0cd21d41671c46f82cd11176bf7277,5.0,5.0,5.0,1.0
2018-01-01,3d39fbf22a665714baf62fae36029e23,4.8,4.0,5.0,1.0
2018-01-01,3d4b1ae7539303b5704493798893e82c,5.0,5.0,5.0,1.0
2018-01-01,3d621842b2ed28e2b474132480edac3c,4.222222222222222,1.0,5.0,1.0
2018-01-01,3d62f86afa7c73be2628a3be1423f5a0,4.0,4.0,4.0,1.0
2018-01-01,3d700782d7818f2c1e0d7a9e9d75fc00,1.0,1.0,1.0,1.0
2018-01-01,3d871de0142ce09b7081e2b9d1733cb1,4.110453648915187,1.0,5.0,0.9921722113502935
2018-01-01,3db66a856d18a9cba7c9241fc5221c50,4.204081632653061,1.0,5.0,1.0
2018-01-01,3dbbce181edfaa4a597ec858c382d2ec,4.357142857142857,1.0,5.0,1.0
2018-01-01,3dc69bf2c42f0568a5c4791ec3fd3745,5.0,5.0,5.0,1.0
2018-01-01,3df020b72d3d44b3af9d110fa3940b65,3.8846153846153846,1.0,5.0,1.0
2018-01-01,3dfd3dc96f7f8598eca74e9ac8a2fa31,4.5,3.0,5.0,1.0
2018-01-01,3ea00e1dea2b0659dbaf654735929220,5.0,5.0,5.0,1.0
2018-01-01,3ef37b7ca6dd2b80bd8af81a62504996,5.0,5.0,5.0,1.0
2018-01-01,3f0e48d209018b466fcd3bb4ccfeb520,4.333333333333333,2.0,5.0,1.0
2018-01-01,3f2af2670e104d1bcb54022274daeac5,3.3333333333333335,1.0,5.0,1.0
2018-01-01,3f3486b61f45078d4f31ee5e43d8c5bb,4.0,4.0,4.0,1.0
2018-01-01,3f995f07c49d0d55a99d5c54957f7d81,4.0625,1.0,5.0,1.0
2018-01-01,3fd1e727ba94cfe122d165e176ce7967,3.75,1.0,5.0,1.0
2018-01-01,3fefda3299e6dfaea3466ef346a3571a,4.0,4.0,4.0,1.0
2018-01-01,4003520d80d0bad1d5623f7aa3c63cda,1.0,1.0,1.0,1.0
2018-01-01,400f221ab83037c0ea78f1267da9624d,,,,0.0
2018-01-01,403aa86912527d730337ffcb0fb096ab,4.0,1.0,5.0,1.0
2018-01-01,4049512728d969bec69f84088b012416,5.0,5.0,5.0,1.0
2018-01-01,404e1ba01358af4cd63f679b2c4d1fa1,5.0,5.0,5.0,1.0
2018-01-01,40536e7ca18e1bce252828e5876466cc,1.0,1.0,1.0,1.0
2018-01-01,406822777a0b9eb5c50e442dd4cd3ec5,5.0,5.0,5.0,1.0
2018-01-01,40d54b51e962dbe09cabbcfd33298dee,4.4,1.0,5.0,1.0
2018-01-01,412a4720f3e9431b4afa1476a1acddbe,4.4,2.0,5.0,1.0
2018-01-01,4170f6a9367e6b5d6401d03ce6d54569,4.0,1.0,5.0,1.0
2018-01-01,41ab63a91b8b264e8c8780368bf1dd5b,3.5,2.0,5.0,1.0
2018-01-01,41b39e28db005d9731d9d485a83b4c38,4.0,1.0,5.0,1.0
2018-01-01,41c2bad7229b0c25e6becf179ebf63ff,5.0,5.0,5.0,1.0
2018-01-01,4200ddf1967c5e41e48db62bc6d4b5ac,4.230769230769231,1.0,5.0,0.9285714285714286
2018-01-01,42bde9fef835393bb8a8849cb6b7f245,4.3,1.0,5.0,1.0
2018-01-01,4305fe92735c8a43d154ff6dd2b8d927,4.384615384615385,3.0,5.0,1.0
2018-01-01,431af27f296bc6519d890aa5a05fdb11,3.7777777777777777,1.0,5.0,1.0
2018-01-01,4324dd16853115efb0fd9d0d131ba6f4,3.8,1.0,5.0,1.0
2018-01-01,432c37c9dfba871172ec162e20118b8c,4.125,1.0,5.0,1.0
2018-01-01,4342d4b2ba6b161468c63a7e7cfce593,1.1428571428571428,1.0,2.0,0.875
2018-01-01,4371b634e0efc0e22b09b52907d9d469,4.84375,1.0,5.0,1.0
2018-01-01,43753b27d77860f1654aa72e251a7878,5.0,5.0,5.0,1.0
2018-01-01,4391ea5c5990502176a1dcda44a2373d,5.0,5.0,5.0,1.0
2018-01-01,439a47cc365d6e3bd526812ea9de3c29,5.0,5.0,5.0,1.0
2018-01-01,43f8c9950d11ecd03a0304a49e010da6,4.555555555555555,1.0,5.0,1.0
2018-01-01,44073f8b7e41514de3b7815dd0237f4f,3.6933333333333334,1.0,5.0,0.9868421052631579
2018-01-01,440dd6ab244315c632130ecfb63827b1,3.6176470588235294,1.0,5.0,1.0
2018-01-01,443d880f15cbd3572885e1d44bf2c478,2.0,2.0,2.0,1.0
2018-01-01,44f091b5abab8018f682fce8124b85e5,2.5,1.0,5.0,1.0
2018-01-01,45213867cefbf2cd4c6177e10216a951,3.5,1.0,5.0,1.0
2018-01-01,4559697a8f7e637227c2eeaed843baff,4.0,1.0,5.0,1.0
2018-01-01,458c6fa920810ce2492da71bc26d9eec,2.5,2.0,3.0,1.0
2018-01-01,458d868c9642f55f18f04e951a3fdde6,5.0,5.0,5.0,1.0
2018-01-01,45c20d94d9171b0bcfab3c955e47d67b,4.333333333333333,3.0,5.0,1.0
2018-01-01,45d33f715e24d15a6ccf5c17b3a23e3c,3.9,1.0,5.0,1.0
2018-01-01,46dc3b2cc0980fb8ec44634e21d2718e,4.191011235955056,1.0,5.0,0.9888888888888889
2018-01-01,46ef1a25845fc051c2998d878354810c,4.0,4.0,4.0,1.0
2018-01-01,4736e9d642ef4257cd7622516931eb51,4.8,4.0,5.0,1.0
2018-01-01,478bfe564db21eeb44386606aa30b650,4.666666666666667,4.0,5.0,1.0
2018-01-01,47f55702f598c7c6cc8458b0fbc1c49a,5.0,5.0,5.0,0.5
2018-01-01,48162d548f5b1b11b9d29d1e01f75a61,4.230769230769231,1.0,5.0,1.0
2018-01-01,4830e40640734fc1c52cd21127c341d4,4.260869565217392,1.0,5.0,1.0
2018-01-01,48328ec9a579151d9cc6a86d4a59336c,2.0,2.0,2.0,1.0
2018-01-01,48436dade18ac8b2bce089ec2a041202,4.010752688172043,1.0,5.0,1.0
2018-01-01,4869f7a5dfa277a7dca6462dcf3b52b2,4.208,1.0,5.0,0.9920634920634921
2018-01-01,48985c61529077fa4f1e38bcff0f2ed3,5.0,5.0,5.0,1.0
2018-01-01,48bad451945f5227341793478d6353ea,3.0,3.0,3.0,1.0
2018-01-01,48fb026ed7455a42f5d3e9390ed5088e,3.0,1.0,5.0,1.0
2018-01-01,49067458c68f7701fd334ce326accbe0,3.0,1.0,5.0,1.0
2018-01-01,4917cee8d902e13428c3ec4b1ca6f315,3.9,1.0,5.0,0.9523809523809523
2018-01-01,4992e76a42cb3aad7a7047e0d3d7e729,3.772727272727273,1.0,5.0,1.0
2018-01-01,49e7217cfe4e427191c378ec626d8737,4.5,4.0,5.0,1.0
2018-01-01,4a3ca9315b744ce9f8e9374361493884,3.786501377410468,1.0,5.0,0.9864130434782609
2018-01-01,4a3ccda38b2129705f3fb522db62ca31,4.0606060606060606,1.0,5.0,1.0
2018-01-01,4a82c4af97ffc0fb2dc26bfdc03b1842,5.0,5.0,5.0,1.0
2018-01-01,4aba391bc3b88717ce08eb11e44937b2,4.0,1.0,5.0,1.0
2018-01-01,4b39558c138930b9e5489c93b6df5fe3,4.333333333333333,3.0,5.0,1.0
2018-01-01,4b5f66b7adcf57f1ecc0d3c07dd6b177,3.769230769230769,1.0,5.0,0.9285714285714286
2018-01-01,4b9750c8ad28220fe6702d4ecb7c898f,4.5,1.0,5.0,1.0
2018-01-01,4b98b0428fc1932cc2514ef9ce2505e6,2.3333333333333335,1.0,5.0,1.0
2018-01-01,4ba52dfeba874da5b9ee7b17c7494f04,4.363636363636363,1.0,5.0,1.0
2018-01-01,4bf2f4ee540798a61f9636d12cd9cc80,4.173913043478261,1.0,5.0,1.0
2018-01-01,4c03b9dd4c11ee2cb35c96c49efc9420,4.1923076923076925,1.0,5.0,0.9629629629629629
2018-01-01,4c2b230173bb36f9b240f2b8ac11786e,4.156028368794326,1.0,5.0,0.9791666666666666
2018-01-01,4c498c7345e89aebad651544829beca0,3.0,2.0,4.0,1.0
2018-01-01,4c60877808f4318ef1107fbeb8f89afa,5.0,5.0,5.0,1.0
2018-01-01,4c8b8048e33af2bf94f2eb547746a916,3.4444444444444446,1.0,5.0,1.0
2018-01-01,4cf490a58259286ada5ba8525ba9e84a,4.0,1.0,5.0,1.0
2018-01-01,4d6d651bd7684af3fffabd5f08d12e5a,4.2254901960784315,1.0,5.0,1.0
2018-01-01,4d8809767a5bafe22909c77951fb6b41,5.0,5.0,5.0,1.0
2018-01-01,4da0e408c99d2fdc2126dc9fce518060,4.111111111111111,1.0,5.0,1.0
2018-01-01,4dbd95a08b31ede5c82d3f861cb1ce1a,2.0,1.0,4.0,1.0
2018-01-01,4e06067cc08b3f41d837768d392c3ee3,4.461538461538462,2.0,5.0,1.0
2018-01-01,4e0d109ccfba9a1151c103049880c857,1.0,1.0,1.0,1.0
2018-01-01,4e17c65a516f69d023a2ae78b84f28d6,4.181818181818182,1.0,5.0,1.0
2018-01-01,4e42581f08e8cfc7c090f930bac4552a,1.0,1.0,1.0,1.0
2018-01-01,4e6015589b781adaa5ce7f1892d06bb1,3.5,3.0,4.0,1.0
2018-01-01,4e7c18b98d84e05cbae3ff0ff03846c2,3.8,1.0,5.0,0.9615384615384616
2018-01-01,4e85b538b0dad58852641540686d0e14,3.5,2.0,5.0,1.0
2018-01-01,4e922959ae960d389249c378d1c939f5,4.1118421052631575,1.0,5.0,1.0
2018-01-01,4ea2f12dbe91deeacd2c1e74f069a6e6,4.666666666666667,4.0,5.0,1.0
2018-01-01,4ebdc7e6cd6102a022dadc49156d4ea8,4.3,1.0,5.0,1.0
2018-01-01,4f40d2ed38d1cc945364a7cd202a82c7,1.0,1.0,1.0,1.0
2018-01-01,4fb41dff7c50136976d1a5cf004a42e2,3.5,3.0,4.0,1.0
2018-01-01,5011f0d93373a4c5753adf58ca77af8d,4.0,1.0,5.0,1.0
2018-01-01,503c1de08ae81a2d86f17951b204db55,4.3076923076923075,3.0,5.0,1.0
2018-01-01,5058e8c1e82653974541e83690655b4a,3.526315789473684,1.0,5.0,1.0
2018-01-01,5075aaa8404020ae6aa8bf4792099b41,4.0,2.0,5.0,1.0
2018-01-01,50770d25768b0486d89be26afca3108f,1.0,1.0,1.0,1.0
2018-01-01,50c9975695009e5e6473912e83a6d1da,3.8421052631578947,1.0,5.0,1.0
2018-01-01,5160d23075764e18e07c1f4a87fad743,4.382352941176471,1.0,5.0,1.0
2018-01-01,51702dc2a3e106c76dbff722b5bf0726,3.857142857142857,1.0,5.0,1.0
2018-01-01,51a04a8a6bdcb23deccc82b0b80742cf,1.0,1.0,1.0,1.0
2018-01-01,51ed72984a04e5dd35c2b27e77179038,3.8333333333333335,1.0,5.0,1.0
2018-01-01,52092ddbd3a58c450a4459bf051b2287,4.0,1.0,5.0,1.0
2018-01-01,520b493b57809f446cb0a233bb3e25c7,4.615384615384615,1.0,5.0,1.0
2018-01-01,522620dcb18a6b31cd7bdf73665113a9,4.117647058823529,1.0,5.0,0.9444444444444444
2018-01-01,5236605f4d4b0b3e4df85b850393fca0,4.666666666666667,4.0,5.0,1.0
2018-01-01,52562a9f449c3dc3d53f5f5b9ed74903,5.0,5.0,5.0,1.0
2018-01-01,525e75a6fb1454a2325ab1734bcec221,3.2857142857142856,1.0,5.0,1.0
2018-01-01,527801b552d0077ffd170872eb49683b,4.346153846153846,1.0,5.0,0.9629629629629629
2018-01-01,528bcf6680c36dddf07620bd35b33a6f,4.0,4.0,4.0,1.0
2018-01-01,528ce32f560edd11add4169f6a5b65be,5.0,5.0,5.0,1.0
2018-01-01,52b53f7061969fe471d119b6195da864,5.0,5.0,5.0,1.0
2018-01-01,52d76513f0c4d97f3b99570e2c94ee31,4.2,1.0,5.0,1.0
2018-01-01,52f976b17ea7f2f087f56dcc419328f6,2.0,2.0,2.0,1.0
2018-01-01,52f9db5cfb423382a2fa5c9e39303202,5.0,5.0,5.0,1.0
2018-01-01,530ec6109d11eaaf87999465c6afee01,3.8,1.0,5.0,1.0
2018-01-01,53243585a1d6dc2643021fd1853d8905,4.261410788381743,1.0,5.0,0.9917695473251029
2018-01-01,53336f97ddbe53e2a617d07b17447b95,5.0,5.0,5.0,1.0
2018-01-01,5343d0649eca2a983820bfe93fc4d17e,5.0,5.0,5.0,1.0
2018-01-01,534a01cc6df1e034e05c32028a291fa2,4.4,3.0,5.0,1.0
2018-01-01,537eb890efff034a88679788b647c564,4.25,1.0,5.0,1.0
2018-01-01,538caafddff204241cecbf3a02e6b3cf,2.3333333333333335,1.0,5.0,1.0
2018-01-01,53b0300ca793f9834cd69c0678d35ee8,5.0,5.0,5.0,1.0
2018-01-01,53e4c6e0f4312d4d2107a8c9cddf45cd,4.045454545454546,1.0,5.0,0.9935483870967742
2018-01-01,54065e9aef7e9e9c2dc23b7594db021a,3.0,1.0,5.0,1.0
2018-01-01,54219883e72aad869adfb2a54b7bfa0f,4.5,4.0,5.0,1.0
2018-01-01,542917da124346b47ea1ac79a93ce454,4.090909090909091,1.0,5.0,1.0
2018-01-01,54965bbe3e4f07ae045b90b0b8541f52,2.5106382978723403,1.0,5.0,0.94
2018-01-01,54a1852d1b8f10312c55e906355666ee,4.413043478260869,1.0,5.0,1.0
2018-01-01,5563732abe64c3036cb97ad924128dd1,5.0,5.0,5.0,1.0
2018-01-01,5566627eab3fe93fd6ee08798226101a,3.0,3.0,3.0,1.0
2018-01-01,557f22c76691849db52d2abccf0015d0,2.6666666666666665,1.0,4.0,0.75
2018-01-01,55a5b51f93f2b70ea513f5a047b0262a,4.545454545454546,2.0,5.0,1.0
2018-01-01,55c96925041a14097b6a7825554f4ad5,4.0,4.0,4.0,1.0
2018-01-01,55d3daac7c404d59e51c2aa2f4dc5a23,3.875,1.0,5.0,1.0
2018-01-01,562f8cfc51f265411f487d07e9c40e7f,4.571428571428571,4.0,5.0,1.0
2018-01-01,5656537e588803a555b8eb41f07a944b,3.871794871794872,1.0,5.0,1.0
2018-01-01,5659d77e8d90378e39b960ad5956f64e,4.0,4.0,4.0,1.0
2018-01-01,56642bcb79900e777d68e91915cb4267,3.727272727272727,1.0,5.0,1.0
2018-01-01,56a8b450e802502ba53a9885ee38e29f,1.0,1.0,1.0,1.0
2018-01-01,56f413900b5166ab4d730e9ac0b12cb0,4.0,4.0,4.0,1.0
2018-01-01,570d4583587a5fe2d47c7be89b91ad27,5.0,5.0,5.0,1.0
2018-01-01,5721089ba9214e80074f27d5a03fc0eb,5.0,5.0,5.0,1.0
2018-01-01,575df70bde3f9f2b30bf8d2e9910d725,3.75,1.0,5.0,1.0
2018-01-01,578460d8319c51dab351cd9db95eadfe,3.0,3.0,3.0,1.0
2018-01-01,578fa3a9cb6b6dceab39231ad59cdaca,5.0,5.0,5.0,1.0
2018-01-01,579891617139df7d8671d373f0669622,4.0,1.0,5.0,1.0
2018-01-01,57c764b4a836300be881e2ff86e449f9,4.0,1.0,5.0,1.0
2018-01-01,57e632711dec9ec14ca7546769483e7e,4.25,1.0,5.0,1.0
2018-01-01,57fe6232e67823593374a2281d7a8af8,4.8,4.0,5.0,1.0
2018-01-01,582d4f8675b945722eda7c0cb61ba4c7,3.764705882352941,1.0,5.0,1.0
2018-01-01,5882820ef11c4c068eea0677a7a879b4,4.25,3.0,5.0,0.8
2018-01-01,5882f40daf39bc2a465e0cb453ddc222,2.0,2.0,2.0,1.0
2018-01-01,59417c56835dd8e2e72f91f809cd4092,4.25,4.0,5.0,1.0
2018-01-01,5962468f885ea01a1b6a97a218797b0a,4.142857142857143,1.0,5.0,0.875
2018-01-01,59b22a78efb79a4797979612b885db36,3.8518518518518516,1.0,5.0,1.0
2018-01-01,59cd88080b93f3c18508673122d26169,4.7,3.0,5.0,1.0
2018-01-01,59de1d4c8c057c2a53acd4ca66531af2,5.0,5.0,5.0,1.0
2018-01-01,59fb871bf6f4522a87ba567b42dafecf,4.275,1.0,5.0,0.975609756097561
2018-01-01,5a32c398a06c345440bf2a683b017ad3,1.0,1.0,1.0,1.0
2018-01-01,5a8e7d5003a1f221f9e1d6e411de7c23,4.3,1.0,5.0,1.0
2018-01-01,5a93f3ab0ef4c84ed5e1b5dbf23978bc,4.85,4.0,5.0,1.0
2018-01-01,5aaa890629f83706d8d9bfecd8377c1c,1.0,1.0,1.0,1.0
2018-01-01,5ab05b6d86d417796c69ffd6774ec832,3.6666666666666665,1.0,5.0,1.0
2018-01-01,5abb8ea023c77787f2c15da891c8d384,3.6,2.0,5.0,1.0
2018-01-01,5acd070dd3fe441bbb2ec1f1ede515ee,3.5,1.0,5.0,1.0
2018-01-01,5b179e9e8cc7ab6fd113a46ca584da81,4.375,3.0,5.0,0.9411764705882353
2018-01-01,5b33b527da3c5b969cc99dc435cad09a,4.333333333333333,3.0,5.0,1.0
2018-01-01,5b35136197710e16ac5e7b7c2bd4ea85,3.2,1.0,5.0,1.0
2018-01-01,5b51032eddd242adc84c38acab88f23d,4.0,4.0,4.0,1.0
2018-01-01,5b581417df4480f632484ba681e53944,3.75,2.0,5.0,1.0
2018-01-01,5b664594895aefb418afaee6d40a9a23,4.8,4.0,5.0,1.0
2018-01-01,5b67882648febfb6e1225e6ad7164f6b,4.428571428571429,3.0,5.0,1.0
2018-01-01,5b8154610ebb21fb90eb587365e673df,4.285714285714286,1.0,5.0,1.0
2018-01-01,5b925e1d006e9476d738aa200751b73b,4.620689655172414,3.0,5.0,1.0
2018-01-01,5b97c06a046398e7005b2b7c0d707a92,4.0,4.0,4.0,1.0
2018-01-01,5bc237df65098fe211bb4818f4d26d78,5.0,5.0,5.0,1.0
2018-01-01,5c243662ce92d84573bfaff24c3e3700,4.0476190476190474,1.0,5.0,1.0
2018-01-01,5c6d4016c2a288f074fa0848a2b653d2,4.363636363636363,1.0,5.0,1.0
2018-01-01,5cbbd5a299cab112b7bf23862255e43e,4.363636363636363,2.0,5.0,1.0
2018-01-01,5cf13accae3222c70a9cac40818ae839,4.407407407407407,1.0,5.0,1.0
2018-01-01,5cf1ec37aea089f45110c70653a166ab,5.0,5.0,5.0,1.0
2018-01-01,5d0363b33554b373851fc1622e4d5f3c,4.416666666666667,4.0,5.0,1.0
2018-01-01,5d378b73ab7dd6f0418d743e5dcb0bd1,3.857142857142857,1.0,5.0,1.0
2018-01-01,5d3bb11474a06bdc23fb9e89f1164ee0,4.571428571428571,3.0,5.0,1.0
2018-01-01,5d9dc90a686a8fddacffab6bab5653a3,4.5,3.0,5.0,1.0
2018-01-01,5dc4bdaf869e8c77c648078cbe8d59c2,1.0,1.0,1.0,1.0
2018-01-01,5dceca129747e92ff8ef7a997dc4f8ca,4.0,1.0,5.0,0.9805825242718447
2018-01-01,5debea795b07621e1f90532e18f96145,4.454545454545454,1.0,5.0,1.0
2018-01-01,5e49e3a44bdeb5aab2684258bbd4f525,5.0,5.0,5.0,1.0
2018-01-01,5ee7fd217d08dfe5d3e2f51f96a12c9a,4.0,2.0,5.0,1.0
2018-01-01,5eeb9c756d9780b96283e5a2ac6da334,3.3333333333333335,1.0,5.0,1.0
2018-01-01,5f06030071324cc52bf0304014ac7234,4.0,2.0,5.0,1.0
2018-01-01,5f1dc28029d2c244352a68107ec2b542,4.346153846153846,1.0,5.0,0.9629629629629629
2018-01-01,5f2684dab12e59f83bef73ae57724e45,3.9166666666666665,1.0,5.0,1.0
2018-01-01,5f5b43b2bffa8656e4bc6efeb13cc649,4.428571428571429,4.0,5.0,1.0
2018-01-01,5f7300535881cef3b625fd683cf7d145,3.0,3.0,3.0,1.0
2018-01-01,602044f2c16190c2c6e45eb35c2e21cb,2.9411764705882355,1.0,5.0,1.0
2018-01-01,6039e27294dc75811c0d8a39069f52c0,3.9411764705882355,1.0,5.0,1.0
2018-01-01,60562ab00b8054280520d390c8c0045c,4.75,4.0,5.0,1.0
2018-01-01,615005a3ef192c00c6f0e977cee3d2bc,3.8,1.0,5.0,1.0
2018-01-01,6179a28a13a726c29b3bf54c070dccab,3.0,1.0,5.0,1.0
2018-01-01,6187a137b2af59dfdbad8d9f8c373c14,1.0,1.0,1.0,1.0
2018-01-01,620c87c171fb2a6dd6e8bb4dec959fc6,4.528662420382165,1.0,5.0,0.9936708860759493
2018-01-01,6219ba2359cfb97f2e38fd4c321eb309,3.3333333333333335,1.0,5.0,0.75
2018-01-01,624f4ece8da4aafb77699233d480f8ef,4.333333333333333,1.0,5.0,0.9375
2018-01-01,6288c69c4ce638e59925e59193f98b16,3.75,1.0,5.0,1.0
2018-01-01,62c50c1af4dfdc4149d25c5222043d39,1.0,1.0,1.0,1.0
2018-01-01,6338ea67c41078a46ad99cc009654956,5.0,5.0,5.0,0.8823529411764706
2018-01-01,633ecdf879b94b5337cca303328e4a25,1.8,1.0,4.0,0.8333333333333334
2018-01-01,634964b17796e64304cadf1ad3050fb7,4.24,1.0,5.0,1.0
2018-01-01,638cba8be1fb599bbb76fd6948351eb3,4.6875,2.0,5.0,1.0
2018-01-01,63b464dbf392c7b80d12d932fa7cafed,3.6785714285714284,1.0,5.0,1.0
2018-01-01,63ffcb71394dd8ea3872ed9ffda17c74,3.0,1.0,5.0,1.0
2018-01-01,6426d21aca402a131fc0a5d0960a3c90,4.133333333333334,2.0,5.0,1.0
2018-01-01,643214e62b870443ccbe55ab29a4dccf,4.470588235294118,2.0,5.0,1.0
2018-01-01,6481e96574816ead57975da2c0f6d80d,5.0,5.0,5.0,1.0
2018-01-01,6560211a19b47992c3666cc44a7e94c0,3.9488372093023254,1.0,5.0,0.9923076923076923
2018-01-01,6562efe88ce0826a4ca4f189f03b4b84,3.6,1.0,5.0,1.0
2018-01-01,659e8466eb3ff1b0e8740d74fb7bbedd,4.666666666666667,4.0,5.0,1.0
2018-01-01,65a7c0788e4d632ccb5e1b594b87f0bb,4.5,3.0,5.0,1.0
2018-01-01,65b081a070633e057c462abdd6fb9dd8,3.75,1.0,5.0,1.0
2018-01-01,65c255b299faf2d12050937cc219c46c,4.5,4.0,5.0,1.0
2018-01-01,6601ee6383e7f452be71929f8de48bbb,4.0,4.0,4.0,1.0
2018-01-01,6650fcccd8cd2f7e55ffa524f30c4c59,2.6666666666666665,1.0,5.0,1.0
2018-01-01,66922902710d126a0e7d26b0e3805106,4.5964912280701755,1.0,5.0,0.9827586206896551
2018-01-01,669ae81880e08f269a64487cfb287169,4.108695652173913,1.0,5.0,0.9787234042553191
2018-01-01,66dc1b1632bd6a3e508510c5b3492107,3.4545454545454546,1.0,5.0,1.0
2018-01-01,66e0557ecc2b4dbea057e93f215f68d8,3.8181818181818183,1.0,5.0,1.0
2018-01-01,66fd84ee7528c0c0de85d0f44a73d5ab,4.0,4.0,4.0,1.0
2018-01-01,670a9dda115b5a88b18cfadee8de2332,4.25,3.0,5.0,1.0
2018-01-01,670c26e0f1bf8d0576271d5cfaec6d2b,4.428571428571429,1.0,5.0,1.0
2018-01-01,67225bff54a172ff67579aaf583efd78,4.333333333333333,3.0,5.0,1.0
2018-01-01,6750d71153f00fc58829af2a8ef1bcf1,4.5,4.0,5.0,1.0
2018-01-01,679769a98cfcc6da877c8486ff1c13f3,4.428571428571429,1.0,5.0,1.0
2018-01-01,67bf6941ba2f1fa1d02c375766bc3e53,4.333333333333333,3.0,5.0,1.0
2018-01-01,6806dad1da97bfb5a9038eac6881f706,4.0,4.0,4.0,1.0
2018-01-01,681fce914360217db47784ae28905a96,4.666666666666667,4.0,5.0,1.0
2018-01-01,685b870da5b52a710782c9c0fefbeb5b,1.0,1.0,1.0,1.0
2018-01-01,6860153b69cc696d5dcfe1cdaaafcf62,3.3333333333333335,1.0,5.0,1.0
2018-01-01,6861de0f40cacb0602e473c51639f980,5.0,5.0,5.0,1.0
2018-01-01,68f86ba270525243e68ae74044f992b9,4.0,3.0,5.0,1.0
2018-01-01,6902157ee16728322d61a1321fa79e58,3.0,1.0,5.0,1.0
2018-01-01,695051e2981c8b19e77cafe450d5bdf3,5.0,5.0,5.0,1.0
2018-01-01,6989574bd97d9773f10d232b6c07da59,4.666666666666667,4.0,5.0,1.0
2018-01-01,69a43819c758c65a5befb0b471c954d7,4.0,4.0,4.0,1.0
2018-01-01,6a0cbc8af2e8abd1bdfb777943d174c6,3.857142857142857,1.0,5.0,0.9545454545454546
2018-01-01,6a51fc556dab5f766ced6fbc860bc613,3.6666666666666665,1.0,5.0,1.0
2018-01-01,6a8b085f816a1f75f92dbac6eb545f8f,4.319148936170213,1.0,5.0,1.0
2018-01-01,6b15924333bd1a741595fe981ea04822,5.0,5.0,5.0,1.0
2018-01-01,6b243f80ed07b10f0e8aa0f21a205f3c,4.260869565217392,1.0,5.0,1.0
2018-01-01,6b536a23086fba0d58c08d68814397f6,3.4,1.0,5.0,1.0
2018-01-01,6b9b80d53ba3676eafe60268a810b5a1,3.3333333333333335,1.0,5.0,1.0
2018-01-01,6bb0724edf0b62fb91ac404873a97241,4.888888888888889,4.0,5.0,0.9
2018-01-01,6bbcb8924baf70b7fe2fe2097e8cd407,4.75,4.0,5.0,1.0
2018-01-01,6bcb2352a2a0c38b845f598298ab9d26,1.0,1.0,1.0,1.0
2018-01-01,6bd69102ab48df500790a8cecfc285c2,3.5,2.0,5.0,1.0
2018-01-01,6c12e40690c335dbc2f68a4134d30dc1,3.0,3.0,3.0,1.0
2018-01-01,6c177e38df6d3f34182b1f1d427231bf,3.6842105263157894,1.0,5.0,1.0
2018-01-01,6c7d50c24b3ccd2fd83b44d8bb34e073,4.5,1.0,5.0,0.987012987012987
2018-01-01,6c9875b2f94ba781186f0c1aed8d1687,5.0,5.0,5.0,1.0
2018-01-01,6cd68b3ed6d59aaa9fece558ad360c0a,4.557377049180328,2.0,5.0,1.0
2018-01-01,6d04126aba80df143fd038e711b8fd96,1.0,1.0,1.0,1.0
2018-01-01,6d1b9c9579132c87d2703ec38c30f2c5,5.0,5.0,5.0,1.0
2018-01-01,6d22a1fcebb6dd08c9cd90b92a93e8d0,4.125,1.0,5.0,1.0
2018-01-01,6d66611d7c44cc30ce351abc49a68421,4.06,1.0,5.0,0.9803921568627451
2018-01-01,6d7f8d9d594e28796b6b3205b00f459c,5.0,5.0,5.0,1.0
2018-01-01,6d803cb79cc31c41c4c789a75933b3c7,4.52,2.0,5.0,1.0
2018-01-01,6d988d6174a2c27441597174f8905515,5.0,5.0,5.0,1.0
2018-01-01,6da1992f915d77be95d7fa48b36904af,3.5,1.0,5.0,1.0
2018-01-01,6dd7dce75cd55c1ce255dc38d9f0cd46,4.0,4.0,4.0,1.0
2018-01-01,6df688df543f90e9b38f4319e75a9d88,4.6875,3.0,5.0,1.0
2018-01-01,6e0908ef4d4efadbc3cc2b74ea477cb0,3.6666666666666665,1.0,5.0,1.0
2018-01-01,6e2d3e2dc84fb30f6078f39dd3bddd6f,1.0,1.0,1.0,1.0
2018-01-01,6e864f5c4669eff3d98140a07cc50202,4.285714285714286,1.0,5.0,1.0
2018-01-01,6ec1a01e866584bb679eb9b098345919,4.0588235294117645,1.0,5.0,1.0
2018-01-01,6edacfd9f9074789dad6d62ba7950b9c,4.1688311688311686,1.0,5.0,1.0
2018-01-01,6f1a1263039c76e68f40a8e536b1da6a,2.0,1.0,3.0,1.0
2018-01-01,6f229cc508fc6915ed5c499efd93baa4,5.0,5.0,5.0,1.0
2018-01-01,6f892e20a171e98efe17fdb971ff319b,3.9302325581395348,1.0,5.0,0.9772727272727273
2018-01-01,6fc26fe110feebd80a433e1f012a84f9,3.4615384615384617,1.0,5.0,1.0
2018-01-01,6fd52c528dcb38be2eea044946b811f8,3.9393939393939394,1.0,5.0,1.0
2018-01-01,7008613ea464bad5cb9b83456e1e6a8f,4.161290322580645,1.0,5.0,0.96875
2018-01-01,700f03c207639c22d933381ff60b35c2,3.6666666666666665,1.0,5.0,1.0
2018-01-01,701938c450705b8ae65fc923b70f35c7,4.208333333333333,1.0,5.0,1.0
2018-01-01,7040e82f899a04d1b434b795a43b4617,3.539325842696629,1.0,5.0,0.9888888888888889
2018-01-01,70849ca4f400aaabb62cb7462a6f1428,4.666666666666667,4.0,5.0,1.0
2018-01-01,709e16e2b25c7474d980076c6bfc4806,4.384615384615385,3.0,5.0,1.0
2018-01-01,70a12e78e608ac31179aea7f8422044b,3.9205298013245033,1.0,5.0,1.0
2018-01-01,70c4eedec9cb4a85cda2f3f9673557b4,,,,0.0
2018-01-01,70ee69419916dc13e3aed619061f996c,3.0,3.0,3.0,1.0
2018-01-01,70eea00b476a314817cefde4aad4f89a,4.25,1.0,5.0,1.0
2018-01-01,70f84699be677ec988d1fa824aef7d90,5.0,5.0,5.0,1.0
2018-01-01,71039d19d4303bf9054d69e9a9236699,4.315789473684211,1.0,5.0,1.0
2018-01-01,710e3548e02bc1d2831dfc4f1b5b14d4,3.7333333333333334,1.0,5.0,1.0
2018-01-01,71271995e85f5b8530be99ed54a91b89,1.0,1.0,1.0,1.0
2018-01-01,712e6ed8aa4aa1fa65dab41fed5737e4,3.076923076923077,1.0,5.0,1.0
2018-01-01,7142540dd4c91e2237acb7e911c4eba2,4.110236220472441,1.0,5.0,0.9844961240310077
2018-01-01,715bbd5ba4e6b74cb0d2f29eb45058b0,4.615384615384615,4.0,5.0,1.0
2018-01-01,7178e1eaa97257d8b6d4b80efd77a025,5.0,5.0,5.0,1.0
2018-01-01,7178f9f4dd81dcef02f62acdf8151e01,3.8583333333333334,1.0,5.0,0.9917355371900827
2018-01-01,718539d38d07dd351c76db862760e2e2,4.454545454545454,2.0,5.0,1.0
2018-01-01,71dc18fd8cbf5fd77f45dd8b427abb34,5.0,5.0,5.0,1.0
2018-01-01,7202e2ba20579a9bd1acb29e61fe71f6,3.8333333333333335,1.0,5.0,1.0
2018-01-01,725af026f869236a8dd0ceb98564d156,5.0,5.0,5.0,1.0
2018-01-01,725c32fa80c2faacc4fc88450d27314e,4.444444444444445,2.0,5.0,0.9782608695652174
2018-01-01,7299e27ed73d2ad986de7f7c77d919fa,4.532258064516129,1.0,5.0,1.0
2018-01-01,729b2d09b2a0bdab221076327f13d050,4.75,4.0,5.0,1.0
2018-01-01,729f06993dac8e860d4f02d7088ca48a,4.290322580645161,1.0,5.0,0.96875
2018-01-01,72bc2cce903c872fe376a8faaa81d237,4.545454545454546,1.0,5.0,1.0
2018-01-01,72c73be2b085b9d57650dd53eb2004c9,5.0,5.0,5.0,1.0
2018-01-01,731ef20c231d9a7103a425e83fd91271,3.5,3.0,4.0,1.0
2018-01-01,73a63f72308aa20a46f4b1632018f196,4.333333333333333,3.0,5.0,1.0
2018-01-01,73da1880b39c71de2b262bc7720c1494,5.0,5.0,5.0,1.0
2018-01-01,7402d13c03a7e91366337cd1de471144,1.0,1.0,1.0,1.0
2018-01-01,744dac408745240a2c2528fb1b6028f3,4.612903225806452,1.0,5.0,1.0
2018-01-01,747c1cdcd1737dcfbd1547f6eb6f2cf3,4.0,4.0,4.0,1.0
2018-01-01,749e7cdabbaf72f16677859e27874ba5,1.0,1.0,1.0,1.0
2018-01-01,74a9b9bddf14ece02beb81f52c41a88d,2.0,2.0,2.0,1.0
2018-01-01,74bafed391319577bce6f4d2acc0589a,1.5,1.0,2.0,1.0
2018-01-01,74c7dec0a384d8a05950e629bd23bde9,3.6,1.0,5.0,1.0
2018-01-01,750303a20e9c56b2a6bc45cdce0b897d,4.125,3.0,5.0,1.0
2018-01-01,751bdc4d83a466c7206cd42e8f426b03,3.6666666666666665,1.0,5.0,0.96
2018-01-01,7586919161935337bf6b6d7ff5779648,5.0,5.0,5.0,1.0
2018-01-01,75a4764c108403a7a0575140cb22287c,5.0,5.0,5.0,1.0
2018-01-01,75d34ebb1bd0bd7dde40dd507b8169c3,3.9375,1.0,5.0,1.0
2018-01-01,75fbb52eda0cbc24f479d3b2fbfa8d3e,3.8823529411764706,1.0,5.0,0.9444444444444444
2018-01-01,75fdd0a732287f9497b179f6bd445d32,5.0,5.0,5.0,1.0
2018-01-01,762ed976527cddf02787edba70fffa2a,2.3333333333333335,1.0,4.0,1.0
2018-01-01,76623fde66e6b63b59440fd34160512d,4.0,3.0,5.0,1.0
2018-01-01,76833248bbc0e65a0293ec62023e4396,5.0,5.0,5.0,1.0
2018-01-01,768de2a4fc06aacecb9a586ccc30746a,4.666666666666667,3.0,5.0,1.0
2018-01-01,76c47a299e4a8fe992316a85865acbe9,5.0,5.0,5.0,1.0
2018-01-01,76d5af76d0271110f9af36c92573f765,4.069767441860465,1.0,5.0,0.9772727272727273
2018-01-01,76d64c4aca3a7baf218bf93ef7fa768d,3.8,1.0,5.0,1.0
2018-01-01,76de363de16dacc923eec8daf91df504,1.0,1.0,1.0,1.0
2018-01-01,7722b1df1b0e383e000397b2c11e3e19,4.255813953488372,1.0,5.0,1.0
2018-01-01,77530e9772f57a62c906e1c21538ab82,3.9702970297029703,1.0,5.0,1.0
2018-01-01,7813ea3ebd9411dc600b4dd01f7a97b9,4.142857142857143,1.0,5.0,1.0
2018-01-01,781a66c0d89e30814d49fe8b5e14cd07,1.0,1.0,1.0,1.0
2018-01-01,782f78b632a43875dd5b53e3e49c9564,1.0,1.0,1.0,1.0
2018-01-01,784ba75dd9d20200c4caed3d7a77141a,3.857142857142857,1.0,5.0,1.0
2018-01-01,78744a20ee2f80ba64f6804c25def2b8,3.3333333333333335,1.0,5.0,1.0
2018-01-01,78a4d36f65a019172c6154468831a69f,4.285714285714286,1.0,5.0,1.0
2018-01-01,78c99c6dff4eeae5be99bf635ed21e3f,4.6875,1.0,5.0,1.0
2018-01-01,78ef7e885d17f35e2382a47aae8b8cce,5.0,5.0,5.0,1.0
2018-01-01,7901646fdd36a55f564ffaf2dbccaaf7,5.0,5.0,5.0,1.0
2018-01-01,791cfcfe22fe4a771ece27f90017da92,2.0,2.0,2.0,1.0
2018-01-01,7957cac1a02f45d0a4a7e45626382ec2,4.0,4.0,4.0,1.0
2018-01-01,7963e546f34e098b578f9ad102494601,5.0,5.0,5.0,1.0
2018-01-01,7994081388d55b9cf976c050653dd359,1.0,1.0,1.0,1.0
2018-01-01,79b93a308a97792cf53ac75f46da00b5,5.0,5.0,5.0,1.0
2018-01-01,79ebd9a61bac3eaf882805ed4ecfa12a,4.142857142857143,1.0,5.0,1.0
2018-01-01,79ed755314cfe6df0daef2c6cd3022cd,4.75,3.0,5.0,0.9411764705882353
2018-01-01,7a188843479798ca813108fa7b959286,1.0,1.0,1.0,1.0
2018-01-01,7a241947449cc45dbfda4f9d0798d9d0,3.7142857142857144,1.0,5.0,0.9333333333333333
2018-01-01,7a2d2949aea47fab95fd98d6c9f618b1,4.0,2.0,5.0,1.0
2018-01-01,7a425d299613df3e613bcf9d2eaf5c49,4.75,4.0,5.0,1.0
2018-01-01,7a67c85e85bb2ce8582c35f2203ad736,4.329439252336448,1.0,5.0,0.9907407407407407
2018-01-01,7a91bf945c6fae0779f1c61ce97fe45c,3.8,1.0,5.0,1.0
2018-01-01,7aa4334be125fcdd2ba64b3180029f14,4.036649214659686,1.0,5.0,0.9947916666666666
2018-01-01,7b07b3c7487f0ea825fc6df75abd658b,4.243243243243243,1.0,5.0,1.0
2018-01-01,7b0df942f46435babab05d49b744b2c4,4.583333333333333,4.0,5.0,0.9230769230769231
2018-01-01,7b1222c3624aa89b9558b50a2594188c,4.3076923076923075,1.0,5.0,1.0
2018-01-01,7b3447b497e55af8c15fc7bd89d7b81a,5.0,5.0,5.0,1.0
2018-01-01,7b3f6ce5c6c22e9b96e7581ebf0df6e1,3.0,3.0,3.0,1.0
2018-01-01,7bac63f6603d382cc8d0832eb6c100a8,4.333333333333333,3.0,5.0,1.0
2018-01-01,7bcd7c5f8631701474db233ccf1c094b,5.0,5.0,5.0,1.0
2018-01-01,7c1fea10b5b006671d608b1d7c446ec4,3.8333333333333335,1.0,5.0,1.0
2018-01-01,7c4618c82226628831613e95e9c22f44,5.0,5.0,5.0,1.0
2018-01-01,7c67e1448b00f6e969d365cea6b010ab,3.514018691588785,1.0,5.0,1.0
2018-01-01,7cb946b1ad19faebe28c3e86c2794ec3,5.0,5.0,5.0,1.0
2018-01-01,7d456afc660226829370f3173d14520c,3.8333333333333335,1.0,5.0,1.0
2018-01-01,7d76b645482be4a332374e8223836592,3.9347826086956523,1.0,5.0,0.989247311827957
2018-01-01,7d948535954aaf8c5d39db007f74372e,4.0,2.0,5.0,1.0
2018-01-01,7dc8c42cc750eeafea6c85712ffee9bf,3.8181818181818183,1.0,5.0,1.0
2018-01-01,7ddcbb64b5bc1ef36ca8c151f6ec77df,4.0,1.0,5.0,0.9957805907172996
2018-01-01,7e1fb0a3ebfb01ffb3a7dae98bf3238d,4.219512195121951,1.0,5.0,0.9761904761904762
2018-01-01,7e26c750b4cb9f6766f58265ff9ebe95,4.666666666666667,4.0,5.0,1.0
2018-01-01,7e3dde9ffba72d5340f9aaf09b4424be,1.0,1.0,1.0,1.0
2018-01-01,7e3f87d16fb353f408d467e74fbd8014,4.321428571428571,1.0,5.0,1.0
2018-01-01,7e79d65b5c6f1f544b7daea036acf720,4.666666666666667,4.0,5.0,1.0
2018-01-01,7e93a43ef30c4f03f38b393420bc753a,4.177631578947368,1.0,5.0,0.9934640522875817
2018-01-01,7ea5bfa6c340f58f8e71fc1f0412b0d6,3.611111111111111,1.0,5.0,1.0
2018-01-01,7ecd59e5e20407131822c1a68ac59c1f,4.75,4.0,5.0,1.0
2018-01-01,7ecef8194babfec876ca720714327841,5.0,5.0,5.0,1.0
2018-01-01,7f02656561b680def9986c0795a8a080,3.0,1.0,5.0,1.0
2018-01-01,7f152321c60a266edc53af1925ef96c1,4.333333333333333,3.0,5.0,1.0
2018-01-01,7f2617c58d5d06806987308b45654351,3.6666666666666665,1.0,5.0,1.0
2018-01-01,7fe21dd00d2f4943ae09525efa2fd674,2.3333333333333335,1.0,5.0,1.0
2018-01-01,8090490573c6c0aa343a7231ebcb8c86,3.5,1.0,5.0,1.0
2018-01-01,809413606dbfe5deefd2db646693ef67,4.0,4.0,4.0,1.0
2018-01-01,80e6699fe29150b372a0c8a1ebf7dcc8,4.275,1.0,5.0,1.0
2018-01-01,8132b9bd16876e1b0f8808d43825dd48,1.0,1.0,1.0,1.0
2018-01-01,813348c996469b40f2e028d5429d3495,4.175675675675675,1.0,5.0,0.9866666666666667
2018-01-01,81336a0f57a33776419727a300249e90,3.857142857142857,1.0,5.0,1.0
2018-01-01,8160255418d5aaa7dbdc9f4c64ebda44,3.601769911504425,1.0,5.0,0.9912280701754386
2018-01-01,817245bcc3badd82bbd222e0366951a6,3.6666666666666665,3.0,4.0,0.75
2018-01-01,81a1104df0f08b59c68aa5b03cfe398e,4.428571428571429,1.0,5.0,0.9655172413793104
2018-01-01,81ed90f07c0bacb7594940ba2ef676aa,4.5,4.0,5.0,1.0
2018-01-01,820cc752a266cdc6c1a1e61dd4583330,4.0,3.0,5.0,1.0
2018-01-01,822166ed1e47908f7cfb49946d03c726,4.157894736842105,1.0,5.0,0.9743589743589743
2018-01-01,822bad9bc42b51213ba522fe87b7ab5d,5.0,5.0,5.0,1.0
2018-01-01,827f8f69dfa529c561901c4f2e0f332f,4.785714285714286,3.0,5.0,1.0
2018-01-01,82bd0703a4aefd6b599e5bfdaed378fb,3.0,1.0,5.0,1.0
2018-01-01,82e0a475a88cc9595229d8029273f045,3.5517241379310347,1.0,5.0,1.0
2018-01-01,83353a83fd769dfafa4f21a72b15e3e5,4.0,1.0,5.0,1.0
2018-01-01,834f3294fba9f932f56edc879193f925,4.56,1.0,5.0,1.0
2018-01-01,834f8533b2ecb6598dd004ff3de7203a,3.8,1.0,5.0,1.0
2018-01-01,835f0f7810c76831d6c7d24c7a646d4d,3.1923076923076925,1.0,5.0,1.0
2018-01-01,83645b1645cdee8953ee54c29ceed564,4.428571428571429,3.0,5.0,1.0
2018-01-01,8378eb36b6b70c5734e83ad7b8cdc3b7,5.0,5.0,5.0,1.0
2018-01-01,83b08de96980757220871b31bf6cffca,5.0,5.0,5.0,1.0
2018-01-01,83deb69e889cf80f82be1dc6d5f2d486,4.333333333333333,2.0,5.0,1.0
2018-01-01,83e197e95a1bbabc8c75e883ed016c47,4.9411764705882355,4.0,5.0,1.0
2018-01-01,8444e55c1f13cd5c179851e5ca5ebd00,3.392156862745098,1.0,5.0,1.0
2018-01-01,84deb808079d1be601c209c1e771b1cc,5.0,5.0,5.0,1.0
2018-01-01,850f4f8af5ea87287ac68de36e29107f,4.242990654205608,1.0,5.0,0.981651376146789
2018-01-01,855668e0971d4dfd7bef1b6a4133b41b,4.03030303030303,1.0,5.0,0.9821428571428571
2018-01-01,8581055ce74af1daba164fdbd55a40de,4.292307692307692,1.0,5.0,1.0
2018-01-01,85d9eb9ddc5d00ca9336a2219c97bb13,4.25,1.0,5.0,0.993103448275862
2018-01-01,85e7c62c1d6ea078c3897424f867a7c8,5.0,5.0,5.0,1.0
2018-01-01,8602a61d680a10a82cceeeda0d99ea3d,4.8,4.0,5.0,1.0
2018-01-01,8603f0038fe0e52fedd3382d266723de,4.857142857142857,4.0,5.0,1.0
2018-01-01,863d2ebcd347ce4922de7a0f9a5581d6,3.75,1.0,5.0,1.0
2018-01-01,8648b1e89e9b349e32d3741b30ec737e,3.8,1.0,5.0,1.0
2018-01-01,86649b1632b1c0e6c0bcb2c90a8b75d8,1.0,1.0,1.0,1.0
2018-01-01,866558b3bccef2dbc6d29a2b5995016f,4.5,4.0,5.0,1.0
2018-01-01,86bb7c4b535e49a541baf3266b1c95b1,2.7142857142857144,1.0,5.0,0.875
2018-01-01,86ccac0b835037332a596a33b6949ee1,4.21875,1.0,5.0,0.9896907216494846
2018-01-01,870d0118f7a9d85960f29ad89d5d989a,4.275862068965517,1.0,5.0,1.0
2018-01-01,87142160b41353c4e5fca2360caf6f92,4.525,1.0,5.0,1.0
2018-01-01,8759e7aedd644f487315e5860962f162,3.6666666666666665,1.0,5.0,1.0
2018-01-01,87b740daf17b5d1be335a64164ec6842,3.25,1.0,4.0,1.0
2018-01-01,87d30a6a0cbf89356e49324971ab1d24,4.666666666666667,4.0,5.0,1.0
2018-01-01,883dd81e82754ac2c65e9790a7db8c9a,3.5,2.0,5.0,1.0
2018-01-01,88460e8ebdecbfecb5f9601833981930,2.933333333333333,1.0,5.0,1.0
2018-01-01,888faa8bfb0b159c37de6d898b961c31,3.625,1.0,5.0,1.0
2018-01-01,891071be6ba827b591264c90c2ae8a63,3.033333333333333,1.0,5.0,1.0
2018-01-01,8931a84a914b3fe9b1ddaa4d704947ca,4.142857142857143,1.0,5.0,1.0
2018-01-01,897060da8b9a21f655304d50fd935913,3.765151515151515,1.0,5.0,0.9850746268656716
2018-01-01,89c127985a8b130cfa45c1d36764017a,2.3333333333333335,1.0,5.0,0.75
2018-01-01,8a130737016f838139d31878787a39c9,4.75,4.0,5.0,1.0
2018-01-01,8a207b6080964f3c1fc9d35bd6096ba4,5.0,5.0,5.0,1.0
2018-01-01,8a2d12a90e92f012ce5226fc6592b653,1.0,1.0,1.0,1.0
2018-01-01,8a32e327fe2c1b3511609d81aaf9f042,4.035087719298246,1.0,5.0,0.9827586206896551
2018-01-01,8a40ae794fa3f9892cee24bd5af0488b,1.6666666666666667,1.0,3.0,1.0
2018-01-01,8ab42aa58097fd4668d60cc648225d5f,3.857142857142857,1.0,5.0,1.0
2018-01-01,8ae520247981aa06bc94abddf5f46d34,4.8,4.0,5.0,1.0
2018-01-01,8b2492b7ff4468839593fafeed55bad9,3.25,1.0,5.0,1.0
2018-01-01,8b28d096634035667e8263d57ba3368c,4.08641975308642,1.0,5.0,1.0
2018-01-01,8b321bb669392f5163d04c59e235e066,3.9872611464968153,1.0,5.0,1.0
2018-01-01,8b87cd0d43d49b9bdf40f56229364d59,2.6,1.0,5.0,1.0
2018-01-01,8b8cfc8305aa441e4239358c9f6f2485,3.6666666666666665,1.0,5.0,1.0
2018-01-01,8bb48dc19fccaa8613b6229bf7f452a2,4.238095238095238,1.0,5.0,1.0
2018-01-01,8bd0e3abda539b9479c4b44a691be1ec,2.6666666666666665,1.0,5.0,1.0
2018-01-01,8bd0f31cf0a614c658f6763bd02dea69,4.166666666666667,1.0,5.0,0.9230769230769231
2018-01-01,8c16d1f32a54d92897cc437244442e1b,4.333333333333333,1.0,5.0,0.9705882352941176
2018-01-01,8c351ed7c326c62123318f4f3246e906,5.0,5.0,5.0,1.0
2018-01-01,8c3b533c63cca56240f94f1e3a6b18ef,1.0,1.0,1.0,1.0
2018-01-01,8ca5b19e0263150d2c57afdde2b3d011,4.666666666666667,4.0,5.0,1.0
2018-01-01,8cbac7e12637ed9cffa18c7875207478,3.96,1.0,5.0,1.0
2018-01-01,8cf21434553b02cbd37c0bbd07e041b0,4.0,4.0,4.0,1.0
2018-01-01,8d46553a36e68f95350a200c12f8f2e2,3.0833333333333335,1.0,5.0,1.0
2018-01-01,8d79c8a04e42d722a75097ce5cbcf2ef,5.0,5.0,5.0,1.0
2018-01-01,8d956fec2e4337affcb520f56fd8cbfd,4.5,3.0,5.0,1.0
2018-01-01,8e2b3afb420011ef0c88c9d5f11ea526,4.0,4.0,4.0,1.0
2018-01-01,8e670472e453ba34a379331513d6aab1,1.0,1.0,1.0,1.0
2018-01-01,8e6cc767478edae941d9bd9eb778d77a,3.86,1.0,5.0,0.9803921568627451
2018-01-01,8e6d7754bc7e0f22c96d255ebda59eba,5.0,5.0,5.0,1.0
2018-01-01,8e8a7ce9f2f970dc00e2acf6f6e199f6,3.6666666666666665,2.0,5.0,1.0
2018-01-01,8ea394aed8138685abe1eb9f25e1021d,5.0,5.0,5.0,1.0
2018-01-01,8eb88b0acb3f90a717ad659221471fa7,4.0,4.0,4.0,1.0
2018-01-01,8ec76bb0965af3f007692b26fa9d6623,5.0,5.0,5.0,1.0
2018-01-01,8f0fbe2cd4d472157dc1cdef6edecaa9,3.0,1.0,5.0,1.0
2018-01-01,8f119a0aee85c0c8fc534629734e94fd,4.304347826086956,1.0,5.0,1.0
2018-01-01,8f2b51a30523cdecddc2f179f351c7d6,2.0,2.0,2.0,1.0
2018-01-01,8f2ce03f928b567e3d56181ae20ae952,4.204545454545454,1.0,5.0,1.0
2018-01-01,8f54d64f28a993550aa7943f12572959,3.75,1.0,5.0,1.0
2018-01-01,8f580d36c1e9d6fbce95283403c7d447,2.0,2.0,2.0,1.0
2018-01-01,8f78f0903005064036736c7173a5c2ed,4.5,3.0,5.0,1.0
2018-01-01,8fdca8e349553f99bc738833a62c8802,4.625,4.0,5.0,1.0
2018-01-01,8fe8786ee000001ab51d030dfd4a7bf1,5.0,5.0,5.0,1.0
2018-01-01,8ff1a9df749e454105c55cda13e79143,4.6,3.0,5.0,0.8333333333333334
2018-01-01,8ff38bc3969e67c36c48343a07090f66,2.5,1.0,4.0,1.0
2018-01-01,900ba814c251a692506d7834c1218441,4.03125,1.0,5.0,0.9696969696969697
2018-01-01,901b460cdce0c64e471230d7f2f9f3a3,3.5,2.0,5.0,1.0
2018-01-01,903037660cf848a717166eb7a06d616e,3.7142857142857144,1.0,5.0,1.0
2018-01-01,91543f9849d68d023e17194926598543,4.666666666666667,4.0,5.0,1.0
2018-01-01,916748bc99315c2d202898ae58b1617e,4.583333333333333,3.0,5.0,1.0
2018-01-01,916c9de0b5ad957346eeeb12f332687e,4.75,4.0,5.0,1.0
2018-01-01,918717417d88a9f9ae9735567e6c7682,5.0,5.0,5.0,1.0
2018-01-01,91f0eec23d4a61d7d7caeefa3f0ad1ca,4.5,4.0,5.0,1.0
2018-01-01,91f5779a8731baca4809fdeade81803f,4.5,4.0,5.0,1.0
2018-01-01,91f848e9f4be368f4318775aac733370,5.0,5.0,5.0,0.6
2018-01-01,921323538c9f1c4e816f2720eac02bea,1.0,1.0,1.0,1.0
2018-01-01,92c8bc6e8f925792247656fed09aad65,2.3333333333333335,1.0,5.0,1.0
2018-01-01,92d14edfb62ee5ae7fdff70b0f4e7233,2.5,1.0,5.0,1.0
2018-01-01,92eb0f42c21942b6552362b9b114707d,4.04,2.0,5.0,1.0
2018-01-01,93b9a99027bd8bd6af682aff18dd19bf,4.333333333333333,3.0,5.0,1.0
2018-01-01,93bef6edaa84956e8e575016449b6351,5.0,5.0,5.0,1.0
2018-01-01,93dc87703c046b603023e75222018b45,3.5714285714285716,1.0,5.0,0.875
2018-01-01,94144541854e298c2d976cb893b81343,4.555555555555555,1.0,5.0,0.9642857142857143
2018-01-01,9449f25aeaf531019b76999ea49a6949,3.75,1.0,5.0,1.0
2018-01-01,9485a23c0430ba1d58d359391606fce6,2.0,1.0,3.0,1.0
2018-01-01,94b9108d4b637ba65bb4f1e53cfcf8d8,5.0,5.0,5.0,1.0
2018-01-01,94ca168e8bcb407ab85c5da308863027,5.0,5.0,5.0,1.0
2018-01-01,94e93ce877be27a515118dbfd2c2be41,4.5,3.0,5.0,1.0
2018-01-01,9539213aa8e023c01937bef95dc006da,5.0,5.0,5.0,1.0
2018-01-01,954e95f20808d7e5d11f0de292d078e0,4.666666666666667,4.0,5.0,1.0
2018-01-01,955fee9216a65b617aa5c0531780ce60,4.154696132596685,1.0,5.0,0.9890710382513661
2018-01-01,9591fc341b1bfb7ef561e2968ec6e011,1.0,1.0,1.0,1.0
2018-01-01,9596c870880d900012f2e8e6e30d06d7,4.4,4.0,5.0,1.0
2018-01-01,95b293867b5862941c9cd74f756a3c68,4.0,4.0,4.0,1.0
2018-01-01,95e03ca3d4146e4011985981aeb959b9,4.0,1.0,5.0,0.979381443298969
2018-01-01,95f83f51203c626648c875dd41874c7f,2.125,1.0,5.0,1.0
2018-01-01,9616352088dcf83a7c06637f4ebf1c80,4.379746835443038,1.0,5.0,1.0
2018-01-01,961dff0a659b4561334372337dd897d9,1.0,1.0,1.0,1.0
2018-01-01,9646c3513289980f17226a2fc4720dbd,4.368421052631579,1.0,5.0,1.0
2018-01-01,96493fab2fbb13a14d0c0e8772eef5c3,4.105263157894737,1.0,5.0,0.95
2018-01-01,9674754b5a0cb32b638cec001178f799,4.1923076923076925,1.0,5.0,1.0
2018-01-01,96804ea39d96eb908e7c3afdb671bb9e,3.888888888888889,1.0,5.0,1.0
2018-01-01,968ee78631915a63fef426d6733d7422,4.0,4.0,4.0,1.0
2018-01-01,972d0f9cf61b499a4812cf0bfa3ad3c4,3.5789473684210527,1.0,5.0,1.0
2018-01-01,973f21788dfab357250f69a8dcb7ddee,1.0,1.0,1.0,1.0
2018-01-01,974cf2cb8f4b7add98709c30df02fe10,4.0,1.0,5.0,1.0
2018-01-01,977f9f63dd360c2a32ece2f93ad6d306,2.8333333333333335,1.0,5.0,1.0
2018-01-01,97e995629983723d11830a829bc2b246,4.0,4.0,4.0,1.0
2018-01-01,984c273121e743dd14767befe6cb17f5,1.0,1.0,1.0,1.0
2018-01-01,9853a239ab7b7ebbdc3a21248d5b8e1f,3.0,1.0,4.0,1.0
2018-01-01,989becdce12ebc39863c2bceab6f3ca1,4.6,4.0,5.0,1.0
2018-01-01,98dac6635aee4995d501a3972e047414,3.909090909090909,1.0,5.0,0.9705882352941176
2018-01-01,98e164d549402270247f3c96a1a158ef,1.0,1.0,1.0,1.0
2018-01-01,98f52e1020fe788c10c0418de4393fec,4.0,4.0,4.0,1.0
2018-01-01,99002261c568a84cce14d43fcffb43ea,4.5,4.0,5.0,1.0
2018-01-01,994f04b3718c2bab35c2adfa8afecd2a,4.25,1.0,5.0,1.0
2018-01-01,9996ae921c50e8dff411ac69c0b4bb8b,2.0,1.0,3.0,1.0
2018-01-01,99eaacc9e6046db1c82b163c5f84869f,3.9285714285714284,1.0,5.0,1.0
2018-01-01,9a84ba99f5367fdbd4598363496f1ea2,4.0,1.0,5.0,1.0
2018-01-01,9add47bf45ce8e8c7db6b9cf670b1e09,4.066666666666666,1.0,5.0,1.0
2018-01-01,9b00cad94ef3078faf6fba2e792c158f,5.0,5.0,5.0,1.0
2018-01-01,9b00ed88b7fdb95d6ff76e27c1b52d16,4.72,1.0,5.0,1.0
2018-01-01,9b013e03b2ab786505a1d3b5c0756754,3.857142857142857,1.0,5.0,0.9722222222222222
2018-01-01,9b1050e85becf3ae99c1cf4934c9bc5d,2.5,1.0,4.0,1.0
2018-01-01,9b522ba7eae9e1d04082f267144583cc,3.5,3.0,4.0,1.0
2018-01-01,9baf5cb77970f539089d09a38bcec5c3,4.75,4.0,5.0,1.0
2018-01-01,9bc484c87d79cd4874e05ca182658045,3.0,1.0,5.0,1.0
2018-01-01,9bcdfa7b615b3abb9461d9e3ad9886ae,4.0,4.0,4.0,1.0
2018-01-01,9bf11dfc0bec77e5a23028043c3c5a8f,1.0,1.0,1.0,1.0
2018-01-01,9c068d10aca38e85c50202e17b4a7e88,4.375,1.0,5.0,1.0
2018-01-01,9c0e69c7bf2619675bbadf47b43f655a,3.975,1.0,5.0,0.9876543209876543
2018-01-01,9c3c24eca51c52b91c1de727d2a2ae06,4.5,4.0,5.0,1.0
2018-01-01,9c690ceacd5c66731bf443ea810195cb,3.0,3.0,3.0,1.0
2018-01-01,9d39404483343dd55c7ae254494d8388,3.3333333333333335,1.0,5.0,1.0
2018-01-01,9d4db00d65d7760644ac0c14edb5fd86,5.0,5.0,5.0,1.0
2018-01-01,9d5604a1f112324ad6b2aa552122e0fb,2.5,1.0,4.0,1.0
2018-01-01,9d5a9018aee56acb367ba9c3f05d1d6a,4.645161290322581,2.0,5.0,1.0
2018-01-01,9d7a1d34a5052409006425275ba1c2b4,4.0,1.0,5.0,1.0
2018-01-01,9da1ca0bef29ee170e541927a5aeabdc,3.5,1.0,5.0,1.0
2018-01-01,9dd59e43f0c9f0553244e8f9c2fb247e,4.714285714285714,3.0,5.0,1.0
2018-01-01,9dda5bbacd45e18d6485fee649205d09,4.2,2.0,5.0,1.0
2018-01-01,9de4643a8dbde634fe55621059d92273,4.444444444444445,1.0,5.0,1.0
2018-01-01,9df5750209b83567ec144eb299d7d634,3.6666666666666665,1.0,5.0,1.0
2018-01-01,9e6229250fedbe05838fef417b74e7fb,5.0,5.0,5.0,1.0
2018-01-01,9e94fa26a70ede4d26226e918e8706a2,5.0,5.0,5.0,1.0
2018-01-01,9e9b539eb2806acee3f5c28085c1db9f,3.6666666666666665,1.0,5.0,1.0
2018-01-01,9ed65337433adfbedefd23dd76eaa494,4.0,4.0,4.0,1.0
2018-01-01,9ef932e837d8b7f392c0bfee9d359dc2,3.0,3.0,3.0,1.0
2018-01-01,9f505651f4a6abe901a56cdc21508025,4.2745098039215685,1.0,5.0,1.0
2018-01-01,9f56a7a649097b166d8ed286ad86a15c,1.0,1.0,1.0,1.0
2018-01-01,9fbd5666d8618fa571c4230fafa09bd6,5.0,5.0,5.0,1.0
2018-01-01,9fc70243fb26800cba56e8f014797004,4.5,4.0,5.0,1.0
2018-01-01,9fe7c6641c79970ab48185498f547c09,5.0,5.0,5.0,1.0
2018-01-01,a00824eb9093d40e589b940ec45c4eb0,5.0,5.0,5.0,1.0
2018-01-01,a0415d9b25ede3c4b1e477e9916ffc03,3.6666666666666665,1.0,5.0,1.0
2018-01-01,a066df7361163e7ddc5d7452dd17448b,4.0,2.0,5.0,1.0
2018-01-01,a08692680c77d30a0b4280da5df01c5a,5.0,5.0,5.0,1.0
2018-01-01,a09a13f18ed27932d08438aa6f12756e,3.0,3.0,3.0,1.0
2018-01-01,a1043bafd471dff536d0c462352beb48,4.175,1.0,5.0,1.0
2018-01-01,a13580f0e8f782b7a543885a0ef99f08,4.333333333333333,3.0,5.0,1.0
2018-01-01,a1474fd46fd3430168f7ec202da39408,4.857142857142857,4.0,5.0,1.0
2018-01-01,a1544b9ea0b2390e020537d4daa89049,4.0,1.0,5.0,1.0
2018-01-01,a17f621c590ea0fab3d5d883e1630ec6,4.333333333333333,1.0,5.0,0.9705882352941176
2018-01-01,a1ed30492b3b798bc121845bc4aa7366,3.0,3.0,3.0,1.0
2018-01-01,a20d8058c866dbaeca014d2cd20ac62e,5.0,5.0,5.0,1.0
2018-01-01,a23266650e7c84bb93fbbba502137478,3.8181818181818183,1.0,5.0,1.0
2018-01-01,a247197e2e9c19a6a53a6888cb8b660f,1.0,1.0,1.0,1.0
2018-01-01,a2a41aedb70551d4a85aa04dc2fced48,4.0,3.0,5.0,1.0
2018-01-01,a2e85714b56b1cb6bb24a9a6e6cad36f,1.0,1.0,1.0,1.0
2018-01-01,a2e874074c877c5a05abae80ad6e488f,3.0,1.0,5.0,1.0
2018-01-01,a2fa0bdc798ee84cdb08281337cf4fb6,5.0,5.0,5.0,1.0
2018-01-01,a3082f442524a1be452e3189e003b361,4.0,4.0,4.0,1.0
2018-01-01,a353b1083c9863d756d9404695016d64,5.0,5.0,5.0,1.0
2018-01-01,a35ef466c6fd6d052f5d241240d3c5e2,4.666666666666667,4.0,5.0,1.0
2018-01-01,a369d693961cb93b61ca2cc518872a85,3.0,1.0,5.0,1.0
2018-01-01,a36ac007a4d18f865c8d32c3b2402c2d,4.5,4.0,5.0,1.0
2018-01-01,a36b125ac6d5fdbc7f50de85c9157bdc,4.714285714285714,4.0,5.0,1.0
2018-01-01,a37c340b91cb0169e8b029db6440fba2,4.75,4.0,5.0,1.0
2018-01-01,a3a38f4affed601eb87a97788c949667,4.3977272727272725,1.0,5.0,1.0
2018-01-01,a3b0df0065e264a91b7bbf5f844af5cd,5.0,5.0,5.0,1.0
2018-01-01,a3dd39f583bc80bd8c5901c95878921e,4.580645161290323,1.0,5.0,1.0
2018-01-01,a3e9a2c700480d9bb01fba070ba80a0e,4.090909090909091,1.0,5.0,0.9777777777777777
2018-01-01,a3f0b55de503387383c7b1de3ad7f678,4.5,4.0,5.0,1.0
2018-01-01,a416b6a846a11724393025641d4edd5e,4.555555555555555,1.0,5.0,1.0
2018-01-01,a420f60ff1aa9acc80d0e42959f2b313,4.583333333333333,4.0,5.0,1.0
2018-01-01,a425f92c199eb576938df686728acd20,3.857142857142857,1.0,5.0,1.0
2018-01-01,a435b009cd956ea60748b5cfbddf2e24,3.0,3.0,3.0,1.0
2018-01-01,a44fb5a447105f8469bdf16bf9159f25,3.3333333333333335,1.0,5.0,1.0
2018-01-01,a49928bcdf77c55c6d6e05e09a9b4ca5,3.1666666666666665,1.0,5.0,1.0
2018-01-01,a4b6b9b992b46e9ef863637af96e04bc,4.0,4.0,4.0,1.0
2018-01-01,a513150f33f99a06569e9cd5c4bb889b,4.333333333333333,4.0,5.0,1.0
2018-01-01,a5259c149128e82c9d6d46e0c1c812bb,4.2,2.0,5.0,1.0
2018-01-01,a5bff0f43eb51f0cad7c37fac7244c8a,4.0,4.0,4.0,1.0
2018-01-01,a5cba26a62b8b4d0145b68b841e62e7f,4.625,3.0,5.0,1.0
2018-01-01,a5dd1946fb63ada8bcaa0c9cd8f11e22,3.0,1.0,5.0,1.0
2018-01-01,a673821011d0cec28146ea42f5ab767f,4.046511627906977,1.0,5.0,0.9772727272727273
2018-01-01,a67780aba9dd436e7ac0aa1f889e73ec,3.0,1.0,5.0,1.0
2018-01-01,a6bd7d1ccdac48c6b33b28596b7eb122,2.142857142857143,1.0,5.0,0.875
2018-01-01,a6fe7de3d16f6149ffe280349a8535a0,4.136363636363637,1.0,5.0,1.0
2018-01-01,a70e9066dbfd10b6b97a3f54a1356762,5.0,5.0,5.0,1.0
2018-01-01,a81466620e46a6970b22ef40379fdfc9,5.0,5.0,5.0,1.0
2018-01-01,a888faf2d1baececa6baf9c3d603ee1f,3.8333333333333335,1.0,5.0,1.0
2018-01-01,a89e143d5211473ae18db9577ee34b64,1.0,1.0,1.0,1.0
2018-01-01,a938325a4b357fd23a6a4d5bb126408e,4.2,1.0,5.0,1.0
2018-01-01,a99504ac23ed125aaf5302af6cc30af9,5.0,5.0,5.0,1.0
2018-01-01,a9ae440659f48b7849df83e82734150b,5.0,5.0,5.0,1.0
2018-01-01,a9b533a26e898b12e8b8d4c07279bf4d,5.0,5.0,5.0,1.0
2018-01-01,aa17b35ce4de7b565be3249ba838944f,4.5,4.0,5.0,1.0
2018-01-01,aa1eb17b9fdf6dfd546e25c45c7b9235,5.0,5.0,5.0,1.0
2018-01-01,aac29b1b99776be73c3049939652091d,4.344827586206897,1.0,5.0,0.9666666666666667
2018-01-01,aadfe0417e61315688b6bd7043361e25,4.0,4.0,4.0,1.0
2018-01-01,aae3bfea055532c57fb453ed3ec80b30,3.55,1.0,5.0,0.9523809523809523
2018-01-01,aae5953b9edddf14749c0d65d60eb4b9,5.0,5.0,5.0,1.0
2018-01-01,aaed1309374718fdd995ee4c58c9dfcd,3.9423076923076925,1.0,5.0,1.0
2018-01-01,aafe36600ce604f205b86b5084d3d767,4.571428571428571,1.0,5.0,1.0
2018-01-01,ab27bbbad5239bc31a34709275a70db4,5.0,5.0,5.0,1.0
2018-01-01,ab3e0c171fe84a7ba7de130f19cfb485,5.0,5.0,5.0,1.0
2018-01-01,ab75b89cc49c9ab3160d0c91565a442a,1.5,1.0,2.0,1.0
2018-01-01,aba1721a889e04decc910aa13b768ef4,4.545454545454546,2.0,5.0,1.0
2018-01-01,abc015ebac1d283a323ca9db35ede4b9,4.0,1.0,5.0,1.0
2018-01-01,abcd2cb37d46c2c8fb1bf071c859fc5b,4.428571428571429,3.0,5.0,1.0
2018-01-01,abe42c5d03695b4257b5c6cbf4e6784e,4.0,1.0,5.0,1.0
2018-01-01,ac3508719a1d8f5b7614b798f70af136,4.709677419354839,2.0,5.0,0.9841269841269841
2018-01-01,ac6417315ae5da8f9a38ee11de6f7780,5.0,5.0,5.0,1.0
2018-01-01,acadd4d36859671cb635527c6c977533,5.0,5.0,5.0,1.0
2018-01-01,aced59e9b31ef866a94f9e7f29d8d418,4.178571428571429,1.0,5.0,1.0
2018-01-01,acf974e4d5950ad143a247471b831eb9,4.0,4.0,4.0,1.0
2018-01-01,ad273c9eb54ecb4532de4bf75bae9e4e,3.0,1.0,5.0,1.0
2018-01-01,ad420dd0c4f92f8af951ac24b86d0cf5,4.266666666666667,1.0,5.0,1.0
2018-01-01,ad781527c93d00d89a11eecd9dcad7c1,3.037037037037037,1.0,5.0,1.0
2018-01-01,ad8b531ae67582f096925cff5630d0d1,4.0,4.0,4.0,1.0
2018-01-01,ad97a199236354e53fcd91a5a913e9a2,4.833333333333333,4.0,5.0,1.0
2018-01-01,adbc26658d6c7b4b6219f9d934598091,3.975,1.0,5.0,1.0
2018-01-01,adbe70ab2c97442046d393988c8d1d27,5.0,5.0,5.0,0.8
2018-01-01,ae45ad30c2d2e5913094769690a239d2,5.0,5.0,5.0,1.0
2018-01-01,af4a0e4cfe1d9c26b6712b1be25a72e5,3.7,1.0,5.0,1.0
2018-01-01,afa6714acee029b2dfdf357e5579cc03,4.0,1.0,5.0,1.0
2018-01-01,afe0067131b73e40875c9b6c10bd2e21,4.586206896551724,1.0,5.0,0.9666666666666667
2018-01-01,b026643914f651e8371425e5b8a1e780,5.0,5.0,5.0,1.0
2018-01-01,b05b432bf68945d4d9783f9e3ca29ee8,4.5,4.0,5.0,1.0
2018-01-01,b080809eaacb49e5ca07290981472431,5.0,5.0,5.0,1.0
2018-01-01,b0b346d3a89f5eb4c2968af3f083cd43,2.75,1.0,5.0,1.0
2018-01-01,b1204cfda1d4948679db3cfc0d3cb95c,1.0,1.0,1.0,1.0
2018-01-01,b12cfd255810394b60caef18ae163547,4.5,4.0,5.0,1.0
2018-01-01,b14db04aa7881970e83ffa9426897925,3.5,1.0,5.0,1.0
2018-01-01,b17b679f4f5ce2e03ce6968c62648246,4.1,1.0,5.0,1.0
2018-01-01,b18dc380845b24038cfc48006478f099,3.0,1.0,5.0,1.0
2018-01-01,b19f3ca2ea475913750f25a5c37c8d8f,1.0,1.0,1.0,1.0
2018-01-01,b1ac6ea7895bc3dd6f0f6f4abbdd2821,4.608695652173913,1.0,5.0,1.0
2018-01-01,b1b3948701c5c72445495bd161b83a4c,1.5714285714285714,1.0,5.0,1.0
2018-01-01,b1fc4f64df5a0e8b6913ab38803c57a9,3.9285714285714284,1.0,5.0,0.9767441860465116
2018-01-01,b2a6d334e2833acea353624840e25a0e,4.384615384615385,1.0,5.0,1.0
2018-01-01,b2ac621f0d0322434d04a12b078b9369,4.7,3.0,5.0,1.0
2018-01-01,b2ba3715d723d245138f291a6fe42594,4.138211382113822,1.0,5.0,0.9919354838709677
2018-01-01,b2bdc5e7940a7d7ca8c4a37953b27a42,4.5,4.0,5.0,1.0
2018-01-01,b2eecf5ea250510da76590ca79d60e5d,5.0,5.0,5.0,1.0
2018-01-01,b2f4d63c7203f539a78252565ca32257,5.0,5.0,5.0,1.0
2018-01-01,b32be1695eb7ec5f10f72d9610a12527,3.5555555555555554,1.0,5.0,1.0
2018-01-01,b335c59ab742f751a85db9c411a86739,3.84,1.0,5.0,1.0
2018-01-01,b33e7c55446eabf8fe1a42d037ac7d6d,4.170731707317073,1.0,5.0,1.0
2018-01-01,b347677812ea483b0f528eaf8cbc09b7,4.5,4.0,5.0,1.0
2018-01-01,b372ee768ed69e46ca8cdbd267aa7a38,4.3076923076923075,1.0,5.0,1.0
2018-01-01,b37c4c02bda3161a7546a4e6d222d5b2,1.0,1.0,1.0,1.0
2018-01-01,b39d7fe263ef469605dbb32608aee0af,3.6666666666666665,3.0,5.0,1.0
2018-01-01,b3f19518fcec265b2e97af287725f981,4.5,3.0,5.0,1.0
2018-01-01,b416191c9813d821a295cfabafff4161,2.5,1.0,4.0,1.0
2018-01-01,b45d7ebfb7378630f1bcd74b6ff86ff7,3.5,1.0,5.0,1.0
2018-01-01,b499c00f28f4b7069ff6550af8c1348a,4.095238095238095,1.0,5.0,1.0
2018-01-01,b4a476fbd28de64b1e347abf9089366a,4.428571428571429,3.0,5.0,0.875
2018-01-01,b4ffb71f0cb1b1c3d63fad021ecf93e1,4.181818181818182,1.0,5.0,1.0
2018-01-01,b55638ad525e906c698fa2ce742c1742,4.666666666666667,4.0,5.0,1.0
2018-01-01,b56828a9f9027f3c918c04ca720d9e3c,3.0,3.0,3.0,1.0
2018-01-01,b56906f7fd1696e043f1bcce164c487b,4.7,3.0,5.0,1.0
2018-01-01,b5abf4f36adc043117b4fca82c22984c,2.0,1.0,4.0,1.0
2018-01-01,b5e3e38609125694d2ea2417522a60b7,4.3,2.0,5.0,1.0
2018-01-01,b6d44737c043328708f6749c2dbe50bd,4.4,1.0,5.0,1.0
2018-01-01,b6dc74ed30f124f95227bed4e43a3bed,4.75,4.0,5.0,1.0
2018-01-01,b6e1504972665f739dec4facb9943775,4.625,2.0,5.0,1.0
2018-01-01,b76a1f8356322f12529c37b67d5c96c2,5.0,5.0,5.0,1.0
2018-01-01,b76dba6c951ab00dc4edf0a1aa88037e,4.366666666666666,1.0,5.0,1.0
2018-01-01,b7cc6c5e001441ae8cdd5c69a480cbe4,4.5,4.0,5.0,1.0
2018-01-01,b7d5b4b87af9d42b601865d3f3810bff,1.0,1.0,1.0,1.0
2018-01-01,b7ed9fb14c8eadb37adb9c45d67ab0fb,3.0,1.0,5.0,1.0
2018-01-01,b83cedfb587e7911540e3f576d6917ce,4.105263157894737,1.0,5.0,1.0
2018-01-01,b8555308bfdb4ca1ed54325a58da9a97,4.0,3.0,5.0,1.0
2018-01-01,b8630e1121437d41cb08e3c749c2c2e2,5.0,5.0,5.0,1.0
2018-01-01,b88e7c57cb2d8b973b7dd4a2bfa14b36,4.333333333333333,3.0,5.0,1.0
2018-01-01,b8bc237ba3788b23da09c0f1f3a3288c,4.615384615384615,4.0,5.0,0.9285714285714286
2018-01-01,b8d890108a7a80e4f5d59eea9f362438,3.5,3.0,4.0,1.0
2018-01-01,b90e891671cffd9557f33a97dc523645,4.333333333333333,3.0,5.0,1.0
2018-01-01,b92e3c8f9738272ff7c59e111e108d7c,4.75,1.0,5.0,1.0
2018-01-01,b94cc9f10ddc85e4ba73a6f7974e7101,4.380952380952381,1.0,5.0,0.9130434782608695
2018-01-01,b9a03475e6447e631b6799ec8274800f,4.6,4.0,5.0,1.0
2018-01-01,b9c0ffa92f3ff9a5a3d45ef7213c0842,5.0,5.0,5.0,1.0
2018-01-01,bab0a8cd684e41ba6e2637dca0979d3b,5.0,5.0,5.0,1.0
2018-01-01,bacb1f0ed56ad24198f5810d2b3fe9a5,4.095238095238095,1.0,5.0,0.9130434782608695
2018-01-01,baeda7047354773262ba2405f97038ba,5.0,5.0,5.0,1.0
2018-01-01,bafc5aa11e413978be29040f51342e70,4.4,2.0,5.0,1.0
2018-01-01,bb135baca94c82fcb731335ad5b04a03,3.8,1.0,5.0,1.0
2018-01-01,bb5bd94c8f59cc050072d2930c869cac,4.0,1.0,5.0,1.0
2018-01-01,bb7a14e229b1c95156719c3d9552eeee,5.0,5.0,5.0,1.0
2018-01-01,bba3293d6f5d5af2f415e004e8b93ae3,4.75,4.0,5.0,1.0
2018-01-01,bba74270a87732727b5a3b4fd9ac1c39,3.9444444444444446,1.0,5.0,1.0
2018-01-01,bbad7e518d7af88a0897397ffdca1979,3.5217391304347827,1.0,5.0,0.9583333333333334
2018-01-01,bbaff50f3b708fda865918715276cd87,4.8,4.0,5.0,1.0
2018-01-01,bbf9ad41dca6603e614efcdad7aab8c4,5.0,5.0,5.0,1.0
2018-01-01,bc2ac6b95e1accce9858528ee566c17e,5.0,5.0,5.0,1.0
2018-01-01,bc302730ea8cf49b5c74f579febb5bbf,3.0,2.0,4.0,1.0
2018-01-01,bc503e244f187939d10c92a5c8e378ce,3.0,1.0,5.0,1.0
2018-01-01,bccf933e006e9b94a6184af782963e77,4.434782608695652,1.0,5.0,1.0
2018-01-01,bcf5566870987da7bc811fbc8c5b9fd9,1.0,1.0,1.0,1.0
2018-01-01,bd0389da23d89b726abf911cccc54596,4.521739130434782,3.0,5.0,1.0
2018-01-01,bd149ed516d4c5d418d5781f8e18919f,4.75,4.0,5.0,1.0
2018-01-01,bd1d49a326abfa9b1036772e40445430,4.0,3.0,5.0,1.0
2018-01-01,bd23da7354813347129d751591d1a6e2,4.048387096774194,1.0,5.0,0.9841269841269841
2018-01-01,bd4889b5e9133b35b66e42a8665cea5c,4.666666666666667,3.0,5.0,1.0
2018-01-01,bd65d163ded559eb90a10cd09fec178f,4.0,4.0,4.0,1.0
2018-01-01,bd697db56ff8e7c9cd1abeb7f72029b2,3.5,1.0,5.0,1.0
2018-01-01,bdb3edbaee43a761e2d4f258dc08f348,3.8,1.0,5.0,1.0
2018-01-01,be1e9e378700cecaa4ebf71433d7915c,5.0,5.0,5.0,1.0
2018-01-01,be8e909810184b9b19e886129149d8e5,4.166666666666667,3.0,5.0,1.0
2018-01-01,be9a160a9011f627c3e121d076c1ec7b,3.4,1.0,5.0,1.0
2018-01-01,bede56095ba33c42038fb85f707b8a42,4.5,4.0,5.0,1.0
2018-01-01,bf100ecb7997df312b285358fb32f92c,4.166666666666667,3.0,5.0,0.75
2018-01-01,bf3c6d2a28b2b5501e6c15448982dcc9,4.7,3.0,5.0,1.0
2018-01-01,bfd27a966d91cfaafdb25d076585f0da,4.325581395348837,1.0,5.0,0.9555555555555556
2018-01-01,c003204e1ab016dfa150abc119207b24,4.260869565217392,1.0,5.0,0.9583333333333334
2018-01-01,c0098efcf800861dcae589affca31408,4.0,4.0,4.0,1.0
2018-01-01,c03121937e54a93fcc1825c3098bbb6e,5.0,5.0,5.0,1.0
2018-01-01,c04d70d515d15a7e3db3a73320598566,5.0,5.0,5.0,1.0
2018-01-01,c0563dd588b775f2e37747ef6ad6c92c,4.2,1.0,5.0,1.0
2018-01-01,c0e6839516f5398edc34adf5f1d53d1a,1.5,1.0,2.0,1.0
2018-01-01,c0f783394e37cd9c9d7f5f81141450fa,3.6,1.0,5.0,0.8333333333333334
2018-01-01,c113b8df1fc375bc3d73d29c1b1144d1,4.5,4.0,5.0,1.0
2018-01-01,c157bdeedcbc9a8e3c8bf0d87ff24428,4.0,4.0,4.0,1.0
2018-01-01,c161d1327ebc3a156c09582ab2f59f6c,4.0,3.0,5.0,1.0
2018-01-01,c18309219e789960add0b2255ca4b091,5.0,5.0,5.0,1.0
2018-01-01,c1d1ebb4745cc43cb6f05e9c8a705c9a,5.0,5.0,5.0,1.0
2018-01-01,c1ed9e3daf6154542826a6996af0fb8c,4.142857142857143,1.0,5.0,1.0
2018-01-01,c24173065483e421f9e5e7f599de101d,3.5555555555555554,1.0,5.0,1.0
2018-01-01,c26a2be5b53b7db6b276280da212a779,4.75,4.0,5.0,1.0
2018-01-01,c26ba52cf8d2f34915f2f6b7ffa0a3f3,5.0,5.0,5.0,1.0
2018-01-01,c273175f7c6c80fb02f051e2fc6d0d72,4.0,4.0,4.0,1.0
2018-01-01,c286ec035ee04ba81c97508f0b5df544,1.0,1.0,1.0,1.0
2018-01-01,c2bda99904207edd1834f03e0022b007,2.5,1.0,4.0,1.0
2018-01-01,c2d70ce2c5d0a2eb75e78668236e6dc8,4.0,3.0,5.0,1.0
2018-01-01,c31eff8334d6b3047ed34bebd4d62c36,4.0,4.0,4.0,1.0
2018-01-01,c35672b10ad50968f567ea3f4b91e877,5.0,5.0,5.0,1.0
2018-01-01,c35affa65afd250151285c5917fc1c8a,4.5,4.0,5.0,1.0
2018-01-01,c37b2059d4f90d4feead554e5246565e,3.0,1.0,5.0,1.0
2018-01-01,c3867b4666c7d76867627c2f7fb22e21,4.398305084745763,1.0,5.0,1.0
2018-01-01,c3cfdc648177fdbbbb35635a37472c53,4.49,1.0,5.0,1.0
2018-01-01,c3ee2331a724e6fc02c4b698b57a73f3,3.0,3.0,3.0,1.0
2018-01-01,c3fe93ba3085f92855c97e57f38c8c05,5.0,5.0,5.0,1.0
2018-01-01,c4b911d06343b21dd906651f8101cb49,1.0,1.0,1.0,1.0
2018-01-01,c4fb51fb1c5b7c07bc5e67be6e7e8f6e,3.7,1.0,5.0,1.0
2018-01-01,c500367424994318b9e779ff1ae9a330,3.7777777777777777,1.0,5.0,1.0
2018-01-01,c53bcd3be457a342a97e39e5a9f0be22,1.0,1.0,1.0,1.0
2018-01-01,c6381d2d013342748761e906d45aff76,4.0,1.0,5.0,1.0
2018-01-01,c64a2aec32cc408a8a4c6d7c46017f91,3.4,1.0,5.0,1.0
2018-01-01,c68fb906c8f4b4b946d8386bfa6e5467,4.277777777777778,1.0,5.0,0.9473684210526315
2018-01-01,c6a7539d424a8402232c2228d7a03c5e,1.75,1.0,4.0,1.0
2018-01-01,c6bda72e4dbf5c5866b13cb1810c6d03,4.333333333333333,1.0,5.0,1.0
2018-01-01,c731d18cea9bf687ffee82a241c25b11,4.6,1.0,5.0,0.9090909090909091
2018-01-01,c747d5b92c7648417faea95d36d763e8,5.0,5.0,5.0,1.0
2018-01-01,c76d418370990614e89e956c7a7567d9,3.5,3.0,4.0,1.0
2018-01-01,c79151301b9d90985d1fa52879213105,4.666666666666667,4.0,5.0,1.0
2018-01-01,c794dab4928dd97beb41d05514441e86,4.0,4.0,4.0,1.0
2018-01-01,c7a0a13cbcf29d5ce51c8f80afdc0b89,3.0,2.0,4.0,1.0
2018-01-01,c7c7b2682c648339a0e9846bb1023a39,4.5,4.0,5.0,1.0
2018-01-01,c8143b3069f6746a77421b5ce30a450c,5.0,5.0,5.0,1.0
2018-01-01,c826c40d7b19f62a09e2d7c5e7295ee2,3.9565217391304346,1.0,5.0,1.0
2018-01-01,c840d3fdbba0790404fdae73d253b253,2.0,1.0,3.0,1.0
2018-01-01,c8417879a15366a17c30af34c798c332,4.6923076923076925,3.0,5.0,0.9285714285714286
2018-01-01,c8467937e403e76a8ee9f0ab13f6f5ef,4.142857142857143,1.0,5.0,1.0
2018-01-01,c847e075301870dd144a116762eaff9a,4.636363636363637,1.0,5.0,1.0
2018-01-01,c864036feaab8c1659f65ea4faebe1da,4.346153846153846,1.0,5.0,1.0
2018-01-01,c878515173c84a492ebe50d6b493230b,5.0,5.0,5.0,1.0
2018-01-01,c87abc38c8ed3240861729e1aeadf221,1.0,1.0,1.0,1.0
2018-01-01,c89cf7c468a48af70aada384e722f9e2,3.6666666666666665,1.0,5.0,0.9
2018-01-01,c8b0e2b0a7095e5d8219575d5e7e1181,4.0,1.0,5.0,0.9565217391304348
2018-01-01,c8b3445d737de6befde0c88ede534a5e,4.5,1.0,5.0,1.0
2018-01-01,c990d6cf976a5718aaedc539f383ab88,4.75,4.0,5.0,1.0
2018-01-01,c9c7905cffc4ef9ff9f113554423e671,4.181818181818182,1.0,5.0,1.0
2018-01-01,c9e5ad1f6647f5dbd1172adf6ae3cada,5.0,5.0,5.0,1.0
2018-01-01,ca3bd7cd9f149df75950150d010fe4a2,4.052631578947368,1.0,5.0,1.0
2018-01-01,cab85505710c7cb9b720bceb52b01cee,4.327586206896552,1.0,5.0,1.0
2018-01-01,cac4c8e7b1ca6252d8f20b2fc1a2e4af,3.6315789473684212,1.0,5.0,1.0
2018-01-01,cac4e0bc1a3269fa2b6ea5e763f6115b,5.0,5.0,5.0,1.0
2018-01-01,cac63f48c38cd7d002a7e846dcd99a23,5.0,5.0,5.0,1.0
2018-01-01,cb162c8eef257253782d245c08d9097c,5.0,5.0,5.0,1.0
2018-01-01,cb3dd9ce66268c7a3ca7241ac70ab58c,4.407407407407407,1.0,5.0,1.0
2018-01-01,cb41bfbcbda0aea354a834ab222f9a59,3.8333333333333335,2.0,5.0,1.0
2018-01-01,cb4a705d00e100b9732d0ca34817d441,1.0,1.0,1.0,1.0
2018-01-01,cb8bcce248bb1fb274ba762d8b971456,4.064516129032258,1.0,5.0,1.0
2018-01-01,cb9fb4ca75d7ba8437480e8dde64fe98,4.285714285714286,2.0,5.0,1.0
2018-01-01,cbd996ad3c1b7dc71fd0e5f5df9087e2,4.5675675675675675,1.0,5.0,0.9024390243902439
2018-01-01,cc3d14116804f7209f3884f6367f1152,4.555555555555555,4.0,5.0,1.0
2018-01-01,cc419e0650a3c5ba77189a1882b7556a,4.100946372239748,1.0,5.0,0.9968553459119497
2018-01-01,cc80e2f693fa6e2408f47ccf62413fc1,4.0,4.0,4.0,1.0
2018-01-01,cca3071e3e9bb7d12640c9fbe2301306,3.794642857142857,1.0,5.0,0.9795918367346939
2018-01-01,ccada0ef508e698917a6eab263375905,3.6666666666666665,2.0,5.0,1.0
2018-01-01,ccb83a794700270fde70898fe9ff368b,3.75,1.0,5.0,1.0
2018-01-01,ccc4bbb5f32a6ab2b7066a4130f114e3,4.372549019607843,1.0,5.0,1.0
2018-01-01,cce6ab8d1682639fe45ab70234f1665f,4.462962962962963,1.0,5.0,1.0
2018-01-01,ccf8813e5a7d6c84d865cd38bfc2b130,4.8,4.0,5.0,1.0
2018-01-01,cd06602b43d8800bd0afad514919d35c,3.6666666666666665,1.0,5.0,1.0
2018-01-01,cd52a8efd71af3336b14b5039b951cc1,2.3333333333333335,1.0,3.0,1.0
2018-01-01,cd68562d3f44870c08922d380acae552,4.048192771084337,1.0,5.0,0.9880952380952381
2018-01-01,cd6efc47efaabf134f8bdb654e10b4f1,4.5,4.0,5.0,1.0
2018-01-01,cd843d4cf8ef32827de0396605163ba3,3.75,3.0,4.0,1.0
2018-01-01,ce248b21cb2adc36282ede306b7660e5,3.875,1.0,5.0,1.0
2018-01-01,ce27a3cc3c8cc1ea79d11e561e9bebb6,4.013888888888889,1.0,5.0,0.9473684210526315
2018-01-01,ce7d1888639e6fb06b2749cbfdac1ff7,4.571428571428571,1.0,5.0,1.0
2018-01-01,ceb7b4fb9401cd378de7886317ad1b47,3.0,3.0,3.0,1.0
2018-01-01,cee48807215b30a12ca2ca10ffb5f250,3.923076923076923,1.0,5.0,1.0
2018-01-01,cf2384dd2f1dddea3f838efed0945e65,3.9,1.0,5.0,1.0
2018-01-01,cf8ab1616079e2793aa29d524df01bb1,3.0,1.0,5.0,1.0
2018-01-01,cfa5ab0e4d3fc212fd0b3410e7081c62,3.0,3.0,3.0,1.0
2018-01-01,cfb1a033743668a192316f3c6d1d2671,3.803030303030303,1.0,5.0,0.9850746268656716
2018-01-01,d03698c2efd04a549382afa6623e27fb,4.75,4.0,5.0,1.0
2018-01-01,d05ae8f7a5bd1d2a690a44cd079e4e27,4.071428571428571,1.0,5.0,1.0
2018-01-01,d12c926d74ceff0a90a21184466ce161,4.212121212121212,1.0,5.0,1.0
2018-01-01,d1582f4043306e6b91afa6a8a884f898,3.0,1.0,5.0,1.0
2018-01-01,d1a5cc844736958c11b8efab9a2b4c87,1.0,1.0,1.0,1.0
2018-01-01,d1b65fc7debc3361ea86b5f14c68d2e2,4.523809523809524,1.0,5.0,1.0
2018-01-01,d1b9d4be4b6f9ebd85f8acd6745ba612,2.5,1.0,4.0,1.0
2018-01-01,d1c281d3ae149232351cd8c8cc885f0d,3.792207792207792,1.0,5.0,0.9871794871794872
2018-01-01,d20b021d3efdf267a402c402a48ea64b,3.1470588235294117,1.0,5.0,0.9714285714285714
2018-01-01,d23019c84ffae2d5ef2270367b8605fc,4.2,2.0,5.0,1.0
2018-01-01,d2374cbcbb3ca4ab1086534108cc3ab7,3.8715083798882683,1.0,5.0,0.988950276243094
2018-01-01,d2e753bb80b7d4faa77483ed00edc8ca,3.75,3.0,4.0,1.0
2018-01-01,d2f3e277560ed4c6361284429b00f037,4.714285714285714,4.0,5.0,1.0
2018-01-01,d32e3909cfb714fb2a6cb092c85b9c5f,4.333333333333333,3.0,5.0,1.0
2018-01-01,d354c38a7182125a748cb10474fe963b,4.363636363636363,3.0,5.0,1.0
2018-01-01,d3674f271c91f824f82d24d92011f669,4.222222222222222,1.0,5.0,1.0
2018-01-01,d379f449f2a3b271bc01c0782020f705,4.833333333333333,4.0,5.0,1.0
2018-01-01,d3f39f05462b79a4562d35893a28f159,3.857142857142857,1.0,5.0,1.0
2018-01-01,d4a5e99e0dd915df64ba55a7fbd583fd,3.0,1.0,5.0,1.0
2018-01-01,d4e12e7884759a14fa0f5f896c791cae,4.714285714285714,4.0,5.0,1.0
2018-01-01,d4e4b5192cba4e0e66eb12a9d347239d,4.25,1.0,5.0,1.0
2018-01-01,d4f117125b59ce73c3302f88ee40c458,5.0,5.0,5.0,1.0
2018-01-01,d50d79cb34e38265a8649c383dcffd48,4.384615384615385,1.0,5.0,1.0
2018-01-01,d51e0a403fe2e689ece6c73359d96e12,4.0,1.0,5.0,1.0
2018-01-01,d57e18d5f73c7ccb7f7339b61166898d,3.9285714285714284,1.0,5.0,1.0
2018-01-01,d58d521f3789def2e7a22715e0badd93,3.0,3.0,3.0,1.0
2018-01-01,d5ba419e26d246a0719437cf37d9b46d,5.0,5.0,5.0,1.0
2018-01-01,d5c530f4884a75ae0dba9c148718d278,3.5,1.0,5.0,1.0
2018-01-01,d624126b9206f595fb3fbb6ba03b28a8,4.6,3.0,5.0,1.0
2018-01-01,d63c73efd41eb002280e7ec831424edb,3.0,3.0,3.0,1.0
2018-01-01,d650b663c3b5f6fb392b6326366efa9a,5.0,5.0,5.0,1.0
2018-01-01,d673a59aac7a70d8b01e6902bf090a11,4.230769230769231,3.0,5.0,1.0
2018-01-01,d6b664fa0667064c6d76394e7848d790,5.0,5.0,5.0,1.0
2018-01-01,d71d863e5ef30d94e440c11be17dcd8f,3.6666666666666665,1.0,5.0,1.0
2018-01-01,d73cbd89533ce8b041a9190241453ac8,3.0,1.0,5.0,1.0
2018-01-01,d7b2377bae6ace1b11fc69a11900ac36,3.25,1.0,5.0,1.0
2018-01-01,d8dd176509baa37f359644d082bf7f7b,1.5,1.0,2.0,1.0
2018-01-01,d91fb3b7d041e83b64a00a3edfb37e4f,3.935483870967742,1.0,5.0,0.9893617021276596
2018-01-01,d93844a9c55ba7ce353388bcf849ea56,4.4,3.0,5.0,1.0
2018-01-01,d93919c944be9cff128f6c9cb899eacb,4.4,3.0,5.0,1.0
2018-01-01,d93b8458c6fe139d85cfa5eadbf55bd2,5.0,5.0,5.0,1.0
2018-01-01,d9442042130b7fe579d1295f9f4a248f,3.875,1.0,5.0,1.0
2018-01-01,d94a40fd42351c259927028d163af842,3.9743589743589745,1.0,5.0,0.975
2018-01-01,d94ba08b99bedd6a5f6c875ecc4a6fac,4.666666666666667,3.0,5.0,1.0
2018-01-01,d97df38225e5abadaff1e72cb72b823c,3.2857142857142856,1.0,5.0,1.0
2018-01-01,d98eec89afa3380e14463da2aabaea72,4.5479452054794525,1.0,5.0,1.0
2018-01-01,d9e8c084b68fe958861d8f2c21202e6b,3.0,1.0,5.0,1.0
2018-01-01,da03c298e3999e9d828591fc2179d109,5.0,5.0,5.0,1.0
2018-01-01,da20530872245d6cd9d2f5725613c430,4.5,4.0,5.0,1.0
2018-01-01,da2782c804606d2a5d8e1760dbb3e7ec,1.0,1.0,1.0,1.0
2018-01-01,da8622b14eb17ae2831f4ac5b9dab84a,4.0503597122302155,1.0,5.0,0.9976076555023924
2018-01-01,dadc51ef321949ec9a3ab25cd902e23d,1.0,1.0,1.0,1.0
2018-01-01,daeb5653dd96c1b11860f72209795012,3.857142857142857,1.0,5.0,1.0
2018-01-01,db4350fd57ae30082dec7acbaacc17f9,4.283333333333333,1.0,5.0,0.9836065573770492
2018-01-01,db46ca7bce82b11f7e247539271fc390,1.0,1.0,1.0,1.0
2018-01-01,dbb9b48c841a0e39e21f98e1a6b2ec3e,4.25,1.0,5.0,1.0
2018-01-01,dbbcfe2c8d026742134ac3e28ccde274,5.0,5.0,5.0,1.0
2018-01-01,dbc22125167c298ef99da25668e1011f,4.310679611650485,1.0,5.0,1.0
2018-01-01,dbd66278cbfe1aa1000f90a217ca4695,4.523809523809524,1.0,5.0,1.0
2018-01-01,dc317f341ab0e22f39acbd9dbf9b4a1f,4.386363636363637,1.0,5.0,1.0
2018-01-01,dc4a0fc896dc34b0d5bfec8438291c80,3.7401574803149606,1.0,5.0,1.0
2018-01-01,dc8798cbf453b7e0f98745e396cc5616,2.909090909090909,1.0,5.0,1.0
2018-01-01,dd2bdf855a9172734fbc3744021ae9b9,3.6491228070175437,1.0,5.0,0.9344262295081968
2018-01-01,dd533b429f380718b70ad9922c294bae,3.6818181818181817,1.0,5.0,1.0
2018-01-01,dd55f1bb788714a40e7954c3be6df745,3.6875,1.0,5.0,1.0
2018-01-01,dd7ddc04e1b6c2c614352b383efe2d36,3.7916666666666665,1.0,5.0,1.0
2018-01-01,dd8a29ce82d5c705ba932d81494600a5,3.0,3.0,3.0,1.0
2018-01-01,dd9661d3cda1e6feb237f0c4d8b26f2e,5.0,5.0,5.0,1.0
2018-01-01,de09d00cfc265b8804c7df34075a68fa,4.0,4.0,4.0,1.0
2018-01-01,de23c3b98a88888289c6f5cc1209054a,4.329896907216495,1.0,5.0,1.0
2018-01-01,dee656f0f566ed1aa85bd137c943f08f,4.382352941176471,1.0,5.0,0.9714285714285714
2018-01-01,df0f42bc4c2142eacf0eaf2cffd0cfbb,5.0,5.0,5.0,1.0
2018-01-01,df560393f3a51e74553ab94004ba5c87,4.142857142857143,1.0,5.0,1.0
2018-01-01,df56d7b40d437f88407c5f78b63bc328,3.642857142857143,1.0,5.0,1.0
2018-01-01,dfc5fb7259bb2b599ca565e6e9448f0f,3.6363636363636362,1.0,5.0,1.0
2018-01-01,dff87e4de60c9736ce8df835951b09bc,2.5,1.0,4.0,1.0
2018-01-01,e00d85ce20ea50c1224c66ca5050527d,4.0,4.0,4.0,1.0
2018-01-01,e067ad2c1c0b48758eb1b5228bcf7a68,3.7,1.0,5.0,1.0
2018-01-01,e06f09ec0a4aca210779cf1cfc63cf19,3.933333333333333,1.0,5.0,1.0
2018-01-01,e0878efa0e0b7e5313ac0b43bc04c081,4.2,2.0,5.0,1.0
2018-01-01,e09887ca8c7bf8a4621ce481820414ef,2.3333333333333335,1.0,5.0,1.0
2018-01-01,e0a366315b1b726b6c7832d664c0f530,4.416666666666667,1.0,5.0,1.0
2018-01-01,e174dc2de86d60fee178170a154c05e7,1.0,1.0,1.0,1.0
2018-01-01,e1b12447a7563944843191754aeb5562,4.375,1.0,5.0,1.0
2018-01-01,e21a1e8be4715b0fcfd5385643bc49c4,3.4545454545454546,1.0,5.0,1.0
2018-01-01,e24fc9fcd865784fb25705606fe3dfe7,4.476190476190476,2.0,5.0,1.0
2018-01-01,e26901d5ab434ce92fd9b5c256820a4e,4.088888888888889,1.0,5.0,1.0
2018-01-01,e2a1ac9bf33e5549a2a4f834e70df2f8,5.0,5.0,5.0,1.0
2018-01-01,e2aee0892199b1d92530e371abd825bf,4.555555555555555,3.0,5.0,1.0
2018-01-01,e333046ce6517bd8bb510291d44f0130,4.64,3.0,5.0,1.0
2018-01-01,e38db885400cd35c71dfd162f2c1dbcf,4.857142857142857,4.0,5.0,1.0
2018-01-01,e3e290b38963293022cdcd6db8328103,3.3333333333333335,1.0,5.0,1.0
2018-01-01,e48b04bf1aa1ef711caebeb7aede6180,4.25,1.0,5.0,1.0
2018-01-01,e48cc16ab70bfa09e1401740dce0b3d7,4.4,3.0,5.0,1.0
2018-01-01,e49c26c3edfa46d227d5121a6b6e4d37,4.25,1.0,5.0,1.0
2018-01-01,e4ebd3f87bf70440014f07ddda7fbe03,4.5,4.0,5.0,1.0
2018-01-01,e4fc40017a6d22c46a14ac2e17f87c3e,1.0,1.0,1.0,1.0
2018-01-01,e5475dcab1e07b63d7f6e902d8f5eda8,3.625,1.0,5.0,1.0
2018-01-01,e59aa562b9f8076dd550fcddf0e73491,4.066666666666666,1.0,5.0,1.0
2018-01-01,e59e489e2ea74bd409b798b5daf49de3,3.0,3.0,3.0,1.0
2018-01-01,e5a3438891c0bfdb9394643f95273d8e,3.839622641509434,1.0,5.0,0.9906542056074766
2018-01-01,e5a38146df062edaf55c38afa99e42dc,3.8181818181818183,1.0,5.0,1.0
2018-01-01,e5bd51692380fd8cabb19b756b95e714,3.0,1.0,5.0,1.0
2018-01-01,e5d4b2b0c3bca22085f7a19a28de0c42,4.5,4.0,5.0,1.0
2018-01-01,e5e33c0d8e7e002f398f5dc4cbbb338f,3.6666666666666665,1.0,5.0,1.0
2018-01-01,e5f9e61ceb5f523cc966e0f34095032f,5.0,5.0,5.0,1.0
2018-01-01,e627629ba868740e287800f1a9be81c2,3.75,1.0,5.0,1.0
2018-01-01,e628d4a53c109f09ca88098338b3a3f5,1.0,1.0,1.0,1.0
2018-01-01,e62b2d6ac10570a035a30bafcf01d263,3.9,1.0,5.0,1.0
2018-01-01,e63e8bfa530fb16910dd6956e592bb81,4.454545454545454,1.0,5.0,1.0
2018-01-01,e64d65bc8dbec2accda90c58de5d1246,4.666666666666667,4.0,5.0,1.0
2018-01-01,e6a69c4a27dfdd98ffe5aa757ad744bc,4.0,1.0,5.0,1.0
2018-01-01,e732329483fd5f27367dd997b47f598a,5.0,5.0,5.0,1.0
2018-01-01,e76ecc7e9a1a1e3c6df9d2a8261c423d,5.0,5.0,5.0,1.0
2018-01-01,e7d5b006eb624f13074497221eb37807,4.0,1.0,5.0,1.0
2018-01-01,e7df4cd29ab5abab70fb0783ddb53987,4.666666666666667,4.0,5.0,1.0
2018-01-01,e7f3bf1ecd8526eb7f3b18059e6716e5,3.6,1.0,5.0,1.0
2018-01-01,e81e1f9c3e762e620f3fb60a51499e16,4.6,4.0,5.0,0.8333333333333334
2018-01-01,e82de6494d91d3c4c54450f59b227a94,5.0,5.0,5.0,1.0
2018-01-01,e84ad2127668df3aafc6b73531a0beb8,5.0,5.0,5.0,1.0
2018-01-01,e88c9b79e592e370d6bd852eeefbf057,4.5,4.0,5.0,1.0
2018-01-01,e8b3a3a38279a82f0e5d006d5e5b7d2c,3.9,1.0,5.0,1.0
2018-01-01,e8f6dc8e6a1dcde89d20e3995c8d90b3,4.055555555555555,1.0,5.0,1.0
2018-01-01,e9511df20ccd82658a30c37b7fb343af,3.0,1.0,5.0,1.0
2018-01-01,e96498ed8daaa3e9c23f7a62da76591c,4.583333333333333,1.0,5.0,1.0
2018-01-01,e9779976487b77c6d4ac45f75ec7afe9,4.315476190476191,1.0,5.0,0.9940828402366864
2018-01-01,e99e927c81e3f51739c94fcdfca9f10f,3.5384615384615383,1.0,5.0,1.0
2018-01-01,e9b6c33b71b67737693b4cfa68341c8d,4.0,4.0,4.0,1.0
2018-01-01,e9bc59e7b60fc3063eb2290deda4cced,3.981818181818182,1.0,5.0,1.0
2018-01-01,e9c6969d40e6a3d2d0f90013165c2b98,4.6,4.0,5.0,1.0
2018-01-01,e9d99831abad74458942f21e16f33f92,4.015625,1.0,5.0,1.0
2018-01-01,ea566164622c6b439516ab18062c42cd,4.5,3.0,5.0,1.0
2018-01-01,ea8482cd71df3c1969d7b9473ff13abc,4.058997050147493,1.0,5.0,0.9941348973607038
2018-01-01,ead2bab70821ea148476ae9bc08548ac,4.0,3.0,5.0,1.0
2018-01-01,eae9af4811c294c56795d70e715b7337,5.0,5.0,5.0,1.0
2018-01-01,eb3071b9f0b0ddaa2df5ea130f09f26b,4.666666666666667,4.0,5.0,1.0
2018-01-01,eb4df17aed01d918c65f0f8d650900c0,2.0,1.0,3.0,1.0
2018-01-01,eb5b6204dde3a6e03b5f1bb8479f055b,4.0,4.0,4.0,1.0
2018-01-01,eba88037e1dca898cd02881f67ced679,5.0,5.0,5.0,1.0
2018-01-01,ebd2d60905fb58271facef5596b620d3,4.0,1.0,5.0,1.0
2018-01-01,ec21206b7894c503788a684a7bc822a6,2.6666666666666665,1.0,4.0,1.0
2018-01-01,ec4608a1f76453166bb312b2968aeaf4,2.875,1.0,5.0,1.0
2018-01-01,ec8879960bd2221d5c32f8e12f7da711,4.823529411764706,3.0,5.0,1.0
2018-01-01,ec933281fb017b5020d06df29c3f77e8,5.0,5.0,5.0,1.0
2018-01-01,ececbfcff9804a2d6b40f589df8eef2b,4.277777777777778,1.0,5.0,1.0
2018-01-01,ed4311e67debd72b8610a5347a743087,1.0,1.0,1.0,1.0
2018-01-01,ed4acab38528488b65a9a9c603ff024a,3.5454545454545454,1.0,5.0,1.0
2018-01-01,edb1ef5e36e0c8cd84eb3c9b003e486d,4.564102564102564,2.0,5.0,1.0
2018-01-01,edd066cd02126d7800f9b66e980e9931,5.0,5.0,5.0,1.0
2018-01-01,eddd1991bd6d9309995a480c39b95137,2.6666666666666665,1.0,4.0,1.0
2018-01-01,edf96ef93ed595084bbcbd9224bd2894,4.0,3.0,5.0,1.0
2018-01-01,eeb6de78f79159600292e314a77cbd18,4.625,3.0,5.0,1.0
2018-01-01,eed78ac17f7f795a19a709745f00cd4e,4.125,1.0,5.0,1.0
2018-01-01,ef0ace09169ac090589d85746e3e036f,4.611111111111111,3.0,5.0,1.0
2018-01-01,ef30892870c278497523264be1be2241,4.0,1.0,5.0,1.0
2018-01-01,ef506c96320abeedfb894c34db06f478,3.909090909090909,1.0,5.0,0.983739837398374
2018-01-01,ef990a83bbea832f36ebe81376335aa8,3.857142857142857,1.0,5.0,1.0
2018-01-01,efb628aa07c8ca93d7db0d85b91a4f5a,4.0,4.0,4.0,1.0
2018-01-01,efcd8d2104f1a05d028af7bad20d974b,4.166666666666667,1.0,5.0,1.0
2018-01-01,f00e21b1e91a79653163b7fd8f293ff1,4.0,1.0,5.0,0.9473684210526315
2018-01-01,f021c962aaba8ef6eb527a9c2c8394d1,5.0,5.0,5.0,1.0
2018-01-01,f0837c8d71434931d9e38e7b79234797,5.0,5.0,5.0,1.0
2018-01-01,f08a5b9dd6767129688d001acafc21e5,4.111111111111111,1.0,5.0,1.0
2018-01-01,f08c008c8a8d31417763738a1788a2a8,3.588235294117647,1.0,5.0,0.9444444444444444
2018-01-01,f0b47fbbc6dee9aafe415a6e33051b3f,4.0,1.0,5.0,1.0
2018-01-01,f0e103c63864d5405b958d984b6e94c9,4.714285714285714,4.0,5.0,1.0
2018-01-01,f1198c871e0171278b63f40d112caeec,4.5,4.0,5.0,1.0
2018-01-01,f181738b150df1f37cb0bd72e705b193,5.0,5.0,5.0,1.0
2018-01-01,f19516b9ff26bfeb091b30108db4ddbd,2.6,1.0,5.0,1.0
2018-01-01,f1c1ac3f3efc07e659c035008e615e66,4.0,4.0,4.0,1.0
2018-01-01,f1ed6bd0a9b11b581f16c851c6a5a527,4.333333333333333,3.0,5.0,1.0
2018-01-01,f1fd5ab1181f827ffad998c1a5de7d74,4.5,4.0,5.0,1.0
2018-01-01,f214d28e8d8e3ef068748498ccc2f813,3.5,1.0,5.0,1.0
2018-01-01,f2336e113377dd21c744d9c4fc8293a9,4.0,3.0,5.0,1.0
2018-01-01,f25e239052084705e17a982bc600ab2a,3.3333333333333335,1.0,5.0,1.0
2018-01-01,f262cbc1c910c83959f849465454ddd3,4.0,1.0,5.0,1.0
2018-01-01,f266295f49a28eee21f413e0cbb0521d,4.5,4.0,5.0,1.0
2018-01-01,f27e33c6d29b5138fa9967bcd445b6d5,3.9038461538461537,1.0,5.0,1.0
2018-01-01,f3055483058c84d75ca2a3314fb4deef,1.0,1.0,1.0,1.0
2018-01-01,f326006815956455b2859abd58fe7e39,5.0,5.0,5.0,1.0
2018-01-01,f3295428338a40977a03f555246a70f4,3.0,1.0,5.0,1.0
2018-01-01,f3511c85f59f8dec53d140501ee8e7a8,5.0,5.0,5.0,1.0
2018-01-01,f35becee938e982bd615edf8ef12bcfb,2.0,2.0,2.0,1.0
2018-01-01,f3b80352b986ab4d1057a4b724be19d0,4.0638297872340425,1.0,5.0,1.0
2018-01-01,f3da5b2ff499efb8d4a6d371d175d7dd,3.066666666666667,1.0,5.0,1.0
2018-01-01,f419677537694f0462a91990df6ca44f,5.0,5.0,5.0,1.0
2018-01-01,f41ce2e25237f9092cd8e6e7516c7a2f,4.2,1.0,5.0,1.0
2018-01-01,f435898e493ba0356019a0b1cb8b55b1,4.0,3.0,5.0,1.0
2018-01-01,f44b6f775a2b390380e0e30b5c9d3eee,5.0,5.0,5.0,1.0
2018-01-01,f44bdc12aa39f5271f0b95f66cd4c289,4.0,4.0,4.0,1.0
2018-01-01,f45122a9ab94eb4f3f8953578bc0c560,4.0344827586206895,1.0,5.0,1.0
2018-01-01,f457c46070d02cadd8a68551231220dd,5.0,5.0,5.0,1.0
2018-01-01,f4a04f7be452aa3bb31760bf00055dd0,4.538461538461538,3.0,5.0,1.0
2018-01-01,f4aba7c0bca51484c30ab7bdc34bcdd1,3.888888888888889,1.0,5.0,0.9
2018-01-01,f4c4daa86e30c7e5a553a8d518ac03a5,3.75,1.0,5.0,1.0
2018-01-01,f4db9b37944bcb8873e6b456ee190bbf,4.6923076923076925,3.0,5.0,1.0
2018-01-01,f593898ec748b7a8cb81fc04edafd98a,3.230769230769231,1.0,5.0,1.0
2018-01-01,f5a590cf36251cf1162ea35bef76fe84,3.923076923076923,1.0,5.0,1.0
2018-01-01,f5b44895715ddfe3087dc414f30268f3,3.4285714285714284,1.0,5.0,1.0
2018-01-01,f5f2ab9bdb6b30c14c61be68c5ed37da,4.2,1.0,5.0,1.0
2018-01-01,f5f46307a4d15880ca14fab4ad9dfc9b,4.111111111111111,1.0,5.0,1.0
2018-01-01,f6122bc84774df1b372bdb3bb88ddb9f,3.0,1.0,5.0,1.0
2018-01-01,f615fe7efbef0f4f08fd3086bc7a3e60,4.3478260869565215,1.0,5.0,1.0
2018-01-01,f61c63d13f7cd800549d5acdd390ae72,4.0,1.0,5.0,1.0
2018-01-01,f63d8f293af3a6454377546bd9dd19ff,4.583333333333333,1.0,5.0,1.0
2018-01-01,f650a9708fa1bab22bdd8d3a818cc415,1.0,1.0,1.0,1.0
2018-01-01,f664f98bfda2eaf266a23ff144e7a872,3.0,1.0,5.0,1.0
2018-01-01,f67efa3f0b6761102a7f8c6b7b571f5d,4.666666666666667,3.0,5.0,1.0
2018-01-01,f680f85bee2d253556ac91be391d2c82,4.3,1.0,5.0,1.0
2018-01-01,f682e0f848abafc6f41e0d4e868c66ef,4.0,4.0,4.0,1.0
2018-01-01,f7496d659ca9fdaf323c0aae84176632,4.125,1.0,5.0,1.0
2018-01-01,f7720c4fa8e3aba4546301ab80ea1f1b,4.2727272727272725,3.0,5.0,1.0
2018-01-01,f789d2c4f2c2eb38fc4373e7a4b35264,4.2,1.0,5.0,1.0
2018-01-01,f7ba60f8c3f99e7ee4042fdef03b70c4,4.088888888888889,1.0,5.0,1.0
2018-01-01,f7ccf836d21b2fb1de37564105216cc1,3.0,1.0,5.0,1.0
2018-01-01,f7df46c1e0ec44eed5c6726478da4a17,1.0,1.0,1.0,1.0
2018-01-01,f805b96fa705ba7995a221f1749dc141,4.0,3.0,5.0,1.0
2018-01-01,f80edd2c5aaa505cc4b0a3b219abf4b8,3.933333333333333,1.0,5.0,1.0
2018-01-01,f8201cab383e484733266d1906e2fdfa,4.6,3.0,5.0,1.0
2018-01-01,f84a00e60c73a49e7e851c9bdca3a5bb,4.241379310344827,1.0,5.0,1.0
2018-01-01,f84fa566034f5e8e880a07ec624c56af,5.0,5.0,5.0,1.0
2018-01-01,f8d5c7085db9a4ad2b8c1ffbeb2798c8,5.0,5.0,5.0,1.0
2018-01-01,f8db351d8c4c4c22c6835c19a46f01b0,4.393034825870647,1.0,5.0,0.995049504950495
2018-01-01,f8e2c1b59cd4225a3e4fd0d013a76b93,5.0,5.0,5.0,1.0
2018-01-01,f8f35af4634605e6693c17cc3ffff5a8,5.0,5.0,5.0,1.0
2018-01-01,f918546be4bec7104d117789ba758b2b,5.0,5.0,5.0,1.0
2018-01-01,f9244d45189d3a3605499abddeade7d5,4.666666666666667,3.0,5.0,1.0
2018-01-01,f97e2b0650c2068227e1d366140eb62f,3.6666666666666665,1.0,5.0,1.0
2018-01-01,f9903dd0f812c7e771fcad47b6fff231,1.0,1.0,1.0,1.0
2018-01-01,f9bbdd976532d50b7816d285a22bd01e,5.0,5.0,5.0,1.0
2018-01-01,fa14641f57b655e933124a9ea49cd7a5,4.4,4.0,5.0,1.0
2018-01-01,fa1a9dec3a9940c072684a46728bf1fc,3.6666666666666665,1.0,5.0,1.0
2018-01-01,fa1c13f2614d7b5c4749cbc52fecda94,4.481481481481482,1.0,5.0,1.0
2018-01-01,fa40cc5b934574b62717c68f3d678b6d,4.580357142857143,1.0,5.0,1.0
2018-01-01,fa74b2f3287d296e9fbd2cc80f2d1cf1,2.3636363636363638,1.0,5.0,1.0
2018-01-01,fa7ad8ae9bcb2c4493fdf38e96b1d74f,1.0,1.0,1.0,1.0
2018-01-01,fa8d335d68129e464e60c1826a683e96,4.0,4.0,4.0,1.0
2018-01-01,fb8904a8ea99f8831b64ce27db2c1765,4.5,4.0,5.0,1.0
2018-01-01,fb89df7f89fd1b8f03fa2acca1ba7364,4.333333333333333,3.0,5.0,1.0
2018-01-01,fbc14c0cf93505ef89f64665ffa4a7b5,4.4,4.0,5.0,0.8333333333333334
2018-01-01,fc38b5dceee1a730fad8853453437fbd,4.5,4.0,5.0,1.0
2018-01-01,fc6295add6f51a0936407ead70c1001d,1.0,1.0,1.0,1.0
2018-01-01,fc906263ca5083d09dce42fe02247800,4.333333333333333,1.0,5.0,1.0
2018-01-01,fc908879b9ca1bd65419e54e50432d38,5.0,5.0,5.0,1.0
2018-01-01,fcb5ace8bcc92f75707dc0f01a27d269,3.5,1.0,5.0,0.9333333333333333
2018-01-01,fcba71d4d5db057f43249145e4eb1e27,5.0,5.0,5.0,1.0
2018-01-01,fce62094ffe6a4009188ec44e681dfdd,5.0,5.0,5.0,1.0
2018-01-01,fdaaf5bfda82b7b80535610c831b8d09,4.2,1.0,5.0,1.0
2018-01-01,fdb9095204a334cd8872252ffec6f2db,4.269230769230769,1.0,5.0,1.0
2018-01-01,fde0cc9ea29c8ccfc0a2c22256a58c71,4.714285714285714,3.0,5.0,1.0
2018-01-01,fe1bbc5feda5c8979a8a1b3b2512d5a6,3.0,3.0,3.0,1.0
2018-01-01,fe2032dab1a61af8794248c8196565c9,4.219512195121951,1.0,5.0,1.0
2018-01-01,fe26f3ecb51a15e6d8335cd92da42562,5.0,5.0,5.0,1.0
2018-01-01,fe49ee029e61e789a1f3a5525f57ba8d,4.0,2.0,5.0,1.0
2018-01-01,fe4cd9461203cee790d36792420b310f,3.0,3.0,3.0,1.0
2018-01-01,fe701d88b67eaca109dffd464d1be9f9,5.0,5.0,5.0,1.0
2018-01-01,febab0275244b9a49a623f0bd613ca2f,4.40625,1.0,5.0,1.0
2018-01-01,ff063b022a9a0aab91bad2c9088760b7,4.380952380952381,2.0,5.0,0.9545454545454546
2018-01-01,ff4e2d38692ce827b1a4f4b8196e680d,4.0,4.0,4.0,1.0
2018-01-01,ff4ea69c2a729e83e63c7579e4ef8170,1.0,1.0,1.0,1.0
2018-01-01,ff69aa92bb6b1bf9b8b7a51c2ed9cf8b,3.5,1.0,5.0,1.0
2018-01-01,ff82e8873fba613f2261a9acc896fd84,3.0,3.0,3.0,1.0
2018-01-01,ffdd9f82b9a447f6f8d4b91554cc7dd3,4.333333333333333,2.0,5.0,1.0
2018-01-01,ffeee66ac5d5a62fe688b9d26f83f534,4.333333333333333,1.0,5.0,1.0
2018-01-01,fffd5413c0700ac820c7069d66d98c89,3.4444444444444446,1.0,5.0,0.9473684210526315
